# File: examples/data/range_tdp/chain_surge_5m_30s_dt005.txt
# Fairlead surge of chain_range_tdp.dat with a C2 smooth start.
# The 5 m, 30 s harmonic surge reaches full amplitude after a 15 s quintic ramp.
# Columns: time(s) point_id x(m) y(m) z(m) vx(m/s) vy(m/s) vz(m/s) ax(m/s2) ay(m/s2) az(m/s2)
0.00  2  0.0000000000e+00  0.0000000000e+00  0.0000000000e+00  0.0000000000e+00  0.0000000000e+00  0.0000000000e+00  0.0000000000e+00  0.0000000000e+00  0.0000000000e+00
0.05  2  1.9295361125e-08  0.0000000000e+00  0.0000000000e+00  1.5416807354e-06  0.0000000000e+00  0.0000000000e+00  9.2305852789e-05  0.0000000000e+00  0.0000000000e+00
0.10  2  3.0716376517e-07  0.0000000000e+00  0.0000000000e+00  1.2255241134e-05  0.0000000000e+00  0.0000000000e+00  3.6608901434e-04  0.0000000000e+00  0.0000000000e+00
0.15  2  1.5470741169e-06  0.0000000000e+00  0.0000000000e+00  4.1096119082e-05  0.0000000000e+00  0.0000000000e+00  8.1660246679e-04  0.0000000000e+00  0.0000000000e+00
0.20  2  4.8643090241e-06  0.0000000000e+00  0.0000000000e+00  9.6780943852e-05  0.0000000000e+00  0.0000000000e+00  1.4390414762e-03  0.0000000000e+00  0.0000000000e+00
0.25  2  1.1813953703e-05  0.0000000000e+00  0.0000000000e+00  1.8778473912e-04  0.0000000000e+00  0.0000000000e+00  2.2285471435e-03  0.0000000000e+00  0.0000000000e+00
0.30  2  2.4368749467e-05  0.0000000000e+00  0.0000000000e+00  3.2233830327e-04  0.0000000000e+00  0.0000000000e+00  3.1802099452e-03  0.0000000000e+00  0.0000000000e+00
0.35  2  4.4906820656e-05  0.0000000000e+00  0.0000000000e+00  5.0842576642e-04  0.0000000000e+00  0.0000000000e+00  4.2890732608e-03  0.0000000000e+00  0.0000000000e+00
0.40  2  7.6199283812e-05  0.0000000000e+00  0.0000000000e+00  7.5378232347e-04  0.0000000000e+00  0.0000000000e+00  5.5501368873e-03  0.0000000000e+00  0.0000000000e+00
0.45  2  1.2139774791e-04  0.0000000000e+00  0.0000000000e+00  1.0658921426e-03  0.0000000000e+00  0.0000000000e+00  6.9583605383e-03  0.0000000000e+00  0.0000000000e+00
0.50  2  1.8402171435e-04  0.0000000000e+00  0.0000000000e+00  1.4519864480e-03  0.0000000000e+00  0.0000000000e+00  8.5086673271e-03  0.0000000000e+00  0.0000000000e+00
0.55  2  2.6794588548e-04  0.0000000000e+00  0.0000000000e+00  1.9190417770e-03  0.0000000000e+00  0.0000000000e+00  1.0195947232e-02  0.0000000000e+00  0.0000000000e+00
0.60  2  3.7738739025e-04  0.0000000000e+00  0.0000000000e+00  2.4737784092e-03  0.0000000000e+00  0.0000000000e+00  1.2015060542e-02  0.0000000000e+00  0.0000000000e+00
0.65  2  5.1689293567e-04  0.0000000000e+00  0.0000000000e+00  3.1226589678e-03  0.0000000000e+00  0.0000000000e+00  1.3960841283e-02  0.0000000000e+00  0.0000000000e+00
0.70  2  6.9132589254e-04  0.0000000000e+00  0.0000000000e+00  3.8718871917e-03  0.0000000000e+00  0.0000000000e+00  1.6028100625e-02  0.0000000000e+00  0.0000000000e+00
0.75  2  9.0585332412e-04  0.0000000000e+00  0.0000000000e+00  4.7274068774e-03  0.0000000000e+00  0.0000000000e+00  1.8211630259e-02  0.0000000000e+00  0.0000000000e+00
0.80  2  1.1659329660e-03  0.0000000000e+00  0.0000000000e+00  5.6949009891e-03  0.0000000000e+00  0.0000000000e+00  2.0506205759e-02  0.0000000000e+00  0.0000000000e+00
0.85  2  1.4773001659e-03  0.0000000000e+00  0.0000000000e+00  6.7797909361e-03  0.0000000000e+00  0.0000000000e+00  2.2906589913e-02  0.0000000000e+00  0.0000000000e+00
0.90  2  1.8459547911e-03  0.0000000000e+00  0.0000000000e+00  7.9872360165e-03  0.0000000000e+00  0.0000000000e+00  2.5407536028e-02  0.0000000000e+00  0.0000000000e+00
0.95  2  2.2781481123e-03  0.0000000000e+00  0.0000000000e+00  9.3221330251e-03  0.0000000000e+00  0.0000000000e+00  2.8003791214e-02  0.0000000000e+00  0.0000000000e+00
1.00  2  2.7803696728e-03  0.0000000000e+00  0.0000000000e+00  1.0789116025e-02  0.0000000000e+00  0.0000000000e+00  3.0690099625e-02  0.0000000000e+00  0.0000000000e+00
1.05  2  3.3593341484e-03  0.0000000000e+00  0.0000000000e+00  1.2392556280e-02  0.0000000000e+00  0.0000000000e+00  3.3461205687e-02  0.0000000000e+00  0.0000000000e+00
1.10  2  4.0219682101e-03  0.0000000000e+00  0.0000000000e+00  1.4136562349e-02  0.0000000000e+00  0.0000000000e+00  3.6311857282e-02  0.0000000000e+00  0.0000000000e+00
1.15  2  4.7753973942e-03  0.0000000000e+00  0.0000000000e+00  1.6024980337e-02  0.0000000000e+00  0.0000000000e+00  3.9236808909e-02  0.0000000000e+00  0.0000000000e+00
1.20  2  5.6269329887e-03  0.0000000000e+00  0.0000000000e+00  1.8061394304e-02  0.0000000000e+00  0.0000000000e+00  4.2230824801e-02  0.0000000000e+00  0.0000000000e+00
1.25  2  6.5840589454e-03  0.0000000000e+00  0.0000000000e+00  2.0249126830e-02  0.0000000000e+00  0.0000000000e+00  4.5288682022e-02  0.0000000000e+00  0.0000000000e+00
1.30  2  7.6544188224e-03  0.0000000000e+00  0.0000000000e+00  2.2591239733e-02  0.0000000000e+00  0.0000000000e+00  4.8405173512e-02  0.0000000000e+00  0.0000000000e+00
1.35  2  8.8458027675e-03  0.0000000000e+00  0.0000000000e+00  2.5090534938e-02  0.0000000000e+00  0.0000000000e+00  5.1575111113e-02  0.0000000000e+00  0.0000000000e+00
1.40  2  1.0166134549e-02  0.0000000000e+00  0.0000000000e+00  2.7749555494e-02  0.0000000000e+00  0.0000000000e+00  5.4793328541e-02  0.0000000000e+00  0.0000000000e+00
1.45  2  1.1623458638e-02  0.0000000000e+00  0.0000000000e+00  3.0570586749e-02  0.0000000000e+00  0.0000000000e+00  5.8054684334e-02  0.0000000000e+00  0.0000000000e+00
1.50  2  1.3225927359e-02  0.0000000000e+00  0.0000000000e+00  3.3555657654e-02  0.0000000000e+00  0.0000000000e+00  6.1354064746e-02  0.0000000000e+00  0.0000000000e+00
1.55  2  1.4981788105e-02  0.0000000000e+00  0.0000000000e+00  3.6706542229e-02  0.0000000000e+00  0.0000000000e+00  6.4686386618e-02  0.0000000000e+00  0.0000000000e+00
1.60  2  1.6899370628e-02  0.0000000000e+00  0.0000000000e+00  4.0024761158e-02  0.0000000000e+00  0.0000000000e+00  6.8046600187e-02  0.0000000000e+00  0.0000000000e+00
1.65  2  1.8987074417e-02  0.0000000000e+00  0.0000000000e+00  4.3511583528e-02  0.0000000000e+00  0.0000000000e+00  7.1429691874e-02  0.0000000000e+00  0.0000000000e+00
1.70  2  2.1253356165e-02  0.0000000000e+00  0.0000000000e+00  4.7168028713e-02  0.0000000000e+00  0.0000000000e+00  7.4830687011e-02  0.0000000000e+00  0.0000000000e+00
1.75  2  2.3706717333e-02  0.0000000000e+00  0.0000000000e+00  5.0994868378e-02  0.0000000000e+00  0.0000000000e+00  7.8244652535e-02  0.0000000000e+00  0.0000000000e+00
1.80  2  2.6355691815e-02  0.0000000000e+00  0.0000000000e+00  5.4992628633e-02  0.0000000000e+00  0.0000000000e+00  8.1666699633e-02  0.0000000000e+00  0.0000000000e+00
1.85  2  2.9208833720e-02  0.0000000000e+00  0.0000000000e+00  5.9161592307e-02  0.0000000000e+00  0.0000000000e+00  8.5091986342e-02  0.0000000000e+00  0.0000000000e+00
1.90  2  3.2274705267e-02  0.0000000000e+00  0.0000000000e+00  6.3501801356e-02  0.0000000000e+00  0.0000000000e+00  8.8515720099e-02  0.0000000000e+00  0.0000000000e+00
1.95  2  3.5561864803e-02  0.0000000000e+00  0.0000000000e+00  6.8013059394e-02  0.0000000000e+00  0.0000000000e+00  9.1933160252e-02  0.0000000000e+00  0.0000000000e+00
2.00  2  3.9078854952e-02  0.0000000000e+00  0.0000000000e+00  7.2694934351e-02  0.0000000000e+00  0.0000000000e+00  9.5339620514e-02  0.0000000000e+00  0.0000000000e+00
2.05  2  4.2834190899e-02  0.0000000000e+00  0.0000000000e+00  7.7546761256e-02  0.0000000000e+00  0.0000000000e+00  9.8730471373e-02  0.0000000000e+00  0.0000000000e+00
2.10  2  4.6836348819e-02  0.0000000000e+00  0.0000000000e+00  8.2567645125e-02  0.0000000000e+00  0.0000000000e+00  1.0210114245e-01  0.0000000000e+00  0.0000000000e+00
2.15  2  5.1093754452e-02  0.0000000000e+00  0.0000000000e+00  8.7756463987e-02  0.0000000000e+00  0.0000000000e+00  1.0544712481e-01  0.0000000000e+00  0.0000000000e+00
2.20  2  5.5614771826e-02  0.0000000000e+00  0.0000000000e+00  9.3111872003e-02  0.0000000000e+00  0.0000000000e+00  1.0876397322e-01  0.0000000000e+00  0.0000000000e+00
2.25  2  6.0407692151e-02  0.0000000000e+00  0.0000000000e+00  9.8632302716e-02  0.0000000000e+00  0.0000000000e+00  1.1204730834e-01  0.0000000000e+00  0.0000000000e+00
2.30  2  6.5480722866e-02  0.0000000000e+00  0.0000000000e+00  1.0431597239e-01  0.0000000000e+00  0.0000000000e+00  1.1529281892e-01  0.0000000000e+00  0.0000000000e+00
2.35  2  7.0841976864e-02  0.0000000000e+00  0.0000000000e+00  1.1016088347e-01  0.0000000000e+00  0.0000000000e+00  1.1849626385e-01  0.0000000000e+00  0.0000000000e+00
2.40  2  7.6499461888e-02  0.0000000000e+00  0.0000000000e+00  1.1616482816e-01  0.0000000000e+00  0.0000000000e+00  1.2165347422e-01  0.0000000000e+00  0.0000000000e+00
2.45  2  8.2461070112e-02  0.0000000000e+00  0.0000000000e+00  1.2232539203e-01  0.0000000000e+00  0.0000000000e+00  1.2476035535e-01  0.0000000000e+00  0.0000000000e+00
2.50  2  8.8734567901e-02  0.0000000000e+00  0.0000000000e+00  1.2863995785e-01  0.0000000000e+00  0.0000000000e+00  1.2781288869e-01  0.0000000000e+00  0.0000000000e+00
2.55  2  9.5327585768e-02  0.0000000000e+00  0.0000000000e+00  1.3510570939e-01  0.0000000000e+00  0.0000000000e+00  1.3080713370e-01  0.0000000000e+00  0.0000000000e+00
2.60  2  1.0224760852e-01  0.0000000000e+00  0.0000000000e+00  1.4171963536e-01  0.0000000000e+00  0.0000000000e+00  1.3373922972e-01  0.0000000000e+00  0.0000000000e+00
2.65  2  1.0950196561e-01  0.0000000000e+00  0.0000000000e+00  1.4847853351e-01  0.0000000000e+00  0.0000000000e+00  1.3660539769e-01  0.0000000000e+00  0.0000000000e+00
2.70  2  1.1709782169e-01  0.0000000000e+00  0.0000000000e+00  1.5537901469e-01  0.0000000000e+00  0.0000000000e+00  1.3940194193e-01  0.0000000000e+00  0.0000000000e+00
2.75  2  1.2504216737e-01  0.0000000000e+00  0.0000000000e+00  1.6241750708e-01  0.0000000000e+00  0.0000000000e+00  1.4212525170e-01  0.0000000000e+00  0.0000000000e+00
2.80  2  1.3334181018e-01  0.0000000000e+00  0.0000000000e+00  1.6959026050e-01  0.0000000000e+00  0.0000000000e+00  1.4477180293e-01  0.0000000000e+00  0.0000000000e+00
2.85  2  1.4200336579e-01  0.0000000000e+00  0.0000000000e+00  1.7689335075e-01  0.0000000000e+00  0.0000000000e+00  1.4733815965e-01  0.0000000000e+00  0.0000000000e+00
2.90  2  1.5103324940e-01  0.0000000000e+00  0.0000000000e+00  1.8432268407e-01  0.0000000000e+00  0.0000000000e+00  1.4982097553e-01  0.0000000000e+00  0.0000000000e+00
2.95  2  1.6043766736e-01  0.0000000000e+00  0.0000000000e+00  1.9187400165e-01  0.0000000000e+00  0.0000000000e+00  1.5221699531e-01  0.0000000000e+00  0.0000000000e+00
3.00  2  1.7022260906e-01  0.0000000000e+00  0.0000000000e+00  1.9954288423e-01  0.0000000000e+00  0.0000000000e+00  1.5452305615e-01  0.0000000000e+00  0.0000000000e+00
3.05  2  1.8039383903e-01  0.0000000000e+00  0.0000000000e+00  2.0732475674e-01  0.0000000000e+00  0.0000000000e+00  1.5673608894e-01  0.0000000000e+00  0.0000000000e+00
3.10  2  1.9095688922e-01  0.0000000000e+00  0.0000000000e+00  2.1521489303e-01  0.0000000000e+00  0.0000000000e+00  1.5885311957e-01  0.0000000000e+00  0.0000000000e+00
3.15  2  2.0191705160e-01  0.0000000000e+00  0.0000000000e+00  2.2320842064e-01  0.0000000000e+00  0.0000000000e+00  1.6087127011e-01  0.0000000000e+00  0.0000000000e+00
3.20  2  2.1327937098e-01  0.0000000000e+00  0.0000000000e+00  2.3130032565e-01  0.0000000000e+00  0.0000000000e+00  1.6278775992e-01  0.0000000000e+00  0.0000000000e+00
3.25  2  2.2504863802e-01  0.0000000000e+00  0.0000000000e+00  2.3948545753e-01  0.0000000000e+00  0.0000000000e+00  1.6459990676e-01  0.0000000000e+00  0.0000000000e+00
3.30  2  2.3722938255e-01  0.0000000000e+00  0.0000000000e+00  2.4775853417e-01  0.0000000000e+00  0.0000000000e+00  1.6630512779e-01  0.0000000000e+00  0.0000000000e+00
3.35  2  2.4982586710e-01  0.0000000000e+00  0.0000000000e+00  2.5611414678e-01  0.0000000000e+00  0.0000000000e+00  1.6790094049e-01  0.0000000000e+00  0.0000000000e+00
3.40  2  2.6284208072e-01  0.0000000000e+00  0.0000000000e+00  2.6454676500e-01  0.0000000000e+00  0.0000000000e+00  1.6938496359e-01  0.0000000000e+00  0.0000000000e+00
3.45  2  2.7628173298e-01  0.0000000000e+00  0.0000000000e+00  2.7305074194e-01  0.0000000000e+00  0.0000000000e+00  1.7075491790e-01  0.0000000000e+00  0.0000000000e+00
3.50  2  2.9014824831e-01  0.0000000000e+00  0.0000000000e+00  2.8162031931e-01  0.0000000000e+00  0.0000000000e+00  1.7200862704e-01  0.0000000000e+00  0.0000000000e+00
3.55  2  3.0444476056e-01  0.0000000000e+00  0.0000000000e+00  2.9024963262e-01  0.0000000000e+00  0.0000000000e+00  1.7314401820e-01  0.0000000000e+00  0.0000000000e+00
3.60  2  3.1917410780e-01  0.0000000000e+00  0.0000000000e+00  2.9893271630e-01  0.0000000000e+00  0.0000000000e+00  1.7415912276e-01  0.0000000000e+00  0.0000000000e+00
3.65  2  3.3433882739e-01  0.0000000000e+00  0.0000000000e+00  3.0766350900e-01  0.0000000000e+00  0.0000000000e+00  1.7505207690e-01  0.0000000000e+00  0.0000000000e+00
3.70  2  3.4994115136e-01  0.0000000000e+00  0.0000000000e+00  3.1643585878e-01  0.0000000000e+00  0.0000000000e+00  1.7582112210e-01  0.0000000000e+00  0.0000000000e+00
3.75  2  3.6598300198e-01  0.0000000000e+00  0.0000000000e+00  3.2524352845e-01  0.0000000000e+00  0.0000000000e+00  1.7646460564e-01  0.0000000000e+00  0.0000000000e+00
3.80  2  3.8246598763e-01  0.0000000000e+00  0.0000000000e+00  3.3408020082e-01  0.0000000000e+00  0.0000000000e+00  1.7698098098e-01  0.0000000000e+00  0.0000000000e+00
3.85  2  3.9939139895e-01  0.0000000000e+00  0.0000000000e+00  3.4293948402e-01  0.0000000000e+00  0.0000000000e+00  1.7736880813e-01  0.0000000000e+00  0.0000000000e+00
3.90  2  4.1676020523e-01  0.0000000000e+00  0.0000000000e+00  3.5181491688e-01  0.0000000000e+00  0.0000000000e+00  1.7762675396e-01  0.0000000000e+00  0.0000000000e+00
3.95  2  4.3457305108e-01  0.0000000000e+00  0.0000000000e+00  3.6069997423e-01  0.0000000000e+00  0.0000000000e+00  1.7775359235e-01  0.0000000000e+00  0.0000000000e+00
4.00  2  4.5283025336e-01  0.0000000000e+00  0.0000000000e+00  3.6958807229e-01  0.0000000000e+00  0.0000000000e+00  1.7774820446e-01  0.0000000000e+00  0.0000000000e+00
4.05  2  4.7153179839e-01  0.0000000000e+00  0.0000000000e+00  3.7847257399e-01  0.0000000000e+00  0.0000000000e+00  1.7760957875e-01  0.0000000000e+00  0.0000000000e+00
4.10  2  4.9067733943e-01  0.0000000000e+00  0.0000000000e+00  3.8734679440e-01  0.0000000000e+00  0.0000000000e+00  1.7733681111e-01  0.0000000000e+00  0.0000000000e+00
4.15  2  5.1026619438e-01  0.0000000000e+00  0.0000000000e+00  3.9620400606e-01  0.0000000000e+00  0.0000000000e+00  1.7692910477e-01  0.0000000000e+00  0.0000000000e+00
4.20  2  5.3029734383e-01  0.0000000000e+00  0.0000000000e+00  4.0503744435e-01  0.0000000000e+00  0.0000000000e+00  1.7638577032e-01  0.0000000000e+00  0.0000000000e+00
4.25  2  5.5076942933e-01  0.0000000000e+00  0.0000000000e+00  4.1384031286e-01  0.0000000000e+00  0.0000000000e+00  1.7570622551e-01  0.0000000000e+00  0.0000000000e+00
4.30  2  5.7168075192e-01  0.0000000000e+00  0.0000000000e+00  4.2260578875e-01  0.0000000000e+00  0.0000000000e+00  1.7488999510e-01  0.0000000000e+00  0.0000000000e+00
4.35  2  5.9302927094e-01  0.0000000000e+00  0.0000000000e+00  4.3132702808e-01  0.0000000000e+00  0.0000000000e+00  1.7393671064e-01  0.0000000000e+00  0.0000000000e+00
4.40  2  6.1481260312e-01  0.0000000000e+00  0.0000000000e+00  4.3999717115e-01  0.0000000000e+00  0.0000000000e+00  1.7284611012e-01  0.0000000000e+00  0.0000000000e+00
4.45  2  6.3702802195e-01  0.0000000000e+00  0.0000000000e+00  4.4860934783e-01  0.0000000000e+00  0.0000000000e+00  1.7161803766e-01  0.0000000000e+00  0.0000000000e+00
4.50  2  6.5967245721e-01  0.0000000000e+00  0.0000000000e+00  4.5715668282e-01  0.0000000000e+00  0.0000000000e+00  1.7025244306e-01  0.0000000000e+00  0.0000000000e+00
4.55  2  6.8274249495e-01  0.0000000000e+00  0.0000000000e+00  4.6563230096e-01  0.0000000000e+00  0.0000000000e+00  1.6874938137e-01  0.0000000000e+00  0.0000000000e+00
4.60  2  7.0623437753e-01  0.0000000000e+00  0.0000000000e+00  4.7402933245e-01  0.0000000000e+00  0.0000000000e+00  1.6710901234e-01  0.0000000000e+00  0.0000000000e+00
4.65  2  7.3014400408e-01  0.0000000000e+00  0.0000000000e+00  4.8234091808e-01  0.0000000000e+00  0.0000000000e+00  1.6533159985e-01  0.0000000000e+00  0.0000000000e+00
4.70  2  7.5446693117e-01  0.0000000000e+00  0.0000000000e+00  4.9056021444e-01  0.0000000000e+00  0.0000000000e+00  1.6341751127e-01  0.0000000000e+00  0.0000000000e+00
4.75  2  7.7919837365e-01  0.0000000000e+00  0.0000000000e+00  4.9868039905e-01  0.0000000000e+00  0.0000000000e+00  1.6136721676e-01  0.0000000000e+00  0.0000000000e+00
4.80  2  8.0433320592e-01  0.0000000000e+00  0.0000000000e+00  5.0669467550e-01  0.0000000000e+00  0.0000000000e+00  1.5918128858e-01  0.0000000000e+00  0.0000000000e+00
4.85  2  8.2986596329e-01  0.0000000000e+00  0.0000000000e+00  5.1459627852e-01  0.0000000000e+00  0.0000000000e+00  1.5686040023e-01  0.0000000000e+00  0.0000000000e+00
4.90  2  8.5579084371e-01  0.0000000000e+00  0.0000000000e+00  5.2237847903e-01  0.0000000000e+00  0.0000000000e+00  1.5440532563e-01  0.0000000000e+00  0.0000000000e+00
4.95  2  8.8210170966e-01  0.0000000000e+00  0.0000000000e+00  5.3003458915e-01  0.0000000000e+00  0.0000000000e+00  1.5181693821e-01  0.0000000000e+00  0.0000000000e+00
5.00  2  9.0879209039e-01  0.0000000000e+00  0.0000000000e+00  5.3755796712e-01  0.0000000000e+00  0.0000000000e+00  1.4909621001e-01  0.0000000000e+00  0.0000000000e+00
5.05  2  9.3585518430e-01  0.0000000000e+00  0.0000000000e+00  5.4494202224e-01  0.0000000000e+00  0.0000000000e+00  1.4624421057e-01  0.0000000000e+00  0.0000000000e+00
5.10  2  9.6328386162e-01  0.0000000000e+00  0.0000000000e+00  5.5218021970e-01  0.0000000000e+00  0.0000000000e+00  1.4326210600e-01  0.0000000000e+00  0.0000000000e+00
5.15  2  9.9107066737e-01  0.0000000000e+00  0.0000000000e+00  5.5926608539e-01  0.0000000000e+00  0.0000000000e+00  1.4015115779e-01  0.0000000000e+00  0.0000000000e+00
5.20  2  1.0192078244e+00  0.0000000000e+00  0.0000000000e+00  5.6619321063e-01  0.0000000000e+00  0.0000000000e+00  1.3691272168e-01  0.0000000000e+00  0.0000000000e+00
5.25  2  1.0476872371e+00  0.0000000000e+00  0.0000000000e+00  5.7295525686e-01  0.0000000000e+00  0.0000000000e+00  1.3354824650e-01  0.0000000000e+00  0.0000000000e+00
5.30  2  1.0765004944e+00  0.0000000000e+00  0.0000000000e+00  5.7954596026e-01  0.0000000000e+00  0.0000000000e+00  1.3005927287e-01  0.0000000000e+00  0.0000000000e+00
5.35  2  1.1056388743e+00  0.0000000000e+00  0.0000000000e+00  5.8595913631e-01  0.0000000000e+00  0.0000000000e+00  1.2644743194e-01  0.0000000000e+00  0.0000000000e+00
5.40  2  1.1350933475e+00  0.0000000000e+00  0.0000000000e+00  5.9218868429e-01  0.0000000000e+00  0.0000000000e+00  1.2271444402e-01  0.0000000000e+00  0.0000000000e+00
5.45  2  1.1648545820e+00  0.0000000000e+00  0.0000000000e+00  5.9822859168e-01  0.0000000000e+00  0.0000000000e+00  1.1886211724e-01  0.0000000000e+00  0.0000000000e+00
5.50  2  1.1949129473e+00  0.0000000000e+00  0.0000000000e+00  6.0407293856e-01  0.0000000000e+00  0.0000000000e+00  1.1489234609e-01  0.0000000000e+00  0.0000000000e+00
5.55  2  1.2252585194e+00  0.0000000000e+00  0.0000000000e+00  6.0971590183e-01  0.0000000000e+00  0.0000000000e+00  1.1080710995e-01  0.0000000000e+00  0.0000000000e+00
5.60  2  1.2558810856e+00  0.0000000000e+00  0.0000000000e+00  6.1515175947e-01  0.0000000000e+00  0.0000000000e+00  1.0660847158e-01  0.0000000000e+00  0.0000000000e+00
5.65  2  1.2867701499e+00  0.0000000000e+00  0.0000000000e+00  6.2037489465e-01  0.0000000000e+00  0.0000000000e+00  1.0229857557e-01  0.0000000000e+00  0.0000000000e+00
5.70  2  1.3179149379e+00  0.0000000000e+00  0.0000000000e+00  6.2537979977e-01  0.0000000000e+00  0.0000000000e+00  9.7879646709e-02  0.0000000000e+00  0.0000000000e+00
5.75  2  1.3493044027e+00  0.0000000000e+00  0.0000000000e+00  6.3016108045e-01  0.0000000000e+00  0.0000000000e+00  9.3353988401e-02  0.0000000000e+00  0.0000000000e+00
5.80  2  1.3809272308e+00  0.0000000000e+00  0.0000000000e+00  6.3471345941e-01  0.0000000000e+00  0.0000000000e+00  8.8723980944e-02  0.0000000000e+00  0.0000000000e+00
5.85  2  1.4127718476e+00  0.0000000000e+00  0.0000000000e+00  6.3903178028e-01  0.0000000000e+00  0.0000000000e+00  8.3992079825e-02  0.0000000000e+00  0.0000000000e+00
5.90  2  1.4448264239e+00  0.0000000000e+00  0.0000000000e+00  6.4311101128e-01  0.0000000000e+00  0.0000000000e+00  7.9160813975e-02  0.0000000000e+00  0.0000000000e+00
5.95  2  1.4770788821e+00  0.0000000000e+00  0.0000000000e+00  6.4694624890e-01  0.0000000000e+00  0.0000000000e+00  7.4232783965e-02  0.0000000000e+00  0.0000000000e+00
6.00  2  1.5095169027e+00  0.0000000000e+00  0.0000000000e+00  6.5053272141e-01  0.0000000000e+00  0.0000000000e+00  6.9210660192e-02  0.0000000000e+00  0.0000000000e+00
6.05  2  1.5421279308e+00  0.0000000000e+00  0.0000000000e+00  6.5386579229e-01  0.0000000000e+00  0.0000000000e+00  6.4097181010e-02  0.0000000000e+00  0.0000000000e+00
6.10  2  1.5748991835e+00  0.0000000000e+00  0.0000000000e+00  6.5694096362e-01  0.0000000000e+00  0.0000000000e+00  5.8895150838e-02  0.0000000000e+00  0.0000000000e+00
6.15  2  1.6078176562e+00  0.0000000000e+00  0.0000000000e+00  6.5975387930e-01  0.0000000000e+00  0.0000000000e+00  5.3607438234e-02  0.0000000000e+00  0.0000000000e+00
6.20  2  1.6408701302e+00  0.0000000000e+00  0.0000000000e+00  6.6230032822e-01  0.0000000000e+00  0.0000000000e+00  4.8236973932e-02  0.0000000000e+00  0.0000000000e+00
6.25  2  1.6740431801e+00  0.0000000000e+00  0.0000000000e+00  6.6457624732e-01  0.0000000000e+00  0.0000000000e+00  4.2786748856e-02  0.0000000000e+00  0.0000000000e+00
6.30  2  1.7073231808e+00  0.0000000000e+00  0.0000000000e+00  6.6657772455e-01  0.0000000000e+00  0.0000000000e+00  3.7259812097e-02  0.0000000000e+00  0.0000000000e+00
6.35  2  1.7406963158e+00  0.0000000000e+00  0.0000000000e+00  6.6830100172e-01  0.0000000000e+00  0.0000000000e+00  3.1659268865e-02  0.0000000000e+00  0.0000000000e+00
6.40  2  1.7741485842e+00  0.0000000000e+00  0.0000000000e+00  6.6974247728e-01  0.0000000000e+00  0.0000000000e+00  2.5988278411e-02  0.0000000000e+00  0.0000000000e+00
6.45  2  1.8076658094e+00  0.0000000000e+00  0.0000000000e+00  6.7089870893e-01  0.0000000000e+00  0.0000000000e+00  2.0250051928e-02  0.0000000000e+00  0.0000000000e+00
6.50  2  1.8412336463e+00  0.0000000000e+00  0.0000000000e+00  6.7176641620e-01  0.0000000000e+00  0.0000000000e+00  1.4447850415e-02  0.0000000000e+00  0.0000000000e+00
6.55  2  1.8748375902e+00  0.0000000000e+00  0.0000000000e+00  6.7234248284e-01  0.0000000000e+00  0.0000000000e+00  8.5849825289e-03  0.0000000000e+00  0.0000000000e+00
6.60  2  1.9084629846e+00  0.0000000000e+00  0.0000000000e+00  6.7262395922e-01  0.0000000000e+00  0.0000000000e+00  2.6648024060e-03  0.0000000000e+00  0.0000000000e+00
6.65  2  1.9420950299e+00  0.0000000000e+00  0.0000000000e+00  6.7260806448e-01  0.0000000000e+00  0.0000000000e+00  -3.3092925400e-03  0.0000000000e+00  0.0000000000e+00
6.70  2  1.9757187913e+00  0.0000000000e+00  0.0000000000e+00  6.7229218867e-01  0.0000000000e+00  0.0000000000e+00  -9.3338638375e-03  0.0000000000e+00  0.0000000000e+00
6.75  2  2.0093192083e+00  0.0000000000e+00  0.0000000000e+00  6.7167389476e-01  0.0000000000e+00  0.0000000000e+00  -1.5405434199e-02  0.0000000000e+00  0.0000000000e+00
6.80  2  2.0428811027e+00  0.0000000000e+00  0.0000000000e+00  6.7075092048e-01  0.0000000000e+00  0.0000000000e+00  -2.1520489783e-02  0.0000000000e+00  0.0000000000e+00
6.85  2  2.0763891875e+00  0.0000000000e+00  0.0000000000e+00  6.6952118015e-01  0.0000000000e+00  0.0000000000e+00  -2.7675482471e-02  0.0000000000e+00  0.0000000000e+00
6.90  2  2.1098280760e+00  0.0000000000e+00  0.0000000000e+00  6.6798276627e-01  0.0000000000e+00  0.0000000000e+00  -3.3866832166e-02  0.0000000000e+00  0.0000000000e+00
6.95  2  2.1431822907e+00  0.0000000000e+00  0.0000000000e+00  6.6613395113e-01  0.0000000000e+00  0.0000000000e+00  -4.0090929101e-02  0.0000000000e+00  0.0000000000e+00
7.00  2  2.1764362719e+00  0.0000000000e+00  0.0000000000e+00  6.6397318818e-01  0.0000000000e+00  0.0000000000e+00  -4.6344136170e-02  0.0000000000e+00  0.0000000000e+00
7.05  2  2.2095743875e+00  0.0000000000e+00  0.0000000000e+00  6.6149911336e-01  0.0000000000e+00  0.0000000000e+00  -5.2622791266e-02  0.0000000000e+00  0.0000000000e+00
7.10  2  2.2425809416e+00  0.0000000000e+00  0.0000000000e+00  6.5871054632e-01  0.0000000000e+00  0.0000000000e+00  -5.8923209633e-02  0.0000000000e+00  0.0000000000e+00
7.15  2  2.2754401839e+00  0.0000000000e+00  0.0000000000e+00  6.5560649142e-01  0.0000000000e+00  0.0000000000e+00  -6.5241686234e-02  0.0000000000e+00  0.0000000000e+00
7.20  2  2.3081363190e+00  0.0000000000e+00  0.0000000000e+00  6.5218613876e-01  0.0000000000e+00  0.0000000000e+00  -7.1574498121e-02  0.0000000000e+00  0.0000000000e+00
7.25  2  2.3406535157e+00  0.0000000000e+00  0.0000000000e+00  6.4844886499e-01  0.0000000000e+00  0.0000000000e+00  -7.7917906822e-02  0.0000000000e+00  0.0000000000e+00
7.30  2  2.3729759161e+00  0.0000000000e+00  0.0000000000e+00  6.4439423399e-01  0.0000000000e+00  0.0000000000e+00  -8.4268160731e-02  0.0000000000e+00  0.0000000000e+00
7.35  2  2.4050876455e+00  0.0000000000e+00  0.0000000000e+00  6.4002199753e-01  0.0000000000e+00  0.0000000000e+00  -9.0621497507e-02  0.0000000000e+00  0.0000000000e+00
7.40  2  2.4369728214e+00  0.0000000000e+00  0.0000000000e+00  6.3533209570e-01  0.0000000000e+00  0.0000000000e+00  -9.6974146479e-02  0.0000000000e+00  0.0000000000e+00
7.45  2  2.4686155627e+00  0.0000000000e+00  0.0000000000e+00  6.3032465728e-01  0.0000000000e+00  0.0000000000e+00  -1.0332233105e-01  0.0000000000e+00  0.0000000000e+00
7.50  2  2.5000000000e+00  0.0000000000e+00  0.0000000000e+00  6.2500000000e-01  0.0000000000e+00  0.0000000000e+00  -1.0966227112e-01  0.0000000000e+00  0.0000000000e+00
7.55  2  2.5311102841e+00  0.0000000000e+00  0.0000000000e+00  6.1935863060e-01  0.0000000000e+00  0.0000000000e+00  -1.1599018549e-01  0.0000000000e+00  0.0000000000e+00
7.60  2  2.5619305960e+00  0.0000000000e+00  0.0000000000e+00  6.1340124488e-01  0.0000000000e+00  0.0000000000e+00  -1.2230229427e-01  0.0000000000e+00  0.0000000000e+00
7.65  2  2.5924451563e+00  0.0000000000e+00  0.0000000000e+00  6.0712872754e-01  0.0000000000e+00  0.0000000000e+00  -1.2859482132e-01  0.0000000000e+00  0.0000000000e+00
7.70  2  2.6226382344e+00  0.0000000000e+00  0.0000000000e+00  6.0054215195e-01  0.0000000000e+00  0.0000000000e+00  -1.3486399663e-01  0.0000000000e+00  0.0000000000e+00
7.75  2  2.6524941581e+00  0.0000000000e+00  0.0000000000e+00  5.9364277977e-01  0.0000000000e+00  0.0000000000e+00  -1.4110605876e-01  0.0000000000e+00  0.0000000000e+00
7.80  2  2.6819973231e+00  0.0000000000e+00  0.0000000000e+00  5.8643206047e-01  0.0000000000e+00  0.0000000000e+00  -1.4731725724e-01  0.0000000000e+00  0.0000000000e+00
7.85  2  2.7111322022e+00  0.0000000000e+00  0.0000000000e+00  5.7891163073e-01  0.0000000000e+00  0.0000000000e+00  -1.5349385496e-01  0.0000000000e+00  0.0000000000e+00
7.90  2  2.7398833546e+00  0.0000000000e+00  0.0000000000e+00  5.7108331369e-01  0.0000000000e+00  0.0000000000e+00  -1.5963213057e-01  0.0000000000e+00  0.0000000000e+00
7.95  2  2.7682354355e+00  0.0000000000e+00  0.0000000000e+00  5.6294911811e-01  0.0000000000e+00  0.0000000000e+00  -1.6572838090e-01  0.0000000000e+00  0.0000000000e+00
8.00  2  2.7961732049e+00  0.0000000000e+00  0.0000000000e+00  5.5451123741e-01  0.0000000000e+00  0.0000000000e+00  -1.7177892329e-01  0.0000000000e+00  0.0000000000e+00
8.05  2  2.8236815373e+00  0.0000000000e+00  0.0000000000e+00  5.4577204859e-01  0.0000000000e+00  0.0000000000e+00  -1.7778009799e-01  0.0000000000e+00  0.0000000000e+00
8.10  2  2.8507454305e+00  0.0000000000e+00  0.0000000000e+00  5.3673411100e-01  0.0000000000e+00  0.0000000000e+00  -1.8372827056e-01  0.0000000000e+00  0.0000000000e+00
8.15  2  2.8773500149e+00  0.0000000000e+00  0.0000000000e+00  5.2740016503e-01  0.0000000000e+00  0.0000000000e+00  -1.8961983412e-01  0.0000000000e+00  0.0000000000e+00
8.20  2  2.9034805621e+00  0.0000000000e+00  0.0000000000e+00  5.1777313070e-01  0.0000000000e+00  0.0000000000e+00  -1.9545121180e-01  0.0000000000e+00  0.0000000000e+00
8.25  2  2.9291224947e+00  0.0000000000e+00  0.0000000000e+00  5.0785610605e-01  0.0000000000e+00  0.0000000000e+00  -2.0121885898e-01  0.0000000000e+00  0.0000000000e+00
8.30  2  2.9542613940e+00  0.0000000000e+00  0.0000000000e+00  4.9765236550e-01  0.0000000000e+00  0.0000000000e+00  -2.0691926565e-01  0.0000000000e+00  0.0000000000e+00
8.35  2  2.9788830100e+00  0.0000000000e+00  0.0000000000e+00  4.8716535806e-01  0.0000000000e+00  0.0000000000e+00  -2.1254895866e-01  0.0000000000e+00  0.0000000000e+00
8.40  2  3.0029732690e+00  0.0000000000e+00  0.0000000000e+00  4.7639870545e-01  0.0000000000e+00  0.0000000000e+00  -2.1810450403e-01  0.0000000000e+00  0.0000000000e+00
8.45  2  3.0265182829e+00  0.0000000000e+00  0.0000000000e+00  4.6535620002e-01  0.0000000000e+00  0.0000000000e+00  -2.2358250918e-01  0.0000000000e+00  0.0000000000e+00
8.50  2  3.0495043574e+00  0.0000000000e+00  0.0000000000e+00  4.5404180271e-01  0.0000000000e+00  0.0000000000e+00  -2.2897962519e-01  0.0000000000e+00  0.0000000000e+00
8.55  2  3.0719180003e+00  0.0000000000e+00  0.0000000000e+00  4.4245964073e-01  0.0000000000e+00  0.0000000000e+00  -2.3429254901e-01  0.0000000000e+00  0.0000000000e+00
8.60  2  3.0937459301e+00  0.0000000000e+00  0.0000000000e+00  4.3061400529e-01  0.0000000000e+00  0.0000000000e+00  -2.3951802562e-01  0.0000000000e+00  0.0000000000e+00
8.65  2  3.1149750838e+00  0.0000000000e+00  0.0000000000e+00  4.1850934907e-01  0.0000000000e+00  0.0000000000e+00  -2.4465285027e-01  0.0000000000e+00  0.0000000000e+00
8.70  2  3.1355926248e+00  0.0000000000e+00  0.0000000000e+00  4.0615028370e-01  0.0000000000e+00  0.0000000000e+00  -2.4969387054e-01  0.0000000000e+00  0.0000000000e+00
8.75  2  3.1555859514e+00  0.0000000000e+00  0.0000000000e+00  3.9354157708e-01  0.0000000000e+00  0.0000000000e+00  -2.5463798855e-01  0.0000000000e+00  0.0000000000e+00
8.80  2  3.1749427038e+00  0.0000000000e+00  0.0000000000e+00  3.8068815060e-01  0.0000000000e+00  0.0000000000e+00  -2.5948216300e-01  0.0000000000e+00  0.0000000000e+00
8.85  2  3.1936507722e+00  0.0000000000e+00  0.0000000000e+00  3.6759507625e-01  0.0000000000e+00  0.0000000000e+00  -2.6422341127e-01  0.0000000000e+00  0.0000000000e+00
8.90  2  3.2116983042e+00  0.0000000000e+00  0.0000000000e+00  3.5426757365e-01  0.0000000000e+00  0.0000000000e+00  -2.6885881142e-01  0.0000000000e+00  0.0000000000e+00
8.95  2  3.2290737118e+00  0.0000000000e+00  0.0000000000e+00  3.4071100693e-01  0.0000000000e+00  0.0000000000e+00  -2.7338550425e-01  0.0000000000e+00  0.0000000000e+00
9.00  2  3.2457656788e+00  0.0000000000e+00  0.0000000000e+00  3.2693088162e-01  0.0000000000e+00  0.0000000000e+00  -2.7780069528e-01  0.0000000000e+00  0.0000000000e+00
9.05  2  3.2617631679e+00  0.0000000000e+00  0.0000000000e+00  3.1293284127e-01  0.0000000000e+00  0.0000000000e+00  -2.8210165665e-01  0.0000000000e+00  0.0000000000e+00
9.10  2  3.2770554273e+00  0.0000000000e+00  0.0000000000e+00  2.9872266414e-01  0.0000000000e+00  0.0000000000e+00  -2.8628572909e-01  0.0000000000e+00  0.0000000000e+00
9.15  2  3.2916319971e+00  0.0000000000e+00  0.0000000000e+00  2.8430625970e-01  0.0000000000e+00  0.0000000000e+00  -2.9035032378e-01  0.0000000000e+00  0.0000000000e+00
9.20  2  3.3054827167e+00  0.0000000000e+00  0.0000000000e+00  2.6968966504e-01  0.0000000000e+00  0.0000000000e+00  -2.9429292424e-01  0.0000000000e+00  0.0000000000e+00
9.25  2  3.3185977298e+00  0.0000000000e+00  0.0000000000e+00  2.5487904126e-01  0.0000000000e+00  0.0000000000e+00  -2.9811108809e-01  0.0000000000e+00  0.0000000000e+00
9.30  2  3.3309674916e+00  0.0000000000e+00  0.0000000000e+00  2.3988066966e-01  0.0000000000e+00  0.0000000000e+00  -3.0180244887e-01  0.0000000000e+00  0.0000000000e+00
9.35  2  3.3425827742e+00  0.0000000000e+00  0.0000000000e+00  2.2470094795e-01  0.0000000000e+00  0.0000000000e+00  -3.0536471776e-01  0.0000000000e+00  0.0000000000e+00
9.40  2  3.3534346723e+00  0.0000000000e+00  0.0000000000e+00  2.0934638629e-01  0.0000000000e+00  0.0000000000e+00  -3.0879568532e-01  0.0000000000e+00  0.0000000000e+00
9.45  2  3.3635146091e+00  0.0000000000e+00  0.0000000000e+00  1.9382360329e-01  0.0000000000e+00  0.0000000000e+00  -3.1209322313e-01  0.0000000000e+00  0.0000000000e+00
9.50  2  3.3728143410e+00  0.0000000000e+00  0.0000000000e+00  1.7813932195e-01  0.0000000000e+00  0.0000000000e+00  -3.1525528541e-01  0.0000000000e+00  0.0000000000e+00
9.55  2  3.3813259633e+00  0.0000000000e+00  0.0000000000e+00  1.6230036542e-01  0.0000000000e+00  0.0000000000e+00  -3.1827991065e-01  0.0000000000e+00  0.0000000000e+00
9.60  2  3.3890419148e+00  0.0000000000e+00  0.0000000000e+00  1.4631365281e-01  0.0000000000e+00  0.0000000000e+00  -3.2116522311e-01  0.0000000000e+00  0.0000000000e+00
9.65  2  3.3959549827e+00  0.0000000000e+00  0.0000000000e+00  1.3018619484e-01  0.0000000000e+00  0.0000000000e+00  -3.2390943435e-01  0.0000000000e+00  0.0000000000e+00
9.70  2  3.4020583068e+00  0.0000000000e+00  0.0000000000e+00  1.1392508944e-01  0.0000000000e+00  0.0000000000e+00  -3.2651084467e-01  0.0000000000e+00  0.0000000000e+00
9.75  2  3.4073453839e+00  0.0000000000e+00  0.0000000000e+00  9.7537517266e-02  0.0000000000e+00  0.0000000000e+00  -3.2896784456e-01  0.0000000000e+00  0.0000000000e+00
9.80  2  3.4118100717e+00  0.0000000000e+00  0.0000000000e+00  8.1030737175e-02  0.0000000000e+00  0.0000000000e+00  -3.3127891603e-01  0.0000000000e+00  0.0000000000e+00
9.85  2  3.4154465930e+00  0.0000000000e+00  0.0000000000e+00  6.4412081606e-02  0.0000000000e+00  0.0000000000e+00  -3.3344263399e-01  0.0000000000e+00  0.0000000000e+00
9.90  2  3.4182495386e+00  0.0000000000e+00  0.0000000000e+00  4.7688951904e-02  0.0000000000e+00  0.0000000000e+00  -3.3545766747e-01  0.0000000000e+00  0.0000000000e+00
9.95  2  3.4202138713e+00  0.0000000000e+00  0.0000000000e+00  3.0868813581e-02  0.0000000000e+00  0.0000000000e+00  -3.3732278090e-01  0.0000000000e+00  0.0000000000e+00
10.00  2  3.4213349285e+00  0.0000000000e+00  0.0000000000e+00  1.3959191520e-02  0.0000000000e+00  0.0000000000e+00  -3.3903683526e-01  0.0000000000e+00  0.0000000000e+00
10.05  2  3.4216084254e+00  0.0000000000e+00  0.0000000000e+00  -3.0323348849e-03  0.0000000000e+00  0.0000000000e+00  -3.4059878928e-01  0.0000000000e+00  0.0000000000e+00
10.10  2  3.4210304571e+00  0.0000000000e+00  0.0000000000e+00  -2.0098136639e-02  0.0000000000e+00  0.0000000000e+00  -3.4200770044e-01  0.0000000000e+00  0.0000000000e+00
10.15  2  3.4195975016e+00  0.0000000000e+00  0.0000000000e+00  -3.7230540114e-02  0.0000000000e+00  0.0000000000e+00  -3.4326272608e-01  0.0000000000e+00  0.0000000000e+00
10.20  2  3.4173064216e+00  0.0000000000e+00  0.0000000000e+00  -5.4421832067e-02  0.0000000000e+00  0.0000000000e+00  -3.4436312435e-01  0.0000000000e+00  0.0000000000e+00
10.25  2  3.4141544661e+00  0.0000000000e+00  0.0000000000e+00  -7.1664264701e-02  0.0000000000e+00  0.0000000000e+00  -3.4530825517e-01  0.0000000000e+00  0.0000000000e+00
10.30  2  3.4101392724e+00  0.0000000000e+00  0.0000000000e+00  -8.8950060779e-02  0.0000000000e+00  0.0000000000e+00  -3.4609758111e-01  0.0000000000e+00  0.0000000000e+00
10.35  2  3.4052588673e+00  0.0000000000e+00  0.0000000000e+00  -1.0627141877e-01  0.0000000000e+00  0.0000000000e+00  -3.4673066820e-01  0.0000000000e+00  0.0000000000e+00
10.40  2  3.3995116681e+00  0.0000000000e+00  0.0000000000e+00  -1.2362051807e-01  0.0000000000e+00  0.0000000000e+00  -3.4720718675e-01  0.0000000000e+00  0.0000000000e+00
10.45  2  3.3928964837e+00  0.0000000000e+00  0.0000000000e+00  -1.4098952417e-01  0.0000000000e+00  0.0000000000e+00  -3.4752691204e-01  0.0000000000e+00  0.0000000000e+00
10.50  2  3.3854125147e+00  0.0000000000e+00  0.0000000000e+00  -1.5837059401e-01  0.0000000000e+00  0.0000000000e+00  -3.4768972502e-01  0.0000000000e+00  0.0000000000e+00
10.55  2  3.3770593540e+00  0.0000000000e+00  0.0000000000e+00  -1.7575588119e-01  0.0000000000e+00  0.0000000000e+00  -3.4769561291e-01  0.0000000000e+00  0.0000000000e+00
10.60  2  3.3678369870e+00  0.0000000000e+00  0.0000000000e+00  -1.9313754139e-01  0.0000000000e+00  0.0000000000e+00  -3.4754466978e-01  0.0000000000e+00  0.0000000000e+00
10.65  2  3.3577457909e+00  0.0000000000e+00  0.0000000000e+00  -2.1050773762e-01  0.0000000000e+00  0.0000000000e+00  -3.4723709704e-01  0.0000000000e+00  0.0000000000e+00
10.70  2  3.3467865347e+00  0.0000000000e+00  0.0000000000e+00  -2.2785864569e-01  0.0000000000e+00  0.0000000000e+00  -3.4677320389e-01  0.0000000000e+00  0.0000000000e+00
10.75  2  3.3349603780e+00  0.0000000000e+00  0.0000000000e+00  -2.4518245956e-01  0.0000000000e+00  0.0000000000e+00  -3.4615340776e-01  0.0000000000e+00  0.0000000000e+00
10.80  2  3.3222688701e+00  0.0000000000e+00  0.0000000000e+00  -2.6247139679e-01  0.0000000000e+00  0.0000000000e+00  -3.4537823458e-01  0.0000000000e+00  0.0000000000e+00
10.85  2  3.3087139488e+00  0.0000000000e+00  0.0000000000e+00  -2.7971770392e-01  0.0000000000e+00  0.0000000000e+00  -3.4444831912e-01  0.0000000000e+00  0.0000000000e+00
10.90  2  3.2942979388e+00  0.0000000000e+00  0.0000000000e+00  -2.9691366200e-01  0.0000000000e+00  0.0000000000e+00  -3.4336440517e-01  0.0000000000e+00  0.0000000000e+00
10.95  2  3.2790235498e+00  0.0000000000e+00  0.0000000000e+00  -3.1405159196e-01  0.0000000000e+00  0.0000000000e+00  -3.4212734573e-01  0.0000000000e+00  0.0000000000e+00
11.00  2  3.2628938740e+00  0.0000000000e+00  0.0000000000e+00  -3.3112386012e-01  0.0000000000e+00  0.0000000000e+00  -3.4073810313e-01  0.0000000000e+00  0.0000000000e+00
11.05  2  3.2459123845e+00  0.0000000000e+00  0.0000000000e+00  -3.4812288368e-01  0.0000000000e+00  0.0000000000e+00  -3.3919774903e-01  0.0000000000e+00  0.0000000000e+00
11.10  2  3.2280829319e+00  0.0000000000e+00  0.0000000000e+00  -3.6504113613e-01  0.0000000000e+00  0.0000000000e+00  -3.3750746448e-01  0.0000000000e+00  0.0000000000e+00
11.15  2  3.2094097415e+00  0.0000000000e+00  0.0000000000e+00  -3.8187115273e-01  0.0000000000e+00  0.0000000000e+00  -3.3566853977e-01  0.0000000000e+00  0.0000000000e+00
11.20  2  3.1898974105e+00  0.0000000000e+00  0.0000000000e+00  -3.9860553603e-01  0.0000000000e+00  0.0000000000e+00  -3.3368237438e-01  0.0000000000e+00  0.0000000000e+00
11.25  2  3.1695509040e+00  0.0000000000e+00  0.0000000000e+00  -4.1523696124e-01  0.0000000000e+00  0.0000000000e+00  -3.3155047674e-01  0.0000000000e+00  0.0000000000e+00
11.30  2  3.1483755512e+00  0.0000000000e+00  0.0000000000e+00  -4.3175818173e-01  0.0000000000e+00  0.0000000000e+00  -3.2927446399e-01  0.0000000000e+00  0.0000000000e+00
11.35  2  3.1263770420e+00  0.0000000000e+00  0.0000000000e+00  -4.4816203442e-01  0.0000000000e+00  0.0000000000e+00  -3.2685606168e-01  0.0000000000e+00  0.0000000000e+00
11.40  2  3.1035614218e+00  0.0000000000e+00  0.0000000000e+00  -4.6444144524e-01  0.0000000000e+00  0.0000000000e+00  -3.2429710342e-01  0.0000000000e+00  0.0000000000e+00
11.45  2  3.0799350878e+00  0.0000000000e+00  0.0000000000e+00  -4.8058943446e-01  0.0000000000e+00  0.0000000000e+00  -3.2159953041e-01  0.0000000000e+00  0.0000000000e+00
11.50  2  3.0555047835e+00  0.0000000000e+00  0.0000000000e+00  -4.9659912211e-01  0.0000000000e+00  0.0000000000e+00  -3.1876539098e-01  0.0000000000e+00  0.0000000000e+00
11.55  2  3.0302775936e+00  0.0000000000e+00  0.0000000000e+00  -5.1246373330e-01  0.0000000000e+00  0.0000000000e+00  -3.1579684004e-01  0.0000000000e+00  0.0000000000e+00
11.60  2  3.0042609392e+00  0.0000000000e+00  0.0000000000e+00  -5.2817660355e-01  0.0000000000e+00  0.0000000000e+00  -3.1269613846e-01  0.0000000000e+00  0.0000000000e+00
11.65  2  2.9774625715e+00  0.0000000000e+00  0.0000000000e+00  -5.4373118402e-01  0.0000000000e+00  0.0000000000e+00  -3.0946565239e-01  0.0000000000e+00  0.0000000000e+00
11.70  2  2.9498905662e+00  0.0000000000e+00  0.0000000000e+00  -5.5912104683e-01  0.0000000000e+00  0.0000000000e+00  -3.0610785256e-01  0.0000000000e+00  0.0000000000e+00
11.75  2  2.9215533172e+00  0.0000000000e+00  0.0000000000e+00  -5.7433989023e-01  0.0000000000e+00  0.0000000000e+00  -3.0262531346e-01  0.0000000000e+00  0.0000000000e+00
11.80  2  2.8924595304e+00  0.0000000000e+00  0.0000000000e+00  -5.8938154376e-01  0.0000000000e+00  0.0000000000e+00  -2.9902071250e-01  0.0000000000e+00  0.0000000000e+00
11.85  2  2.8626182167e+00  0.0000000000e+00  0.0000000000e+00  -6.0423997338e-01  0.0000000000e+00  0.0000000000e+00  -2.9529682909e-01  0.0000000000e+00  0.0000000000e+00
11.90  2  2.8320386851e+00  0.0000000000e+00  0.0000000000e+00  -6.1890928658e-01  0.0000000000e+00  0.0000000000e+00  -2.9145654368e-01  0.0000000000e+00  0.0000000000e+00
11.95  2  2.8007305358e+00  0.0000000000e+00  0.0000000000e+00  -6.3338373733e-01  0.0000000000e+00  0.0000000000e+00  -2.8750283672e-01  0.0000000000e+00  0.0000000000e+00
12.00  2  2.7687036524e+00  0.0000000000e+00  0.0000000000e+00  -6.4765773116e-01  0.0000000000e+00  0.0000000000e+00  -2.8343878754e-01  0.0000000000e+00  0.0000000000e+00
12.05  2  2.7359681944e+00  0.0000000000e+00  0.0000000000e+00  -6.6172582995e-01  0.0000000000e+00  0.0000000000e+00  -2.7926757327e-01  0.0000000000e+00  0.0000000000e+00
12.10  2  2.7025345890e+00  0.0000000000e+00  0.0000000000e+00  -6.7558275690e-01  0.0000000000e+00  0.0000000000e+00  -2.7499246752e-01  0.0000000000e+00  0.0000000000e+00
12.15  2  2.6684135235e+00  0.0000000000e+00  0.0000000000e+00  -6.8922340127e-01  0.0000000000e+00  0.0000000000e+00  -2.7061683920e-01  0.0000000000e+00  0.0000000000e+00
12.20  2  2.6336159360e+00  0.0000000000e+00  0.0000000000e+00  -7.0264282311e-01  0.0000000000e+00  0.0000000000e+00  -2.6614415115e-01  0.0000000000e+00  0.0000000000e+00
12.25  2  2.5981530077e+00  0.0000000000e+00  0.0000000000e+00  -7.1583625793e-01  0.0000000000e+00  0.0000000000e+00  -2.6157795875e-01  0.0000000000e+00  0.0000000000e+00
12.30  2  2.5620361532e+00  0.0000000000e+00  0.0000000000e+00  -7.2879912131e-01  0.0000000000e+00  0.0000000000e+00  -2.5692190846e-01  0.0000000000e+00  0.0000000000e+00
12.35  2  2.5252770119e+00  0.0000000000e+00  0.0000000000e+00  -7.4152701337e-01  0.0000000000e+00  0.0000000000e+00  -2.5217973633e-01  0.0000000000e+00  0.0000000000e+00
12.40  2  2.4878874383e+00  0.0000000000e+00  0.0000000000e+00  -7.5401572326e-01  0.0000000000e+00  0.0000000000e+00  -2.4735526642e-01  0.0000000000e+00  0.0000000000e+00
12.45  2  2.4498794930e+00  0.0000000000e+00  0.0000000000e+00  -7.6626123351e-01  0.0000000000e+00  0.0000000000e+00  -2.4245240919e-01  0.0000000000e+00  0.0000000000e+00
12.50  2  2.4112654321e+00  0.0000000000e+00  0.0000000000e+00  -7.7825972426e-01  0.0000000000e+00  0.0000000000e+00  -2.3747515981e-01  0.0000000000e+00  0.0000000000e+00
12.55  2  2.3720576980e+00  0.0000000000e+00  0.0000000000e+00  -7.9000757754e-01  0.0000000000e+00  0.0000000000e+00  -2.3242759640e-01  0.0000000000e+00  0.0000000000e+00
12.60  2  2.3322689086e+00  0.0000000000e+00  0.0000000000e+00  -8.0150138128e-01  0.0000000000e+00  0.0000000000e+00  -2.2731387827e-01  0.0000000000e+00  0.0000000000e+00
12.65  2  2.2919118475e+00  0.0000000000e+00  0.0000000000e+00  -8.1273793339e-01  0.0000000000e+00  0.0000000000e+00  -2.2213824404e-01  0.0000000000e+00  0.0000000000e+00
12.70  2  2.2509994527e+00  0.0000000000e+00  0.0000000000e+00  -8.2371424564e-01  0.0000000000e+00  0.0000000000e+00  -2.1690500975e-01  0.0000000000e+00  0.0000000000e+00
12.75  2  2.2095448065e+00  0.0000000000e+00  0.0000000000e+00  -8.3442754751e-01  0.0000000000e+00  0.0000000000e+00  -2.1161856688e-01  0.0000000000e+00  0.0000000000e+00
12.80  2  2.1675611241e+00  0.0000000000e+00  0.0000000000e+00  -8.4487528990e-01  0.0000000000e+00  0.0000000000e+00  -2.0628338036e-01  0.0000000000e+00  0.0000000000e+00
12.85  2  2.1250617424e+00  0.0000000000e+00  0.0000000000e+00  -8.5505514872e-01  0.0000000000e+00  0.0000000000e+00  -2.0090398645e-01  0.0000000000e+00  0.0000000000e+00
12.90  2  2.0820601090e+00  0.0000000000e+00  0.0000000000e+00  -8.6496502847e-01  0.0000000000e+00  0.0000000000e+00  -1.9548499067e-01  0.0000000000e+00  0.0000000000e+00
12.95  2  2.0385697704e+00  0.0000000000e+00  0.0000000000e+00  -8.7460306560e-01  0.0000000000e+00  0.0000000000e+00  -1.9003106558e-01  0.0000000000e+00  0.0000000000e+00
13.00  2  1.9946043604e+00  0.0000000000e+00  0.0000000000e+00  -8.8396763180e-01  0.0000000000e+00  0.0000000000e+00  -1.8454694857e-01  0.0000000000e+00  0.0000000000e+00
13.05  2  1.9501775884e+00  0.0000000000e+00  0.0000000000e+00  -8.9305733722e-01  0.0000000000e+00  0.0000000000e+00  -1.7903743957e-01  0.0000000000e+00  0.0000000000e+00
13.10  2  1.9053032270e+00  0.0000000000e+00  0.0000000000e+00  -9.0187103353e-01  0.0000000000e+00  0.0000000000e+00  -1.7350739871e-01  0.0000000000e+00  0.0000000000e+00
13.15  2  1.8599951004e+00  0.0000000000e+00  0.0000000000e+00  -9.1040781683e-01  0.0000000000e+00  0.0000000000e+00  -1.6796174395e-01  0.0000000000e+00  0.0000000000e+00
13.20  2  1.8142670716e+00  0.0000000000e+00  0.0000000000e+00  -9.1866703055e-01  0.0000000000e+00  0.0000000000e+00  -1.6240544864e-01  0.0000000000e+00  0.0000000000e+00
13.25  2  1.7681330304e+00  0.0000000000e+00  0.0000000000e+00  -9.2664826809e-01  0.0000000000e+00  0.0000000000e+00  -1.5684353902e-01  0.0000000000e+00  0.0000000000e+00
13.30  2  1.7216068804e+00  0.0000000000e+00  0.0000000000e+00  -9.3435137546e-01  0.0000000000e+00  0.0000000000e+00  -1.5128109173e-01  0.0000000000e+00  0.0000000000e+00
13.35  2  1.6747025268e+00  0.0000000000e+00  0.0000000000e+00  -9.4177645369e-01  0.0000000000e+00  0.0000000000e+00  -1.4572323117e-01  0.0000000000e+00  0.0000000000e+00
13.40  2  1.6274338631e+00  0.0000000000e+00  0.0000000000e+00  -9.4892386116e-01  0.0000000000e+00  0.0000000000e+00  -1.4017512694e-01  0.0000000000e+00  0.0000000000e+00
13.45  2  1.5798147584e+00  0.0000000000e+00  0.0000000000e+00  -9.5579421583e-01  0.0000000000e+00  0.0000000000e+00  -1.3464199112e-01  0.0000000000e+00  0.0000000000e+00
13.50  2  1.5318590445e+00  0.0000000000e+00  0.0000000000e+00  -9.6238839726e-01  0.0000000000e+00  0.0000000000e+00  -1.2912907558e-01  0.0000000000e+00  0.0000000000e+00
13.55  2  1.4835805026e+00  0.0000000000e+00  0.0000000000e+00  -9.6870754853e-01  0.0000000000e+00  0.0000000000e+00  -1.2364166921e-01  0.0000000000e+00  0.0000000000e+00
13.60  2  1.4349928502e+00  0.0000000000e+00  0.0000000000e+00  -9.7475307803e-01  0.0000000000e+00  0.0000000000e+00  -1.1818509510e-01  0.0000000000e+00  0.0000000000e+00
13.65  2  1.3861097274e+00  0.0000000000e+00  0.0000000000e+00  -9.8052666113e-01  0.0000000000e+00  0.0000000000e+00  -1.1276470774e-01  0.0000000000e+00  0.0000000000e+00
13.70  2  1.3369446843e+00  0.0000000000e+00  0.0000000000e+00  -9.8603024162e-01  0.0000000000e+00  0.0000000000e+00  -1.0738589007e-01  0.0000000000e+00  0.0000000000e+00
13.75  2  1.2875111666e+00  0.0000000000e+00  0.0000000000e+00  -9.9126603310e-01  0.0000000000e+00  0.0000000000e+00  -1.0205405061e-01  0.0000000000e+00  0.0000000000e+00
13.80  2  1.2378225028e+00  0.0000000000e+00  0.0000000000e+00  -9.9623652016e-01  0.0000000000e+00  0.0000000000e+00  -9.6774620465e-02  0.0000000000e+00  0.0000000000e+00
13.85  2  1.1878918905e+00  0.0000000000e+00  0.0000000000e+00  -1.0009444595e+00  0.0000000000e+00  0.0000000000e+00  -9.1553050303e-02  0.0000000000e+00  0.0000000000e+00
13.90  2  1.1377323823e+00  0.0000000000e+00  0.0000000000e+00  -1.0053928806e+00  0.0000000000e+00  0.0000000000e+00  -8.6394807341e-02  0.0000000000e+00  0.0000000000e+00
13.95  2  1.0873568728e+00  0.0000000000e+00  0.0000000000e+00  -1.0095850870e+00  0.0000000000e+00  0.0000000000e+00  -8.1305372250e-02  0.0000000000e+00  0.0000000000e+00
14.00  2  1.0367780844e+00  0.0000000000e+00  0.0000000000e+00  -1.0135246562e+00  0.0000000000e+00  0.0000000000e+00  -7.6290236041e-02  0.0000000000e+00  0.0000000000e+00
14.05  2  9.8600855378e-01  0.0000000000e+00  0.0000000000e+00  -1.0172154405e+00  0.0000000000e+00  0.0000000000e+00  -7.1354896914e-02  0.0000000000e+00  0.0000000000e+00
14.10  2  9.3506061814e-01  0.0000000000e+00  0.0000000000e+00  -1.0206615675e+00  0.0000000000e+00  0.0000000000e+00  -6.6504857076e-02  0.0000000000e+00  0.0000000000e+00
14.15  2  8.8394640143e-01  0.0000000000e+00  0.0000000000e+00  -1.0238674396e+00  0.0000000000e+00  0.0000000000e+00  -6.1745619522e-02  0.0000000000e+00  0.0000000000e+00
14.20  2  8.3267780061e-01  0.0000000000e+00  0.0000000000e+00  -1.0268377345e+00  0.0000000000e+00  0.0000000000e+00  -5.7082684793e-02  0.0000000000e+00  0.0000000000e+00
14.25  2  7.8126647188e-01  0.0000000000e+00  0.0000000000e+00  -1.0295774047e+00  0.0000000000e+00  0.0000000000e+00  -5.2521547696e-02  0.0000000000e+00  0.0000000000e+00
14.30  2  7.2972381692e-01  0.0000000000e+00  0.0000000000e+00  -1.0320916774e+00  0.0000000000e+00  0.0000000000e+00  -4.8067693994e-02  0.0000000000e+00  0.0000000000e+00
14.35  2  6.7806096924e-01  0.0000000000e+00  0.0000000000e+00  -1.0343860534e+00  0.0000000000e+00  0.0000000000e+00  -4.3726597083e-02  0.0000000000e+00  0.0000000000e+00
14.40  2  6.2628878043e-01  0.0000000000e+00  0.0000000000e+00  -1.0364663073e+00  0.0000000000e+00  0.0000000000e+00  -3.9503714621e-02  0.0000000000e+00  0.0000000000e+00
14.45  2  5.7441780658e-01  0.0000000000e+00  0.0000000000e+00  -1.0383384858e+00  0.0000000000e+00  0.0000000000e+00  -3.5404485151e-02  0.0000000000e+00  0.0000000000e+00
14.50  2  5.2245829462e-01  0.0000000000e+00  0.0000000000e+00  -1.0400089070e+00  0.0000000000e+00  0.0000000000e+00  -3.1434324685e-02  0.0000000000e+00  0.0000000000e+00
14.55  2  4.7042016884e-01  0.0000000000e+00  0.0000000000e+00  -1.0414841593e+00  0.0000000000e+00  0.0000000000e+00  -2.7598623279e-02  0.0000000000e+00  0.0000000000e+00
14.60  2  4.1831301738e-01  0.0000000000e+00  0.0000000000e+00  -1.0427710997e+00  0.0000000000e+00  0.0000000000e+00  -2.3902741572e-02  0.0000000000e+00  0.0000000000e+00
14.65  2  3.6614607882e-01  0.0000000000e+00  0.0000000000e+00  -1.0438768526e+00  0.0000000000e+00  0.0000000000e+00  -2.0352007321e-02  0.0000000000e+00  0.0000000000e+00
14.70  2  3.1392822890e-01  0.0000000000e+00  0.0000000000e+00  -1.0448088077e+00  0.0000000000e+00  0.0000000000e+00  -1.6951711898e-02  0.0000000000e+00  0.0000000000e+00
14.75  2  2.6166796726e-01  0.0000000000e+00  0.0000000000e+00  -1.0455746186e+00  0.0000000000e+00  0.0000000000e+00  -1.3707106790e-02  0.0000000000e+00  0.0000000000e+00
14.80  2  2.0937340434e-01  0.0000000000e+00  0.0000000000e+00  -1.0461822001e+00  0.0000000000e+00  0.0000000000e+00  -1.0623400062e-02  0.0000000000e+00  0.0000000000e+00
14.85  2  1.5705224832e-01  0.0000000000e+00  0.0000000000e+00  -1.0466397263e+00  0.0000000000e+00  0.0000000000e+00  -7.7057528232e-03  0.0000000000e+00  0.0000000000e+00
14.90  2  1.0471179225e-01  0.0000000000e+00  0.0000000000e+00  -1.0469556282e+00  0.0000000000e+00  0.0000000000e+00  -4.9592756688e-03  0.0000000000e+00  0.0000000000e+00
14.95  2  5.2358901286e-02  0.0000000000e+00  0.0000000000e+00  -1.0471385910e+00  0.0000000000e+00  0.0000000000e+00  -2.3890251106e-03  0.0000000000e+00  0.0000000000e+00
15.00  2  6.1232339957e-16  0.0000000000e+00  0.0000000000e+00  -1.0471975512e+00  0.0000000000e+00  0.0000000000e+00  -2.6859509864e-17  0.0000000000e+00  0.0000000000e+00
15.05  2  -5.2358920581e-02  0.0000000000e+00  0.0000000000e+00  -1.0471401327e+00  0.0000000000e+00  0.0000000000e+00  2.2967192578e-03  0.0000000000e+00  0.0000000000e+00
15.10  2  -1.0471209942e-01  0.0000000000e+00  0.0000000000e+00  -1.0469678835e+00  0.0000000000e+00  0.0000000000e+00  4.5931866544e-03  0.0000000000e+00  0.0000000000e+00
15.15  2  -1.5705379539e-01  0.0000000000e+00  0.0000000000e+00  -1.0466808224e+00  0.0000000000e+00  0.0000000000e+00  6.8891503564e-03  0.0000000000e+00  0.0000000000e+00
15.20  2  -2.0937826865e-01  0.0000000000e+00  0.0000000000e+00  -1.0462789810e+00  0.0000000000e+00  0.0000000000e+00  9.1843585854e-03  0.0000000000e+00  0.0000000000e+00
15.25  2  -2.6167978121e-01  0.0000000000e+00  0.0000000000e+00  -1.0457624033e+00  0.0000000000e+00  0.0000000000e+00  1.1478559646e-02  0.0000000000e+00  0.0000000000e+00
15.30  2  -3.1395259765e-01  0.0000000000e+00  0.0000000000e+00  -1.0451311460e+00  0.0000000000e+00  0.0000000000e+00  1.3771501953e-02  0.0000000000e+00  0.0000000000e+00
15.35  2  -3.6619098564e-01  0.0000000000e+00  0.0000000000e+00  -1.0443852783e+00  0.0000000000e+00  0.0000000000e+00  1.6062934060e-02  0.0000000000e+00  0.0000000000e+00
15.40  2  -4.1838921666e-01  0.0000000000e+00  0.0000000000e+00  -1.0435248820e+00  0.0000000000e+00  0.0000000000e+00  1.8352604685e-02  0.0000000000e+00  0.0000000000e+00
15.45  2  -4.7054156659e-01  0.0000000000e+00  0.0000000000e+00  -1.0425500514e+00  0.0000000000e+00  0.0000000000e+00  2.0640262740e-02  0.0000000000e+00  0.0000000000e+00
15.50  2  -5.2264231634e-01  0.0000000000e+00  0.0000000000e+00  -1.0414608934e+00  0.0000000000e+00  0.0000000000e+00  2.2925657358e-02  0.0000000000e+00  0.0000000000e+00
15.55  2  -5.7468575246e-01  0.0000000000e+00  0.0000000000e+00  -1.0402575276e+00  0.0000000000e+00  0.0000000000e+00  2.5208537919e-02  0.0000000000e+00  0.0000000000e+00
15.60  2  -6.2666616782e-01  0.0000000000e+00  0.0000000000e+00  -1.0389400857e+00  0.0000000000e+00  0.0000000000e+00  2.7488654080e-02  0.0000000000e+00  0.0000000000e+00
15.65  2  -6.7857786217e-01  0.0000000000e+00  0.0000000000e+00  -1.0375087124e+00  0.0000000000e+00  0.0000000000e+00  2.9765755800e-02  0.0000000000e+00  0.0000000000e+00
15.70  2  -7.3041514281e-01  0.0000000000e+00  0.0000000000e+00  -1.0359635645e+00  0.0000000000e+00  0.0000000000e+00  3.2039593369e-02  0.0000000000e+00  0.0000000000e+00
15.75  2  -7.8217232520e-01  0.0000000000e+00  0.0000000000e+00  -1.0343048116e+00  0.0000000000e+00  0.0000000000e+00  3.4309917437e-02  0.0000000000e+00  0.0000000000e+00
15.80  2  -8.3384373358e-01  0.0000000000e+00  0.0000000000e+00  -1.0325326355e+00  0.0000000000e+00  0.0000000000e+00  3.6576479035e-02  0.0000000000e+00  0.0000000000e+00
15.85  2  -8.8542370160e-01  0.0000000000e+00  0.0000000000e+00  -1.0306472306e+00  0.0000000000e+00  0.0000000000e+00  3.8839029609e-02  0.0000000000e+00  0.0000000000e+00
15.90  2  -9.3690657293e-01  0.0000000000e+00  0.0000000000e+00  -1.0286488035e+00  0.0000000000e+00  0.0000000000e+00  4.1097321047e-02  0.0000000000e+00  0.0000000000e+00
15.95  2  -9.8828670190e-01  0.0000000000e+00  0.0000000000e+00  -1.0265375736e+00  0.0000000000e+00  0.0000000000e+00  4.3351105700e-02  0.0000000000e+00  0.0000000000e+00
16.00  2  -1.0395584541e+00  0.0000000000e+00  0.0000000000e+00  -1.0243137722e+00  0.0000000000e+00  0.0000000000e+00  4.5600136416e-02  0.0000000000e+00  0.0000000000e+00
16.05  2  -1.0907162070e+00  0.0000000000e+00  0.0000000000e+00  -1.0219776433e+00  0.0000000000e+00  0.0000000000e+00  4.7844166563e-02  0.0000000000e+00  0.0000000000e+00
16.10  2  -1.1417543506e+00  0.0000000000e+00  0.0000000000e+00  -1.0195294430e+00  0.0000000000e+00  0.0000000000e+00  5.0082950059e-02  0.0000000000e+00  0.0000000000e+00
16.15  2  -1.1926672879e+00  0.0000000000e+00  0.0000000000e+00  -1.0169694398e+00  0.0000000000e+00  0.0000000000e+00  5.2316241394e-02  0.0000000000e+00  0.0000000000e+00
16.20  2  -1.2434494358e+00  0.0000000000e+00  0.0000000000e+00  -1.0142979145e+00  0.0000000000e+00  0.0000000000e+00  5.4543795664e-02  0.0000000000e+00  0.0000000000e+00
16.25  2  -1.2940952255e+00  0.0000000000e+00  0.0000000000e+00  -1.0115151599e+00  0.0000000000e+00  0.0000000000e+00  5.6765368592e-02  0.0000000000e+00  0.0000000000e+00
16.30  2  -1.3445991031e+00  0.0000000000e+00  0.0000000000e+00  -1.0086214814e+00  0.0000000000e+00  0.0000000000e+00  5.8980716557e-02  0.0000000000e+00  0.0000000000e+00
16.35  2  -1.3949555302e+00  0.0000000000e+00  0.0000000000e+00  -1.0056171961e+00  0.0000000000e+00  0.0000000000e+00  6.1189596623e-02  0.0000000000e+00  0.0000000000e+00
16.40  2  -1.4451589847e+00  0.0000000000e+00  0.0000000000e+00  -1.0025026335e+00  0.0000000000e+00  0.0000000000e+00  6.3391766560e-02  0.0000000000e+00  0.0000000000e+00
16.45  2  -1.4952039613e+00  0.0000000000e+00  0.0000000000e+00  -9.9927813528e-01  0.0000000000e+00  0.0000000000e+00  6.5586984875e-02  0.0000000000e+00  0.0000000000e+00
16.50  2  -1.5450849719e+00  0.0000000000e+00  0.0000000000e+00  -9.9594405491e-01  0.0000000000e+00  0.0000000000e+00  6.7775010838e-02  0.0000000000e+00  0.0000000000e+00
16.55  2  -1.5947965465e+00  0.0000000000e+00  0.0000000000e+00  -9.9250075806e-01  0.0000000000e+00  0.0000000000e+00  6.9955604507e-02  0.0000000000e+00  0.0000000000e+00
16.60  2  -1.6443332337e+00  0.0000000000e+00  0.0000000000e+00  -9.8894862232e-01  0.0000000000e+00  0.0000000000e+00  7.2128526756e-02  0.0000000000e+00  0.0000000000e+00
16.65  2  -1.6936896012e+00  0.0000000000e+00  0.0000000000e+00  -9.8528803722e-01  0.0000000000e+00  0.0000000000e+00  7.4293539299e-02  0.0000000000e+00  0.0000000000e+00
16.70  2  -1.7428602366e+00  0.0000000000e+00  0.0000000000e+00  -9.8151940418e-01  0.0000000000e+00  0.0000000000e+00  7.6450404719e-02  0.0000000000e+00  0.0000000000e+00
16.75  2  -1.7918397477e+00  0.0000000000e+00  0.0000000000e+00  -9.7764313647e-01  0.0000000000e+00  0.0000000000e+00  7.8598886490e-02  0.0000000000e+00  0.0000000000e+00
16.80  2  -1.8406227634e+00  0.0000000000e+00  0.0000000000e+00  -9.7365965918e-01  0.0000000000e+00  0.0000000000e+00  8.0738749007e-02  0.0000000000e+00  0.0000000000e+00
16.85  2  -1.8892039341e+00  0.0000000000e+00  0.0000000000e+00  -9.6956940914e-01  0.0000000000e+00  0.0000000000e+00  8.2869757611e-02  0.0000000000e+00  0.0000000000e+00
16.90  2  -1.9375779323e+00  0.0000000000e+00  0.0000000000e+00  -9.6537283488e-01  0.0000000000e+00  0.0000000000e+00  8.4991678612e-02  0.0000000000e+00  0.0000000000e+00
16.95  2  -1.9857394532e+00  0.0000000000e+00  0.0000000000e+00  -9.6107039662e-01  0.0000000000e+00  0.0000000000e+00  8.7104279318e-02  0.0000000000e+00  0.0000000000e+00
17.00  2  -2.0336832154e+00  0.0000000000e+00  0.0000000000e+00  -9.5666256615e-01  0.0000000000e+00  0.0000000000e+00  8.9207328057e-02  0.0000000000e+00  0.0000000000e+00
17.05  2  -2.0814039613e+00  0.0000000000e+00  0.0000000000e+00  -9.5214982685e-01  0.0000000000e+00  0.0000000000e+00  9.1300594208e-02  0.0000000000e+00  0.0000000000e+00
17.10  2  -2.1288964578e+00  0.0000000000e+00  0.0000000000e+00  -9.4753267360e-01  0.0000000000e+00  0.0000000000e+00  9.3383848221e-02  0.0000000000e+00  0.0000000000e+00
17.15  2  -2.1761554969e+00  0.0000000000e+00  0.0000000000e+00  -9.4281161271e-01  0.0000000000e+00  0.0000000000e+00  9.5456861641e-02  0.0000000000e+00  0.0000000000e+00
17.20  2  -2.2231758959e+00  0.0000000000e+00  0.0000000000e+00  -9.3798716190e-01  0.0000000000e+00  0.0000000000e+00  9.7519407141e-02  0.0000000000e+00  0.0000000000e+00
17.25  2  -2.2699524987e+00  0.0000000000e+00  0.0000000000e+00  -9.3305985023e-01  0.0000000000e+00  0.0000000000e+00  9.9571258540e-02  0.0000000000e+00  0.0000000000e+00
17.30  2  -2.3164801756e+00  0.0000000000e+00  0.0000000000e+00  -9.2803021803e-01  0.0000000000e+00  0.0000000000e+00  1.0161219083e-01  0.0000000000e+00  0.0000000000e+00
17.35  2  -2.3627538243e+00  0.0000000000e+00  0.0000000000e+00  -9.2289881686e-01  0.0000000000e+00  0.0000000000e+00  1.0364198019e-01  0.0000000000e+00  0.0000000000e+00
17.40  2  -2.4087683705e+00  0.0000000000e+00  0.0000000000e+00  -9.1766620944e-01  0.0000000000e+00  0.0000000000e+00  1.0566040405e-01  0.0000000000e+00  0.0000000000e+00
17.45  2  -2.4545187681e+00  0.0000000000e+00  0.0000000000e+00  -9.1233296957e-01  0.0000000000e+00  0.0000000000e+00  1.0766724105e-01  0.0000000000e+00  0.0000000000e+00
17.50  2  -2.5000000000e+00  0.0000000000e+00  0.0000000000e+00  -9.0689968212e-01  0.0000000000e+00  0.0000000000e+00  1.0966227112e-01  0.0000000000e+00  0.0000000000e+00
17.55  2  -2.5452070788e+00  0.0000000000e+00  0.0000000000e+00  -9.0136694289e-01  0.0000000000e+00  0.0000000000e+00  1.1164527549e-01  0.0000000000e+00  0.0000000000e+00
17.60  2  -2.5901350469e+00  0.0000000000e+00  0.0000000000e+00  -8.9573535862e-01  0.0000000000e+00  0.0000000000e+00  1.1361603670e-01  0.0000000000e+00  0.0000000000e+00
17.65  2  -2.6347789775e+00  0.0000000000e+00  0.0000000000e+00  -8.9000554688e-01  0.0000000000e+00  0.0000000000e+00  1.1557433863e-01  0.0000000000e+00  0.0000000000e+00
17.70  2  -2.6791339749e+00  0.0000000000e+00  0.0000000000e+00  -8.8417813599e-01  0.0000000000e+00  0.0000000000e+00  1.1751996653e-01  0.0000000000e+00  0.0000000000e+00
17.75  2  -2.7231951751e+00  0.0000000000e+00  0.0000000000e+00  -8.7825376501e-01  0.0000000000e+00  0.0000000000e+00  1.1945270704e-01  0.0000000000e+00  0.0000000000e+00
17.80  2  -2.7669577462e+00  0.0000000000e+00  0.0000000000e+00  -8.7223308361e-01  0.0000000000e+00  0.0000000000e+00  1.2137234822e-01  0.0000000000e+00  0.0000000000e+00
17.85  2  -2.8104168893e+00  0.0000000000e+00  0.0000000000e+00  -8.6611675202e-01  0.0000000000e+00  0.0000000000e+00  1.2327867955e-01  0.0000000000e+00  0.0000000000e+00
17.90  2  -2.8535678384e+00  0.0000000000e+00  0.0000000000e+00  -8.5990544097e-01  0.0000000000e+00  0.0000000000e+00  1.2517149199e-01  0.0000000000e+00  0.0000000000e+00
17.95  2  -2.8964058617e+00  0.0000000000e+00  0.0000000000e+00  -8.5359983160e-01  0.0000000000e+00  0.0000000000e+00  1.2705057796e-01  0.0000000000e+00  0.0000000000e+00
18.00  2  -2.9389262615e+00  0.0000000000e+00  0.0000000000e+00  -8.4720061539e-01  0.0000000000e+00  0.0000000000e+00  1.2891573140e-01  0.0000000000e+00  0.0000000000e+00
18.05  2  -2.9811243748e+00  0.0000000000e+00  0.0000000000e+00  -8.4070849408e-01  0.0000000000e+00  0.0000000000e+00  1.3076674778e-01  0.0000000000e+00  0.0000000000e+00
18.10  2  -3.0229955743e+00  0.0000000000e+00  0.0000000000e+00  -8.3412417961e-01  0.0000000000e+00  0.0000000000e+00  1.3260342411e-01  0.0000000000e+00  0.0000000000e+00
18.15  2  -3.0645352683e+00  0.0000000000e+00  0.0000000000e+00  -8.2744839403e-01  0.0000000000e+00  0.0000000000e+00  1.3442555898e-01  0.0000000000e+00  0.0000000000e+00
18.20  2  -3.1057389014e+00  0.0000000000e+00  0.0000000000e+00  -8.2068186940e-01  0.0000000000e+00  0.0000000000e+00  1.3623295258e-01  0.0000000000e+00  0.0000000000e+00
18.25  2  -3.1466019552e+00  0.0000000000e+00  0.0000000000e+00  -8.1382534776e-01  0.0000000000e+00  0.0000000000e+00  1.3802540669e-01  0.0000000000e+00  0.0000000000e+00
18.30  2  -3.1871199487e+00  0.0000000000e+00  0.0000000000e+00  -8.0687958100e-01  0.0000000000e+00  0.0000000000e+00  1.3980272477e-01  0.0000000000e+00  0.0000000000e+00
18.35  2  -3.2272884386e+00  0.0000000000e+00  0.0000000000e+00  -7.9984533080e-01  0.0000000000e+00  0.0000000000e+00  1.4156471190e-01  0.0000000000e+00  0.0000000000e+00
18.40  2  -3.2671030200e+00  0.0000000000e+00  0.0000000000e+00  -7.9272336855e-01  0.0000000000e+00  0.0000000000e+00  1.4331117486e-01  0.0000000000e+00  0.0000000000e+00
18.45  2  -3.3065593266e+00  0.0000000000e+00  0.0000000000e+00  -7.8551447524e-01  0.0000000000e+00  0.0000000000e+00  1.4504192214e-01  0.0000000000e+00  0.0000000000e+00
18.50  2  -3.3456530318e+00  0.0000000000e+00  0.0000000000e+00  -7.7821944142e-01  0.0000000000e+00  0.0000000000e+00  1.4675676394e-01  0.0000000000e+00  0.0000000000e+00
18.55  2  -3.3843798484e+00  0.0000000000e+00  0.0000000000e+00  -7.7083906707e-01  0.0000000000e+00  0.0000000000e+00  1.4845551221e-01  0.0000000000e+00  0.0000000000e+00
18.60  2  -3.4227355296e+00  0.0000000000e+00  0.0000000000e+00  -7.6337416153e-01  0.0000000000e+00  0.0000000000e+00  1.5013798065e-01  0.0000000000e+00  0.0000000000e+00
18.65  2  -3.4607158694e+00  0.0000000000e+00  0.0000000000e+00  -7.5582554342e-01  0.0000000000e+00  0.0000000000e+00  1.5180398478e-01  0.0000000000e+00  0.0000000000e+00
18.70  2  -3.4983167026e+00  0.0000000000e+00  0.0000000000e+00  -7.4819404051e-01  0.0000000000e+00  0.0000000000e+00  1.5345334188e-01  0.0000000000e+00  0.0000000000e+00
18.75  2  -3.5355339059e+00  0.0000000000e+00  0.0000000000e+00  -7.4048048969e-01  0.0000000000e+00  0.0000000000e+00  1.5508587110e-01  0.0000000000e+00  0.0000000000e+00
18.80  2  -3.5723633982e+00  0.0000000000e+00  0.0000000000e+00  -7.3268573685e-01  0.0000000000e+00  0.0000000000e+00  1.5670139341e-01  0.0000000000e+00  0.0000000000e+00
18.85  2  -3.6088011405e+00  0.0000000000e+00  0.0000000000e+00  -7.2481063675e-01  0.0000000000e+00  0.0000000000e+00  1.5829973164e-01  0.0000000000e+00  0.0000000000e+00
18.90  2  -3.6448431371e+00  0.0000000000e+00  0.0000000000e+00  -7.1685605301e-01  0.0000000000e+00  0.0000000000e+00  1.5988071052e-01  0.0000000000e+00  0.0000000000e+00
18.95  2  -3.6804854356e+00  0.0000000000e+00  0.0000000000e+00  -7.0882285792e-01  0.0000000000e+00  0.0000000000e+00  1.6144415668e-01  0.0000000000e+00  0.0000000000e+00
19.00  2  -3.7157241274e+00  0.0000000000e+00  0.0000000000e+00  -7.0071193241e-01  0.0000000000e+00  0.0000000000e+00  1.6298989867e-01  0.0000000000e+00  0.0000000000e+00
19.05  2  -3.7505553482e+00  0.0000000000e+00  0.0000000000e+00  -6.9252416594e-01  0.0000000000e+00  0.0000000000e+00  1.6451776698e-01  0.0000000000e+00  0.0000000000e+00
19.10  2  -3.7849752783e+00  0.0000000000e+00  0.0000000000e+00  -6.8426045640e-01  0.0000000000e+00  0.0000000000e+00  1.6602759406e-01  0.0000000000e+00  0.0000000000e+00
19.15  2  -3.8189801432e+00  0.0000000000e+00  0.0000000000e+00  -6.7592170999e-01  0.0000000000e+00  0.0000000000e+00  1.6751921435e-01  0.0000000000e+00  0.0000000000e+00
19.20  2  -3.8525662139e+00  0.0000000000e+00  0.0000000000e+00  -6.6750884114e-01  0.0000000000e+00  0.0000000000e+00  1.6899246427e-01  0.0000000000e+00  0.0000000000e+00
19.25  2  -3.8857298073e+00  0.0000000000e+00  0.0000000000e+00  -6.5902277243e-01  0.0000000000e+00  0.0000000000e+00  1.7044718226e-01  0.0000000000e+00  0.0000000000e+00
19.30  2  -3.9184672866e+00  0.0000000000e+00  0.0000000000e+00  -6.5046443444e-01  0.0000000000e+00  0.0000000000e+00  1.7188320879e-01  0.0000000000e+00  0.0000000000e+00
19.35  2  -3.9507750619e+00  0.0000000000e+00  0.0000000000e+00  -6.4183476570e-01  0.0000000000e+00  0.0000000000e+00  1.7330038639e-01  0.0000000000e+00  0.0000000000e+00
19.40  2  -3.9826495901e+00  0.0000000000e+00  0.0000000000e+00  -6.3313471254e-01  0.0000000000e+00  0.0000000000e+00  1.7469855966e-01  0.0000000000e+00  0.0000000000e+00
19.45  2  -4.0140873760e+00  0.0000000000e+00  0.0000000000e+00  -6.2436522903e-01  0.0000000000e+00  0.0000000000e+00  1.7607757525e-01  0.0000000000e+00  0.0000000000e+00
19.50  2  -4.0450849719e+00  0.0000000000e+00  0.0000000000e+00  -6.1552727683e-01  0.0000000000e+00  0.0000000000e+00  1.7743728196e-01  0.0000000000e+00  0.0000000000e+00
19.55  2  -4.0756389786e+00  0.0000000000e+00  0.0000000000e+00  -6.0662182513e-01  0.0000000000e+00  0.0000000000e+00  1.7877753067e-01  0.0000000000e+00  0.0000000000e+00
19.60  2  -4.1057460457e+00  0.0000000000e+00  0.0000000000e+00  -5.9764985051e-01  0.0000000000e+00  0.0000000000e+00  1.8009817441e-01  0.0000000000e+00  0.0000000000e+00
19.65  2  -4.1354028714e+00  0.0000000000e+00  0.0000000000e+00  -5.8861233686e-01  0.0000000000e+00  0.0000000000e+00  1.8139906835e-01  0.0000000000e+00  0.0000000000e+00
19.70  2  -4.1646062036e+00  0.0000000000e+00  0.0000000000e+00  -5.7951027522e-01  0.0000000000e+00  0.0000000000e+00  1.8268006985e-01  0.0000000000e+00  0.0000000000e+00
19.75  2  -4.1933528397e+00  0.0000000000e+00  0.0000000000e+00  -5.7034466375e-01  0.0000000000e+00  0.0000000000e+00  1.8394103841e-01  0.0000000000e+00  0.0000000000e+00
19.80  2  -4.2216396275e+00  0.0000000000e+00  0.0000000000e+00  -5.6111650757e-01  0.0000000000e+00  0.0000000000e+00  1.8518183577e-01  0.0000000000e+00  0.0000000000e+00
19.85  2  -4.2494634649e+00  0.0000000000e+00  0.0000000000e+00  -5.5182681863e-01  0.0000000000e+00  0.0000000000e+00  1.8640232585e-01  0.0000000000e+00  0.0000000000e+00
19.90  2  -4.2768213008e+00  0.0000000000e+00  0.0000000000e+00  -5.4247661567e-01  0.0000000000e+00  0.0000000000e+00  1.8760237481e-01  0.0000000000e+00  0.0000000000e+00
19.95  2  -4.3037101350e+00  0.0000000000e+00  0.0000000000e+00  -5.3306692403e-01  0.0000000000e+00  0.0000000000e+00  1.8878185106e-01  0.0000000000e+00  0.0000000000e+00
20.00  2  -4.3301270189e+00  0.0000000000e+00  0.0000000000e+00  -5.2359877560e-01  0.0000000000e+00  0.0000000000e+00  1.8994062526e-01  0.0000000000e+00  0.0000000000e+00
20.05  2  -4.3560690556e+00  0.0000000000e+00  0.0000000000e+00  -5.1407320866e-01  0.0000000000e+00  0.0000000000e+00  1.9107857032e-01  0.0000000000e+00  0.0000000000e+00
20.10  2  -4.3815334002e+00  0.0000000000e+00  0.0000000000e+00  -5.0449126780e-01  0.0000000000e+00  0.0000000000e+00  1.9219556147e-01  0.0000000000e+00  0.0000000000e+00
20.15  2  -4.4065172603e+00  0.0000000000e+00  0.0000000000e+00  -4.9485400379e-01  0.0000000000e+00  0.0000000000e+00  1.9329147620e-01  0.0000000000e+00  0.0000000000e+00
20.20  2  -4.4310178962e+00  0.0000000000e+00  0.0000000000e+00  -4.8516247346e-01  0.0000000000e+00  0.0000000000e+00  1.9436619435e-01  0.0000000000e+00  0.0000000000e+00
20.25  2  -4.4550326209e+00  0.0000000000e+00  0.0000000000e+00  -4.7541773959e-01  0.0000000000e+00  0.0000000000e+00  1.9541959806e-01  0.0000000000e+00  0.0000000000e+00
20.30  2  -4.4785588012e+00  0.0000000000e+00  0.0000000000e+00  -4.6562087082e-01  0.0000000000e+00  0.0000000000e+00  1.9645157180e-01  0.0000000000e+00  0.0000000000e+00
20.35  2  -4.5015938570e+00  0.0000000000e+00  0.0000000000e+00  -4.5577294147e-01  0.0000000000e+00  0.0000000000e+00  1.9746200241e-01  0.0000000000e+00  0.0000000000e+00
20.40  2  -4.5241352623e+00  0.0000000000e+00  0.0000000000e+00  -4.4587503148e-01  0.0000000000e+00  0.0000000000e+00  1.9845077909e-01  0.0000000000e+00  0.0000000000e+00
20.45  2  -4.5461805452e+00  0.0000000000e+00  0.0000000000e+00  -4.3592822627e-01  0.0000000000e+00  0.0000000000e+00  1.9941779341e-01  0.0000000000e+00  0.0000000000e+00
20.50  2  -4.5677272882e+00  0.0000000000e+00  0.0000000000e+00  -4.2593361661e-01  0.0000000000e+00  0.0000000000e+00  2.0036293932e-01  0.0000000000e+00  0.0000000000e+00
20.55  2  -4.5887731284e+00  0.0000000000e+00  0.0000000000e+00  -4.1589229854e-01  0.0000000000e+00  0.0000000000e+00  2.0128611317e-01  0.0000000000e+00  0.0000000000e+00
20.60  2  -4.6093157579e+00  0.0000000000e+00  0.0000000000e+00  -4.0580537318e-01  0.0000000000e+00  0.0000000000e+00  2.0218721374e-01  0.0000000000e+00  0.0000000000e+00
20.65  2  -4.6293529240e+00  0.0000000000e+00  0.0000000000e+00  -3.9567394670e-01  0.0000000000e+00  0.0000000000e+00  2.0306614219e-01  0.0000000000e+00  0.0000000000e+00
20.70  2  -4.6488824294e+00  0.0000000000e+00  0.0000000000e+00  -3.8549913011e-01  0.0000000000e+00  0.0000000000e+00  2.0392280216e-01  0.0000000000e+00  0.0000000000e+00
20.75  2  -4.6679021325e+00  0.0000000000e+00  0.0000000000e+00  -3.7528203919e-01  0.0000000000e+00  0.0000000000e+00  2.0475709969e-01  0.0000000000e+00  0.0000000000e+00
20.80  2  -4.6864099475e+00  0.0000000000e+00  0.0000000000e+00  -3.6502379437e-01  0.0000000000e+00  0.0000000000e+00  2.0556894330e-01  0.0000000000e+00  0.0000000000e+00
20.85  2  -4.7044038448e+00  0.0000000000e+00  0.0000000000e+00  -3.5472552058e-01  0.0000000000e+00  0.0000000000e+00  2.0635824396e-01  0.0000000000e+00  0.0000000000e+00
20.90  2  -4.7218818512e+00  0.0000000000e+00  0.0000000000e+00  -3.4438834713e-01  0.0000000000e+00  0.0000000000e+00  2.0712491511e-01  0.0000000000e+00  0.0000000000e+00
20.95  2  -4.7388420500e+00  0.0000000000e+00  0.0000000000e+00  -3.3401340763e-01  0.0000000000e+00  0.0000000000e+00  2.0786887268e-01  0.0000000000e+00  0.0000000000e+00
21.00  2  -4.7552825815e+00  0.0000000000e+00  0.0000000000e+00  -3.2360183979e-01  0.0000000000e+00  0.0000000000e+00  2.0859003509e-01  0.0000000000e+00  0.0000000000e+00
21.05  2  -4.7712016426e+00  0.0000000000e+00  0.0000000000e+00  -3.1315478536e-01  0.0000000000e+00  0.0000000000e+00  2.0928832324e-01  0.0000000000e+00  0.0000000000e+00
21.10  2  -4.7865974877e+00  0.0000000000e+00  0.0000000000e+00  -3.0267338998e-01  0.0000000000e+00  0.0000000000e+00  2.0996366058e-01  0.0000000000e+00  0.0000000000e+00
21.15  2  -4.8014684284e+00  0.0000000000e+00  0.0000000000e+00  -2.9215880305e-01  0.0000000000e+00  0.0000000000e+00  2.1061597303e-01  0.0000000000e+00  0.0000000000e+00
21.20  2  -4.8158128340e+00  0.0000000000e+00  0.0000000000e+00  -2.8161217762e-01  0.0000000000e+00  0.0000000000e+00  2.1124518907e-01  0.0000000000e+00  0.0000000000e+00
21.25  2  -4.8296291314e+00  0.0000000000e+00  0.0000000000e+00  -2.7103467023e-01  0.0000000000e+00  0.0000000000e+00  2.1185123969e-01  0.0000000000e+00  0.0000000000e+00
21.30  2  -4.8429158056e+00  0.0000000000e+00  0.0000000000e+00  -2.6042744085e-01  0.0000000000e+00  0.0000000000e+00  2.1243405844e-01  0.0000000000e+00  0.0000000000e+00
21.35  2  -4.8556713995e+00  0.0000000000e+00  0.0000000000e+00  -2.4979165265e-01  0.0000000000e+00  0.0000000000e+00  2.1299358140e-01  0.0000000000e+00  0.0000000000e+00
21.40  2  -4.8678945144e+00  0.0000000000e+00  0.0000000000e+00  -2.3912847199e-01  0.0000000000e+00  0.0000000000e+00  2.1352974721e-01  0.0000000000e+00  0.0000000000e+00
21.45  2  -4.8795838097e+00  0.0000000000e+00  0.0000000000e+00  -2.2843906820e-01  0.0000000000e+00  0.0000000000e+00  2.1404249708e-01  0.0000000000e+00  0.0000000000e+00
21.50  2  -4.8907380037e+00  0.0000000000e+00  0.0000000000e+00  -2.1772461349e-01  0.0000000000e+00  0.0000000000e+00  2.1453177478e-01  0.0000000000e+00  0.0000000000e+00
21.55  2  -4.9013558731e+00  0.0000000000e+00  0.0000000000e+00  -2.0698628282e-01  0.0000000000e+00  0.0000000000e+00  2.1499752665e-01  0.0000000000e+00  0.0000000000e+00
21.60  2  -4.9114362536e+00  0.0000000000e+00  0.0000000000e+00  -1.9622525377e-01  0.0000000000e+00  0.0000000000e+00  2.1543970162e-01  0.0000000000e+00  0.0000000000e+00
21.65  2  -4.9209780398e+00  0.0000000000e+00  0.0000000000e+00  -1.8544270642e-01  0.0000000000e+00  0.0000000000e+00  2.1585825120e-01  0.0000000000e+00  0.0000000000e+00
21.70  2  -4.9299801854e+00  0.0000000000e+00  0.0000000000e+00  -1.7463982318e-01  0.0000000000e+00  0.0000000000e+00  2.1625312949e-01  0.0000000000e+00  0.0000000000e+00
21.75  2  -4.9384417030e+00  0.0000000000e+00  0.0000000000e+00  -1.6381778871e-01  0.0000000000e+00  0.0000000000e+00  2.1662429318e-01  0.0000000000e+00  0.0000000000e+00
21.80  2  -4.9463616648e+00  0.0000000000e+00  0.0000000000e+00  -1.5297778978e-01  0.0000000000e+00  0.0000000000e+00  2.1697170158e-01  0.0000000000e+00  0.0000000000e+00
21.85  2  -4.9537392024e+00  0.0000000000e+00  0.0000000000e+00  -1.4212101511e-01  0.0000000000e+00  0.0000000000e+00  2.1729531659e-01  0.0000000000e+00  0.0000000000e+00
21.90  2  -4.9605735066e+00  0.0000000000e+00  0.0000000000e+00  -1.3124865527e-01  0.0000000000e+00  0.0000000000e+00  2.1759510272e-01  0.0000000000e+00  0.0000000000e+00
21.95  2  -4.9668638280e+00  0.0000000000e+00  0.0000000000e+00  -1.2036190254e-01  0.0000000000e+00  0.0000000000e+00  2.1787102710e-01  0.0000000000e+00  0.0000000000e+00
22.00  2  -4.9726094768e+00  0.0000000000e+00  0.0000000000e+00  -1.0946195076e-01  0.0000000000e+00  0.0000000000e+00  2.1812305946e-01  0.0000000000e+00  0.0000000000e+00
22.05  2  -4.9778098230e+00  0.0000000000e+00  0.0000000000e+00  -9.8549995254e-02  0.0000000000e+00  0.0000000000e+00  2.1835117216e-01  0.0000000000e+00  0.0000000000e+00
22.10  2  -4.9824642962e+00  0.0000000000e+00  0.0000000000e+00  -8.7627232627e-02  0.0000000000e+00  0.0000000000e+00  2.1855534021e-01  0.0000000000e+00  0.0000000000e+00
22.15  2  -4.9865723861e+00  0.0000000000e+00  0.0000000000e+00  -7.6694860686e-02  0.0000000000e+00  0.0000000000e+00  2.1873554119e-01  0.0000000000e+00  0.0000000000e+00
22.20  2  -4.9901336421e+00  0.0000000000e+00  0.0000000000e+00  -6.5754078289e-02  0.0000000000e+00  0.0000000000e+00  2.1889175536e-01  0.0000000000e+00  0.0000000000e+00
22.25  2  -4.9931476738e+00  0.0000000000e+00  0.0000000000e+00  -5.4806085217e-02  0.0000000000e+00  0.0000000000e+00  2.1902396558e-01  0.0000000000e+00  0.0000000000e+00
22.30  2  -4.9956141505e+00  0.0000000000e+00  0.0000000000e+00  -4.3852082040e-02  0.0000000000e+00  0.0000000000e+00  2.1913215736e-01  0.0000000000e+00  0.0000000000e+00
22.35  2  -4.9975328018e+00  0.0000000000e+00  0.0000000000e+00  -3.2893269988e-02  0.0000000000e+00  0.0000000000e+00  2.1921631882e-01  0.0000000000e+00  0.0000000000e+00
22.40  2  -4.9989034174e+00  0.0000000000e+00  0.0000000000e+00  -2.1930850818e-02  0.0000000000e+00  0.0000000000e+00  2.1927644075e-01  0.0000000000e+00  0.0000000000e+00
22.45  2  -4.9997258468e+00  0.0000000000e+00  0.0000000000e+00  -1.0966026683e-02  0.0000000000e+00  0.0000000000e+00  2.1931251654e-01  0.0000000000e+00  0.0000000000e+00
22.50  2  -5.0000000000e+00  0.0000000000e+00  0.0000000000e+00  -1.9236706937e-16  0.0000000000e+00  0.0000000000e+00  2.1932454225e-01  0.0000000000e+00  0.0000000000e+00
22.55  2  -4.9997258468e+00  0.0000000000e+00  0.0000000000e+00  1.0966026683e-02  0.0000000000e+00  0.0000000000e+00  2.1931251654e-01  0.0000000000e+00  0.0000000000e+00
22.60  2  -4.9989034174e+00  0.0000000000e+00  0.0000000000e+00  2.1930850818e-02  0.0000000000e+00  0.0000000000e+00  2.1927644075e-01  0.0000000000e+00  0.0000000000e+00
22.65  2  -4.9975328018e+00  0.0000000000e+00  0.0000000000e+00  3.2893269988e-02  0.0000000000e+00  0.0000000000e+00  2.1921631882e-01  0.0000000000e+00  0.0000000000e+00
22.70  2  -4.9956141505e+00  0.0000000000e+00  0.0000000000e+00  4.3852082040e-02  0.0000000000e+00  0.0000000000e+00  2.1913215736e-01  0.0000000000e+00  0.0000000000e+00
22.75  2  -4.9931476738e+00  0.0000000000e+00  0.0000000000e+00  5.4806085217e-02  0.0000000000e+00  0.0000000000e+00  2.1902396558e-01  0.0000000000e+00  0.0000000000e+00
22.80  2  -4.9901336421e+00  0.0000000000e+00  0.0000000000e+00  6.5754078289e-02  0.0000000000e+00  0.0000000000e+00  2.1889175536e-01  0.0000000000e+00  0.0000000000e+00
22.85  2  -4.9865723861e+00  0.0000000000e+00  0.0000000000e+00  7.6694860686e-02  0.0000000000e+00  0.0000000000e+00  2.1873554119e-01  0.0000000000e+00  0.0000000000e+00
22.90  2  -4.9824642962e+00  0.0000000000e+00  0.0000000000e+00  8.7627232627e-02  0.0000000000e+00  0.0000000000e+00  2.1855534021e-01  0.0000000000e+00  0.0000000000e+00
22.95  2  -4.9778098230e+00  0.0000000000e+00  0.0000000000e+00  9.8549995254e-02  0.0000000000e+00  0.0000000000e+00  2.1835117216e-01  0.0000000000e+00  0.0000000000e+00
23.00  2  -4.9726094768e+00  0.0000000000e+00  0.0000000000e+00  1.0946195076e-01  0.0000000000e+00  0.0000000000e+00  2.1812305946e-01  0.0000000000e+00  0.0000000000e+00
23.05  2  -4.9668638280e+00  0.0000000000e+00  0.0000000000e+00  1.2036190254e-01  0.0000000000e+00  0.0000000000e+00  2.1787102710e-01  0.0000000000e+00  0.0000000000e+00
23.10  2  -4.9605735066e+00  0.0000000000e+00  0.0000000000e+00  1.3124865527e-01  0.0000000000e+00  0.0000000000e+00  2.1759510272e-01  0.0000000000e+00  0.0000000000e+00
23.15  2  -4.9537392024e+00  0.0000000000e+00  0.0000000000e+00  1.4212101511e-01  0.0000000000e+00  0.0000000000e+00  2.1729531659e-01  0.0000000000e+00  0.0000000000e+00
23.20  2  -4.9463616648e+00  0.0000000000e+00  0.0000000000e+00  1.5297778978e-01  0.0000000000e+00  0.0000000000e+00  2.1697170158e-01  0.0000000000e+00  0.0000000000e+00
23.25  2  -4.9384417030e+00  0.0000000000e+00  0.0000000000e+00  1.6381778871e-01  0.0000000000e+00  0.0000000000e+00  2.1662429318e-01  0.0000000000e+00  0.0000000000e+00
23.30  2  -4.9299801854e+00  0.0000000000e+00  0.0000000000e+00  1.7463982318e-01  0.0000000000e+00  0.0000000000e+00  2.1625312949e-01  0.0000000000e+00  0.0000000000e+00
23.35  2  -4.9209780398e+00  0.0000000000e+00  0.0000000000e+00  1.8544270642e-01  0.0000000000e+00  0.0000000000e+00  2.1585825120e-01  0.0000000000e+00  0.0000000000e+00
23.40  2  -4.9114362536e+00  0.0000000000e+00  0.0000000000e+00  1.9622525377e-01  0.0000000000e+00  0.0000000000e+00  2.1543970162e-01  0.0000000000e+00  0.0000000000e+00
23.45  2  -4.9013558731e+00  0.0000000000e+00  0.0000000000e+00  2.0698628282e-01  0.0000000000e+00  0.0000000000e+00  2.1499752665e-01  0.0000000000e+00  0.0000000000e+00
23.50  2  -4.8907380037e+00  0.0000000000e+00  0.0000000000e+00  2.1772461349e-01  0.0000000000e+00  0.0000000000e+00  2.1453177478e-01  0.0000000000e+00  0.0000000000e+00
23.55  2  -4.8795838097e+00  0.0000000000e+00  0.0000000000e+00  2.2843906820e-01  0.0000000000e+00  0.0000000000e+00  2.1404249708e-01  0.0000000000e+00  0.0000000000e+00
23.60  2  -4.8678945144e+00  0.0000000000e+00  0.0000000000e+00  2.3912847199e-01  0.0000000000e+00  0.0000000000e+00  2.1352974721e-01  0.0000000000e+00  0.0000000000e+00
23.65  2  -4.8556713995e+00  0.0000000000e+00  0.0000000000e+00  2.4979165265e-01  0.0000000000e+00  0.0000000000e+00  2.1299358140e-01  0.0000000000e+00  0.0000000000e+00
23.70  2  -4.8429158056e+00  0.0000000000e+00  0.0000000000e+00  2.6042744085e-01  0.0000000000e+00  0.0000000000e+00  2.1243405844e-01  0.0000000000e+00  0.0000000000e+00
23.75  2  -4.8296291314e+00  0.0000000000e+00  0.0000000000e+00  2.7103467023e-01  0.0000000000e+00  0.0000000000e+00  2.1185123969e-01  0.0000000000e+00  0.0000000000e+00
23.80  2  -4.8158128340e+00  0.0000000000e+00  0.0000000000e+00  2.8161217762e-01  0.0000000000e+00  0.0000000000e+00  2.1124518907e-01  0.0000000000e+00  0.0000000000e+00
23.85  2  -4.8014684284e+00  0.0000000000e+00  0.0000000000e+00  2.9215880305e-01  0.0000000000e+00  0.0000000000e+00  2.1061597303e-01  0.0000000000e+00  0.0000000000e+00
23.90  2  -4.7865974877e+00  0.0000000000e+00  0.0000000000e+00  3.0267338998e-01  0.0000000000e+00  0.0000000000e+00  2.0996366058e-01  0.0000000000e+00  0.0000000000e+00
23.95  2  -4.7712016426e+00  0.0000000000e+00  0.0000000000e+00  3.1315478536e-01  0.0000000000e+00  0.0000000000e+00  2.0928832324e-01  0.0000000000e+00  0.0000000000e+00
24.00  2  -4.7552825815e+00  0.0000000000e+00  0.0000000000e+00  3.2360183979e-01  0.0000000000e+00  0.0000000000e+00  2.0859003509e-01  0.0000000000e+00  0.0000000000e+00
24.05  2  -4.7388420500e+00  0.0000000000e+00  0.0000000000e+00  3.3401340763e-01  0.0000000000e+00  0.0000000000e+00  2.0786887268e-01  0.0000000000e+00  0.0000000000e+00
24.10  2  -4.7218818512e+00  0.0000000000e+00  0.0000000000e+00  3.4438834713e-01  0.0000000000e+00  0.0000000000e+00  2.0712491511e-01  0.0000000000e+00  0.0000000000e+00
24.15  2  -4.7044038448e+00  0.0000000000e+00  0.0000000000e+00  3.5472552058e-01  0.0000000000e+00  0.0000000000e+00  2.0635824396e-01  0.0000000000e+00  0.0000000000e+00
24.20  2  -4.6864099475e+00  0.0000000000e+00  0.0000000000e+00  3.6502379437e-01  0.0000000000e+00  0.0000000000e+00  2.0556894330e-01  0.0000000000e+00  0.0000000000e+00
24.25  2  -4.6679021325e+00  0.0000000000e+00  0.0000000000e+00  3.7528203919e-01  0.0000000000e+00  0.0000000000e+00  2.0475709969e-01  0.0000000000e+00  0.0000000000e+00
24.30  2  -4.6488824294e+00  0.0000000000e+00  0.0000000000e+00  3.8549913011e-01  0.0000000000e+00  0.0000000000e+00  2.0392280216e-01  0.0000000000e+00  0.0000000000e+00
24.35  2  -4.6293529240e+00  0.0000000000e+00  0.0000000000e+00  3.9567394670e-01  0.0000000000e+00  0.0000000000e+00  2.0306614219e-01  0.0000000000e+00  0.0000000000e+00
24.40  2  -4.6093157579e+00  0.0000000000e+00  0.0000000000e+00  4.0580537318e-01  0.0000000000e+00  0.0000000000e+00  2.0218721374e-01  0.0000000000e+00  0.0000000000e+00
24.45  2  -4.5887731284e+00  0.0000000000e+00  0.0000000000e+00  4.1589229854e-01  0.0000000000e+00  0.0000000000e+00  2.0128611317e-01  0.0000000000e+00  0.0000000000e+00
24.50  2  -4.5677272882e+00  0.0000000000e+00  0.0000000000e+00  4.2593361661e-01  0.0000000000e+00  0.0000000000e+00  2.0036293932e-01  0.0000000000e+00  0.0000000000e+00
24.55  2  -4.5461805452e+00  0.0000000000e+00  0.0000000000e+00  4.3592822627e-01  0.0000000000e+00  0.0000000000e+00  1.9941779341e-01  0.0000000000e+00  0.0000000000e+00
24.60  2  -4.5241352623e+00  0.0000000000e+00  0.0000000000e+00  4.4587503148e-01  0.0000000000e+00  0.0000000000e+00  1.9845077909e-01  0.0000000000e+00  0.0000000000e+00
24.65  2  -4.5015938570e+00  0.0000000000e+00  0.0000000000e+00  4.5577294147e-01  0.0000000000e+00  0.0000000000e+00  1.9746200241e-01  0.0000000000e+00  0.0000000000e+00
24.70  2  -4.4785588012e+00  0.0000000000e+00  0.0000000000e+00  4.6562087082e-01  0.0000000000e+00  0.0000000000e+00  1.9645157180e-01  0.0000000000e+00  0.0000000000e+00
24.75  2  -4.4550326209e+00  0.0000000000e+00  0.0000000000e+00  4.7541773959e-01  0.0000000000e+00  0.0000000000e+00  1.9541959806e-01  0.0000000000e+00  0.0000000000e+00
24.80  2  -4.4310178962e+00  0.0000000000e+00  0.0000000000e+00  4.8516247346e-01  0.0000000000e+00  0.0000000000e+00  1.9436619435e-01  0.0000000000e+00  0.0000000000e+00
24.85  2  -4.4065172603e+00  0.0000000000e+00  0.0000000000e+00  4.9485400379e-01  0.0000000000e+00  0.0000000000e+00  1.9329147620e-01  0.0000000000e+00  0.0000000000e+00
24.90  2  -4.3815334002e+00  0.0000000000e+00  0.0000000000e+00  5.0449126780e-01  0.0000000000e+00  0.0000000000e+00  1.9219556147e-01  0.0000000000e+00  0.0000000000e+00
24.95  2  -4.3560690556e+00  0.0000000000e+00  0.0000000000e+00  5.1407320866e-01  0.0000000000e+00  0.0000000000e+00  1.9107857032e-01  0.0000000000e+00  0.0000000000e+00
25.00  2  -4.3301270189e+00  0.0000000000e+00  0.0000000000e+00  5.2359877560e-01  0.0000000000e+00  0.0000000000e+00  1.8994062526e-01  0.0000000000e+00  0.0000000000e+00
25.05  2  -4.3037101350e+00  0.0000000000e+00  0.0000000000e+00  5.3306692403e-01  0.0000000000e+00  0.0000000000e+00  1.8878185106e-01  0.0000000000e+00  0.0000000000e+00
25.10  2  -4.2768213008e+00  0.0000000000e+00  0.0000000000e+00  5.4247661567e-01  0.0000000000e+00  0.0000000000e+00  1.8760237481e-01  0.0000000000e+00  0.0000000000e+00
25.15  2  -4.2494634649e+00  0.0000000000e+00  0.0000000000e+00  5.5182681863e-01  0.0000000000e+00  0.0000000000e+00  1.8640232585e-01  0.0000000000e+00  0.0000000000e+00
25.20  2  -4.2216396275e+00  0.0000000000e+00  0.0000000000e+00  5.6111650757e-01  0.0000000000e+00  0.0000000000e+00  1.8518183577e-01  0.0000000000e+00  0.0000000000e+00
25.25  2  -4.1933528397e+00  0.0000000000e+00  0.0000000000e+00  5.7034466375e-01  0.0000000000e+00  0.0000000000e+00  1.8394103841e-01  0.0000000000e+00  0.0000000000e+00
25.30  2  -4.1646062036e+00  0.0000000000e+00  0.0000000000e+00  5.7951027522e-01  0.0000000000e+00  0.0000000000e+00  1.8268006985e-01  0.0000000000e+00  0.0000000000e+00
25.35  2  -4.1354028714e+00  0.0000000000e+00  0.0000000000e+00  5.8861233686e-01  0.0000000000e+00  0.0000000000e+00  1.8139906835e-01  0.0000000000e+00  0.0000000000e+00
25.40  2  -4.1057460457e+00  0.0000000000e+00  0.0000000000e+00  5.9764985051e-01  0.0000000000e+00  0.0000000000e+00  1.8009817441e-01  0.0000000000e+00  0.0000000000e+00
25.45  2  -4.0756389786e+00  0.0000000000e+00  0.0000000000e+00  6.0662182513e-01  0.0000000000e+00  0.0000000000e+00  1.7877753067e-01  0.0000000000e+00  0.0000000000e+00
25.50  2  -4.0450849719e+00  0.0000000000e+00  0.0000000000e+00  6.1552727683e-01  0.0000000000e+00  0.0000000000e+00  1.7743728196e-01  0.0000000000e+00  0.0000000000e+00
25.55  2  -4.0140873760e+00  0.0000000000e+00  0.0000000000e+00  6.2436522903e-01  0.0000000000e+00  0.0000000000e+00  1.7607757525e-01  0.0000000000e+00  0.0000000000e+00
25.60  2  -3.9826495901e+00  0.0000000000e+00  0.0000000000e+00  6.3313471254e-01  0.0000000000e+00  0.0000000000e+00  1.7469855966e-01  0.0000000000e+00  0.0000000000e+00
25.65  2  -3.9507750619e+00  0.0000000000e+00  0.0000000000e+00  6.4183476570e-01  0.0000000000e+00  0.0000000000e+00  1.7330038639e-01  0.0000000000e+00  0.0000000000e+00
25.70  2  -3.9184672866e+00  0.0000000000e+00  0.0000000000e+00  6.5046443444e-01  0.0000000000e+00  0.0000000000e+00  1.7188320879e-01  0.0000000000e+00  0.0000000000e+00
25.75  2  -3.8857298073e+00  0.0000000000e+00  0.0000000000e+00  6.5902277243e-01  0.0000000000e+00  0.0000000000e+00  1.7044718226e-01  0.0000000000e+00  0.0000000000e+00
25.80  2  -3.8525662139e+00  0.0000000000e+00  0.0000000000e+00  6.6750884114e-01  0.0000000000e+00  0.0000000000e+00  1.6899246427e-01  0.0000000000e+00  0.0000000000e+00
25.85  2  -3.8189801432e+00  0.0000000000e+00  0.0000000000e+00  6.7592170999e-01  0.0000000000e+00  0.0000000000e+00  1.6751921435e-01  0.0000000000e+00  0.0000000000e+00
25.90  2  -3.7849752783e+00  0.0000000000e+00  0.0000000000e+00  6.8426045640e-01  0.0000000000e+00  0.0000000000e+00  1.6602759406e-01  0.0000000000e+00  0.0000000000e+00
25.95  2  -3.7505553482e+00  0.0000000000e+00  0.0000000000e+00  6.9252416594e-01  0.0000000000e+00  0.0000000000e+00  1.6451776698e-01  0.0000000000e+00  0.0000000000e+00
26.00  2  -3.7157241274e+00  0.0000000000e+00  0.0000000000e+00  7.0071193241e-01  0.0000000000e+00  0.0000000000e+00  1.6298989867e-01  0.0000000000e+00  0.0000000000e+00
26.05  2  -3.6804854356e+00  0.0000000000e+00  0.0000000000e+00  7.0882285792e-01  0.0000000000e+00  0.0000000000e+00  1.6144415668e-01  0.0000000000e+00  0.0000000000e+00
26.10  2  -3.6448431371e+00  0.0000000000e+00  0.0000000000e+00  7.1685605301e-01  0.0000000000e+00  0.0000000000e+00  1.5988071052e-01  0.0000000000e+00  0.0000000000e+00
26.15  2  -3.6088011405e+00  0.0000000000e+00  0.0000000000e+00  7.2481063675e-01  0.0000000000e+00  0.0000000000e+00  1.5829973164e-01  0.0000000000e+00  0.0000000000e+00
26.20  2  -3.5723633982e+00  0.0000000000e+00  0.0000000000e+00  7.3268573685e-01  0.0000000000e+00  0.0000000000e+00  1.5670139341e-01  0.0000000000e+00  0.0000000000e+00
26.25  2  -3.5355339059e+00  0.0000000000e+00  0.0000000000e+00  7.4048048969e-01  0.0000000000e+00  0.0000000000e+00  1.5508587110e-01  0.0000000000e+00  0.0000000000e+00
26.30  2  -3.4983167026e+00  0.0000000000e+00  0.0000000000e+00  7.4819404051e-01  0.0000000000e+00  0.0000000000e+00  1.5345334188e-01  0.0000000000e+00  0.0000000000e+00
26.35  2  -3.4607158694e+00  0.0000000000e+00  0.0000000000e+00  7.5582554342e-01  0.0000000000e+00  0.0000000000e+00  1.5180398478e-01  0.0000000000e+00  0.0000000000e+00
26.40  2  -3.4227355296e+00  0.0000000000e+00  0.0000000000e+00  7.6337416153e-01  0.0000000000e+00  0.0000000000e+00  1.5013798065e-01  0.0000000000e+00  0.0000000000e+00
26.45  2  -3.3843798484e+00  0.0000000000e+00  0.0000000000e+00  7.7083906707e-01  0.0000000000e+00  0.0000000000e+00  1.4845551221e-01  0.0000000000e+00  0.0000000000e+00
26.50  2  -3.3456530318e+00  0.0000000000e+00  0.0000000000e+00  7.7821944142e-01  0.0000000000e+00  0.0000000000e+00  1.4675676394e-01  0.0000000000e+00  0.0000000000e+00
26.55  2  -3.3065593266e+00  0.0000000000e+00  0.0000000000e+00  7.8551447524e-01  0.0000000000e+00  0.0000000000e+00  1.4504192214e-01  0.0000000000e+00  0.0000000000e+00
26.60  2  -3.2671030200e+00  0.0000000000e+00  0.0000000000e+00  7.9272336855e-01  0.0000000000e+00  0.0000000000e+00  1.4331117486e-01  0.0000000000e+00  0.0000000000e+00
26.65  2  -3.2272884386e+00  0.0000000000e+00  0.0000000000e+00  7.9984533080e-01  0.0000000000e+00  0.0000000000e+00  1.4156471190e-01  0.0000000000e+00  0.0000000000e+00
26.70  2  -3.1871199487e+00  0.0000000000e+00  0.0000000000e+00  8.0687958100e-01  0.0000000000e+00  0.0000000000e+00  1.3980272477e-01  0.0000000000e+00  0.0000000000e+00
26.75  2  -3.1466019552e+00  0.0000000000e+00  0.0000000000e+00  8.1382534776e-01  0.0000000000e+00  0.0000000000e+00  1.3802540669e-01  0.0000000000e+00  0.0000000000e+00
26.80  2  -3.1057389014e+00  0.0000000000e+00  0.0000000000e+00  8.2068186940e-01  0.0000000000e+00  0.0000000000e+00  1.3623295258e-01  0.0000000000e+00  0.0000000000e+00
26.85  2  -3.0645352683e+00  0.0000000000e+00  0.0000000000e+00  8.2744839403e-01  0.0000000000e+00  0.0000000000e+00  1.3442555898e-01  0.0000000000e+00  0.0000000000e+00
26.90  2  -3.0229955743e+00  0.0000000000e+00  0.0000000000e+00  8.3412417961e-01  0.0000000000e+00  0.0000000000e+00  1.3260342411e-01  0.0000000000e+00  0.0000000000e+00
26.95  2  -2.9811243748e+00  0.0000000000e+00  0.0000000000e+00  8.4070849408e-01  0.0000000000e+00  0.0000000000e+00  1.3076674778e-01  0.0000000000e+00  0.0000000000e+00
27.00  2  -2.9389262615e+00  0.0000000000e+00  0.0000000000e+00  8.4720061539e-01  0.0000000000e+00  0.0000000000e+00  1.2891573140e-01  0.0000000000e+00  0.0000000000e+00
27.05  2  -2.8964058617e+00  0.0000000000e+00  0.0000000000e+00  8.5359983160e-01  0.0000000000e+00  0.0000000000e+00  1.2705057796e-01  0.0000000000e+00  0.0000000000e+00
27.10  2  -2.8535678384e+00  0.0000000000e+00  0.0000000000e+00  8.5990544097e-01  0.0000000000e+00  0.0000000000e+00  1.2517149199e-01  0.0000000000e+00  0.0000000000e+00
27.15  2  -2.8104168893e+00  0.0000000000e+00  0.0000000000e+00  8.6611675202e-01  0.0000000000e+00  0.0000000000e+00  1.2327867955e-01  0.0000000000e+00  0.0000000000e+00
27.20  2  -2.7669577462e+00  0.0000000000e+00  0.0000000000e+00  8.7223308361e-01  0.0000000000e+00  0.0000000000e+00  1.2137234822e-01  0.0000000000e+00  0.0000000000e+00
27.25  2  -2.7231951751e+00  0.0000000000e+00  0.0000000000e+00  8.7825376501e-01  0.0000000000e+00  0.0000000000e+00  1.1945270704e-01  0.0000000000e+00  0.0000000000e+00
27.30  2  -2.6791339749e+00  0.0000000000e+00  0.0000000000e+00  8.8417813599e-01  0.0000000000e+00  0.0000000000e+00  1.1751996653e-01  0.0000000000e+00  0.0000000000e+00
27.35  2  -2.6347789775e+00  0.0000000000e+00  0.0000000000e+00  8.9000554688e-01  0.0000000000e+00  0.0000000000e+00  1.1557433863e-01  0.0000000000e+00  0.0000000000e+00
27.40  2  -2.5901350469e+00  0.0000000000e+00  0.0000000000e+00  8.9573535862e-01  0.0000000000e+00  0.0000000000e+00  1.1361603670e-01  0.0000000000e+00  0.0000000000e+00
27.45  2  -2.5452070788e+00  0.0000000000e+00  0.0000000000e+00  9.0136694289e-01  0.0000000000e+00  0.0000000000e+00  1.1164527549e-01  0.0000000000e+00  0.0000000000e+00
27.50  2  -2.5000000000e+00  0.0000000000e+00  0.0000000000e+00  9.0689968212e-01  0.0000000000e+00  0.0000000000e+00  1.0966227112e-01  0.0000000000e+00  0.0000000000e+00
27.55  2  -2.4545187681e+00  0.0000000000e+00  0.0000000000e+00  9.1233296957e-01  0.0000000000e+00  0.0000000000e+00  1.0766724105e-01  0.0000000000e+00  0.0000000000e+00
27.60  2  -2.4087683705e+00  0.0000000000e+00  0.0000000000e+00  9.1766620944e-01  0.0000000000e+00  0.0000000000e+00  1.0566040405e-01  0.0000000000e+00  0.0000000000e+00
27.65  2  -2.3627538243e+00  0.0000000000e+00  0.0000000000e+00  9.2289881686e-01  0.0000000000e+00  0.0000000000e+00  1.0364198019e-01  0.0000000000e+00  0.0000000000e+00
27.70  2  -2.3164801756e+00  0.0000000000e+00  0.0000000000e+00  9.2803021803e-01  0.0000000000e+00  0.0000000000e+00  1.0161219083e-01  0.0000000000e+00  0.0000000000e+00
27.75  2  -2.2699524987e+00  0.0000000000e+00  0.0000000000e+00  9.3305985023e-01  0.0000000000e+00  0.0000000000e+00  9.9571258540e-02  0.0000000000e+00  0.0000000000e+00
27.80  2  -2.2231758959e+00  0.0000000000e+00  0.0000000000e+00  9.3798716190e-01  0.0000000000e+00  0.0000000000e+00  9.7519407141e-02  0.0000000000e+00  0.0000000000e+00
27.85  2  -2.1761554969e+00  0.0000000000e+00  0.0000000000e+00  9.4281161271e-01  0.0000000000e+00  0.0000000000e+00  9.5456861641e-02  0.0000000000e+00  0.0000000000e+00
27.90  2  -2.1288964578e+00  0.0000000000e+00  0.0000000000e+00  9.4753267360e-01  0.0000000000e+00  0.0000000000e+00  9.3383848221e-02  0.0000000000e+00  0.0000000000e+00
27.95  2  -2.0814039613e+00  0.0000000000e+00  0.0000000000e+00  9.5214982685e-01  0.0000000000e+00  0.0000000000e+00  9.1300594208e-02  0.0000000000e+00  0.0000000000e+00
28.00  2  -2.0336832154e+00  0.0000000000e+00  0.0000000000e+00  9.5666256615e-01  0.0000000000e+00  0.0000000000e+00  8.9207328057e-02  0.0000000000e+00  0.0000000000e+00
28.05  2  -1.9857394532e+00  0.0000000000e+00  0.0000000000e+00  9.6107039662e-01  0.0000000000e+00  0.0000000000e+00  8.7104279318e-02  0.0000000000e+00  0.0000000000e+00
28.10  2  -1.9375779323e+00  0.0000000000e+00  0.0000000000e+00  9.6537283488e-01  0.0000000000e+00  0.0000000000e+00  8.4991678612e-02  0.0000000000e+00  0.0000000000e+00
28.15  2  -1.8892039341e+00  0.0000000000e+00  0.0000000000e+00  9.6956940914e-01  0.0000000000e+00  0.0000000000e+00  8.2869757611e-02  0.0000000000e+00  0.0000000000e+00
28.20  2  -1.8406227634e+00  0.0000000000e+00  0.0000000000e+00  9.7365965918e-01  0.0000000000e+00  0.0000000000e+00  8.0738749007e-02  0.0000000000e+00  0.0000000000e+00
28.25  2  -1.7918397477e+00  0.0000000000e+00  0.0000000000e+00  9.7764313647e-01  0.0000000000e+00  0.0000000000e+00  7.8598886490e-02  0.0000000000e+00  0.0000000000e+00
28.30  2  -1.7428602366e+00  0.0000000000e+00  0.0000000000e+00  9.8151940418e-01  0.0000000000e+00  0.0000000000e+00  7.6450404719e-02  0.0000000000e+00  0.0000000000e+00
28.35  2  -1.6936896012e+00  0.0000000000e+00  0.0000000000e+00  9.8528803722e-01  0.0000000000e+00  0.0000000000e+00  7.4293539299e-02  0.0000000000e+00  0.0000000000e+00
28.40  2  -1.6443332337e+00  0.0000000000e+00  0.0000000000e+00  9.8894862232e-01  0.0000000000e+00  0.0000000000e+00  7.2128526756e-02  0.0000000000e+00  0.0000000000e+00
28.45  2  -1.5947965465e+00  0.0000000000e+00  0.0000000000e+00  9.9250075806e-01  0.0000000000e+00  0.0000000000e+00  6.9955604507e-02  0.0000000000e+00  0.0000000000e+00
28.50  2  -1.5450849719e+00  0.0000000000e+00  0.0000000000e+00  9.9594405491e-01  0.0000000000e+00  0.0000000000e+00  6.7775010838e-02  0.0000000000e+00  0.0000000000e+00
28.55  2  -1.4952039613e+00  0.0000000000e+00  0.0000000000e+00  9.9927813528e-01  0.0000000000e+00  0.0000000000e+00  6.5586984875e-02  0.0000000000e+00  0.0000000000e+00
28.60  2  -1.4451589847e+00  0.0000000000e+00  0.0000000000e+00  1.0025026335e+00  0.0000000000e+00  0.0000000000e+00  6.3391766560e-02  0.0000000000e+00  0.0000000000e+00
28.65  2  -1.3949555302e+00  0.0000000000e+00  0.0000000000e+00  1.0056171961e+00  0.0000000000e+00  0.0000000000e+00  6.1189596623e-02  0.0000000000e+00  0.0000000000e+00
28.70  2  -1.3445991031e+00  0.0000000000e+00  0.0000000000e+00  1.0086214814e+00  0.0000000000e+00  0.0000000000e+00  5.8980716557e-02  0.0000000000e+00  0.0000000000e+00
28.75  2  -1.2940952255e+00  0.0000000000e+00  0.0000000000e+00  1.0115151599e+00  0.0000000000e+00  0.0000000000e+00  5.6765368592e-02  0.0000000000e+00  0.0000000000e+00
28.80  2  -1.2434494358e+00  0.0000000000e+00  0.0000000000e+00  1.0142979145e+00  0.0000000000e+00  0.0000000000e+00  5.4543795664e-02  0.0000000000e+00  0.0000000000e+00
28.85  2  -1.1926672879e+00  0.0000000000e+00  0.0000000000e+00  1.0169694398e+00  0.0000000000e+00  0.0000000000e+00  5.2316241394e-02  0.0000000000e+00  0.0000000000e+00
28.90  2  -1.1417543506e+00  0.0000000000e+00  0.0000000000e+00  1.0195294430e+00  0.0000000000e+00  0.0000000000e+00  5.0082950059e-02  0.0000000000e+00  0.0000000000e+00
28.95  2  -1.0907162070e+00  0.0000000000e+00  0.0000000000e+00  1.0219776433e+00  0.0000000000e+00  0.0000000000e+00  4.7844166563e-02  0.0000000000e+00  0.0000000000e+00
29.00  2  -1.0395584541e+00  0.0000000000e+00  0.0000000000e+00  1.0243137722e+00  0.0000000000e+00  0.0000000000e+00  4.5600136416e-02  0.0000000000e+00  0.0000000000e+00
29.05  2  -9.8828670190e-01  0.0000000000e+00  0.0000000000e+00  1.0265375736e+00  0.0000000000e+00  0.0000000000e+00  4.3351105700e-02  0.0000000000e+00  0.0000000000e+00
29.10  2  -9.3690657293e-01  0.0000000000e+00  0.0000000000e+00  1.0286488035e+00  0.0000000000e+00  0.0000000000e+00  4.1097321047e-02  0.0000000000e+00  0.0000000000e+00
29.15  2  -8.8542370160e-01  0.0000000000e+00  0.0000000000e+00  1.0306472306e+00  0.0000000000e+00  0.0000000000e+00  3.8839029609e-02  0.0000000000e+00  0.0000000000e+00
29.20  2  -8.3384373358e-01  0.0000000000e+00  0.0000000000e+00  1.0325326355e+00  0.0000000000e+00  0.0000000000e+00  3.6576479035e-02  0.0000000000e+00  0.0000000000e+00
29.25  2  -7.8217232520e-01  0.0000000000e+00  0.0000000000e+00  1.0343048116e+00  0.0000000000e+00  0.0000000000e+00  3.4309917437e-02  0.0000000000e+00  0.0000000000e+00
29.30  2  -7.3041514281e-01  0.0000000000e+00  0.0000000000e+00  1.0359635645e+00  0.0000000000e+00  0.0000000000e+00  3.2039593369e-02  0.0000000000e+00  0.0000000000e+00
29.35  2  -6.7857786217e-01  0.0000000000e+00  0.0000000000e+00  1.0375087124e+00  0.0000000000e+00  0.0000000000e+00  2.9765755800e-02  0.0000000000e+00  0.0000000000e+00
29.40  2  -6.2666616782e-01  0.0000000000e+00  0.0000000000e+00  1.0389400857e+00  0.0000000000e+00  0.0000000000e+00  2.7488654080e-02  0.0000000000e+00  0.0000000000e+00
29.45  2  -5.7468575246e-01  0.0000000000e+00  0.0000000000e+00  1.0402575276e+00  0.0000000000e+00  0.0000000000e+00  2.5208537919e-02  0.0000000000e+00  0.0000000000e+00
29.50  2  -5.2264231634e-01  0.0000000000e+00  0.0000000000e+00  1.0414608934e+00  0.0000000000e+00  0.0000000000e+00  2.2925657358e-02  0.0000000000e+00  0.0000000000e+00
29.55  2  -4.7054156659e-01  0.0000000000e+00  0.0000000000e+00  1.0425500514e+00  0.0000000000e+00  0.0000000000e+00  2.0640262740e-02  0.0000000000e+00  0.0000000000e+00
29.60  2  -4.1838921666e-01  0.0000000000e+00  0.0000000000e+00  1.0435248820e+00  0.0000000000e+00  0.0000000000e+00  1.8352604685e-02  0.0000000000e+00  0.0000000000e+00
29.65  2  -3.6619098564e-01  0.0000000000e+00  0.0000000000e+00  1.0443852783e+00  0.0000000000e+00  0.0000000000e+00  1.6062934060e-02  0.0000000000e+00  0.0000000000e+00
29.70  2  -3.1395259765e-01  0.0000000000e+00  0.0000000000e+00  1.0451311460e+00  0.0000000000e+00  0.0000000000e+00  1.3771501953e-02  0.0000000000e+00  0.0000000000e+00
29.75  2  -2.6167978121e-01  0.0000000000e+00  0.0000000000e+00  1.0457624033e+00  0.0000000000e+00  0.0000000000e+00  1.1478559646e-02  0.0000000000e+00  0.0000000000e+00
29.80  2  -2.0937826865e-01  0.0000000000e+00  0.0000000000e+00  1.0462789810e+00  0.0000000000e+00  0.0000000000e+00  9.1843585854e-03  0.0000000000e+00  0.0000000000e+00
29.85  2  -1.5705379539e-01  0.0000000000e+00  0.0000000000e+00  1.0466808224e+00  0.0000000000e+00  0.0000000000e+00  6.8891503564e-03  0.0000000000e+00  0.0000000000e+00
29.90  2  -1.0471209942e-01  0.0000000000e+00  0.0000000000e+00  1.0469678835e+00  0.0000000000e+00  0.0000000000e+00  4.5931866544e-03  0.0000000000e+00  0.0000000000e+00
29.95  2  -5.2358920581e-02  0.0000000000e+00  0.0000000000e+00  1.0471401327e+00  0.0000000000e+00  0.0000000000e+00  2.2967192578e-03  0.0000000000e+00  0.0000000000e+00
30.00  2  -1.2246467991e-15  0.0000000000e+00  0.0000000000e+00  1.0471975512e+00  0.0000000000e+00  0.0000000000e+00  5.3719019727e-17  0.0000000000e+00  0.0000000000e+00
30.05  2  5.2358920581e-02  0.0000000000e+00  0.0000000000e+00  1.0471401327e+00  0.0000000000e+00  0.0000000000e+00  -2.2967192578e-03  0.0000000000e+00  0.0000000000e+00
30.10  2  1.0471209942e-01  0.0000000000e+00  0.0000000000e+00  1.0469678835e+00  0.0000000000e+00  0.0000000000e+00  -4.5931866544e-03  0.0000000000e+00  0.0000000000e+00
30.15  2  1.5705379539e-01  0.0000000000e+00  0.0000000000e+00  1.0466808224e+00  0.0000000000e+00  0.0000000000e+00  -6.8891503564e-03  0.0000000000e+00  0.0000000000e+00
30.20  2  2.0937826865e-01  0.0000000000e+00  0.0000000000e+00  1.0462789810e+00  0.0000000000e+00  0.0000000000e+00  -9.1843585854e-03  0.0000000000e+00  0.0000000000e+00
30.25  2  2.6167978121e-01  0.0000000000e+00  0.0000000000e+00  1.0457624033e+00  0.0000000000e+00  0.0000000000e+00  -1.1478559646e-02  0.0000000000e+00  0.0000000000e+00
30.30  2  3.1395259765e-01  0.0000000000e+00  0.0000000000e+00  1.0451311460e+00  0.0000000000e+00  0.0000000000e+00  -1.3771501953e-02  0.0000000000e+00  0.0000000000e+00
30.35  2  3.6619098564e-01  0.0000000000e+00  0.0000000000e+00  1.0443852783e+00  0.0000000000e+00  0.0000000000e+00  -1.6062934060e-02  0.0000000000e+00  0.0000000000e+00
30.40  2  4.1838921666e-01  0.0000000000e+00  0.0000000000e+00  1.0435248820e+00  0.0000000000e+00  0.0000000000e+00  -1.8352604685e-02  0.0000000000e+00  0.0000000000e+00
30.45  2  4.7054156659e-01  0.0000000000e+00  0.0000000000e+00  1.0425500514e+00  0.0000000000e+00  0.0000000000e+00  -2.0640262740e-02  0.0000000000e+00  0.0000000000e+00
30.50  2  5.2264231634e-01  0.0000000000e+00  0.0000000000e+00  1.0414608934e+00  0.0000000000e+00  0.0000000000e+00  -2.2925657358e-02  0.0000000000e+00  0.0000000000e+00
30.55  2  5.7468575246e-01  0.0000000000e+00  0.0000000000e+00  1.0402575276e+00  0.0000000000e+00  0.0000000000e+00  -2.5208537919e-02  0.0000000000e+00  0.0000000000e+00
30.60  2  6.2666616782e-01  0.0000000000e+00  0.0000000000e+00  1.0389400857e+00  0.0000000000e+00  0.0000000000e+00  -2.7488654080e-02  0.0000000000e+00  0.0000000000e+00
30.65  2  6.7857786217e-01  0.0000000000e+00  0.0000000000e+00  1.0375087124e+00  0.0000000000e+00  0.0000000000e+00  -2.9765755800e-02  0.0000000000e+00  0.0000000000e+00
30.70  2  7.3041514281e-01  0.0000000000e+00  0.0000000000e+00  1.0359635645e+00  0.0000000000e+00  0.0000000000e+00  -3.2039593369e-02  0.0000000000e+00  0.0000000000e+00
30.75  2  7.8217232520e-01  0.0000000000e+00  0.0000000000e+00  1.0343048116e+00  0.0000000000e+00  0.0000000000e+00  -3.4309917437e-02  0.0000000000e+00  0.0000000000e+00
30.80  2  8.3384373358e-01  0.0000000000e+00  0.0000000000e+00  1.0325326355e+00  0.0000000000e+00  0.0000000000e+00  -3.6576479035e-02  0.0000000000e+00  0.0000000000e+00
30.85  2  8.8542370160e-01  0.0000000000e+00  0.0000000000e+00  1.0306472306e+00  0.0000000000e+00  0.0000000000e+00  -3.8839029609e-02  0.0000000000e+00  0.0000000000e+00
30.90  2  9.3690657293e-01  0.0000000000e+00  0.0000000000e+00  1.0286488035e+00  0.0000000000e+00  0.0000000000e+00  -4.1097321047e-02  0.0000000000e+00  0.0000000000e+00
30.95  2  9.8828670190e-01  0.0000000000e+00  0.0000000000e+00  1.0265375736e+00  0.0000000000e+00  0.0000000000e+00  -4.3351105700e-02  0.0000000000e+00  0.0000000000e+00
31.00  2  1.0395584541e+00  0.0000000000e+00  0.0000000000e+00  1.0243137722e+00  0.0000000000e+00  0.0000000000e+00  -4.5600136416e-02  0.0000000000e+00  0.0000000000e+00
31.05  2  1.0907162070e+00  0.0000000000e+00  0.0000000000e+00  1.0219776433e+00  0.0000000000e+00  0.0000000000e+00  -4.7844166563e-02  0.0000000000e+00  0.0000000000e+00
31.10  2  1.1417543506e+00  0.0000000000e+00  0.0000000000e+00  1.0195294430e+00  0.0000000000e+00  0.0000000000e+00  -5.0082950059e-02  0.0000000000e+00  0.0000000000e+00
31.15  2  1.1926672879e+00  0.0000000000e+00  0.0000000000e+00  1.0169694398e+00  0.0000000000e+00  0.0000000000e+00  -5.2316241394e-02  0.0000000000e+00  0.0000000000e+00
31.20  2  1.2434494358e+00  0.0000000000e+00  0.0000000000e+00  1.0142979145e+00  0.0000000000e+00  0.0000000000e+00  -5.4543795664e-02  0.0000000000e+00  0.0000000000e+00
31.25  2  1.2940952255e+00  0.0000000000e+00  0.0000000000e+00  1.0115151599e+00  0.0000000000e+00  0.0000000000e+00  -5.6765368592e-02  0.0000000000e+00  0.0000000000e+00
31.30  2  1.3445991031e+00  0.0000000000e+00  0.0000000000e+00  1.0086214814e+00  0.0000000000e+00  0.0000000000e+00  -5.8980716557e-02  0.0000000000e+00  0.0000000000e+00
31.35  2  1.3949555302e+00  0.0000000000e+00  0.0000000000e+00  1.0056171961e+00  0.0000000000e+00  0.0000000000e+00  -6.1189596623e-02  0.0000000000e+00  0.0000000000e+00
31.40  2  1.4451589847e+00  0.0000000000e+00  0.0000000000e+00  1.0025026335e+00  0.0000000000e+00  0.0000000000e+00  -6.3391766560e-02  0.0000000000e+00  0.0000000000e+00
31.45  2  1.4952039613e+00  0.0000000000e+00  0.0000000000e+00  9.9927813528e-01  0.0000000000e+00  0.0000000000e+00  -6.5586984875e-02  0.0000000000e+00  0.0000000000e+00
31.50  2  1.5450849719e+00  0.0000000000e+00  0.0000000000e+00  9.9594405491e-01  0.0000000000e+00  0.0000000000e+00  -6.7775010838e-02  0.0000000000e+00  0.0000000000e+00
31.55  2  1.5947965465e+00  0.0000000000e+00  0.0000000000e+00  9.9250075806e-01  0.0000000000e+00  0.0000000000e+00  -6.9955604507e-02  0.0000000000e+00  0.0000000000e+00
31.60  2  1.6443332337e+00  0.0000000000e+00  0.0000000000e+00  9.8894862232e-01  0.0000000000e+00  0.0000000000e+00  -7.2128526756e-02  0.0000000000e+00  0.0000000000e+00
31.65  2  1.6936896012e+00  0.0000000000e+00  0.0000000000e+00  9.8528803722e-01  0.0000000000e+00  0.0000000000e+00  -7.4293539299e-02  0.0000000000e+00  0.0000000000e+00
31.70  2  1.7428602366e+00  0.0000000000e+00  0.0000000000e+00  9.8151940418e-01  0.0000000000e+00  0.0000000000e+00  -7.6450404719e-02  0.0000000000e+00  0.0000000000e+00
31.75  2  1.7918397477e+00  0.0000000000e+00  0.0000000000e+00  9.7764313647e-01  0.0000000000e+00  0.0000000000e+00  -7.8598886490e-02  0.0000000000e+00  0.0000000000e+00
31.80  2  1.8406227634e+00  0.0000000000e+00  0.0000000000e+00  9.7365965918e-01  0.0000000000e+00  0.0000000000e+00  -8.0738749007e-02  0.0000000000e+00  0.0000000000e+00
31.85  2  1.8892039341e+00  0.0000000000e+00  0.0000000000e+00  9.6956940914e-01  0.0000000000e+00  0.0000000000e+00  -8.2869757611e-02  0.0000000000e+00  0.0000000000e+00
31.90  2  1.9375779323e+00  0.0000000000e+00  0.0000000000e+00  9.6537283488e-01  0.0000000000e+00  0.0000000000e+00  -8.4991678612e-02  0.0000000000e+00  0.0000000000e+00
31.95  2  1.9857394532e+00  0.0000000000e+00  0.0000000000e+00  9.6107039662e-01  0.0000000000e+00  0.0000000000e+00  -8.7104279318e-02  0.0000000000e+00  0.0000000000e+00
32.00  2  2.0336832154e+00  0.0000000000e+00  0.0000000000e+00  9.5666256615e-01  0.0000000000e+00  0.0000000000e+00  -8.9207328057e-02  0.0000000000e+00  0.0000000000e+00
32.05  2  2.0814039613e+00  0.0000000000e+00  0.0000000000e+00  9.5214982685e-01  0.0000000000e+00  0.0000000000e+00  -9.1300594208e-02  0.0000000000e+00  0.0000000000e+00
32.10  2  2.1288964578e+00  0.0000000000e+00  0.0000000000e+00  9.4753267360e-01  0.0000000000e+00  0.0000000000e+00  -9.3383848221e-02  0.0000000000e+00  0.0000000000e+00
32.15  2  2.1761554969e+00  0.0000000000e+00  0.0000000000e+00  9.4281161271e-01  0.0000000000e+00  0.0000000000e+00  -9.5456861641e-02  0.0000000000e+00  0.0000000000e+00
32.20  2  2.2231758959e+00  0.0000000000e+00  0.0000000000e+00  9.3798716190e-01  0.0000000000e+00  0.0000000000e+00  -9.7519407141e-02  0.0000000000e+00  0.0000000000e+00
32.25  2  2.2699524987e+00  0.0000000000e+00  0.0000000000e+00  9.3305985023e-01  0.0000000000e+00  0.0000000000e+00  -9.9571258540e-02  0.0000000000e+00  0.0000000000e+00
32.30  2  2.3164801756e+00  0.0000000000e+00  0.0000000000e+00  9.2803021803e-01  0.0000000000e+00  0.0000000000e+00  -1.0161219083e-01  0.0000000000e+00  0.0000000000e+00
32.35  2  2.3627538243e+00  0.0000000000e+00  0.0000000000e+00  9.2289881686e-01  0.0000000000e+00  0.0000000000e+00  -1.0364198019e-01  0.0000000000e+00  0.0000000000e+00
32.40  2  2.4087683705e+00  0.0000000000e+00  0.0000000000e+00  9.1766620944e-01  0.0000000000e+00  0.0000000000e+00  -1.0566040405e-01  0.0000000000e+00  0.0000000000e+00
32.45  2  2.4545187681e+00  0.0000000000e+00  0.0000000000e+00  9.1233296957e-01  0.0000000000e+00  0.0000000000e+00  -1.0766724105e-01  0.0000000000e+00  0.0000000000e+00
32.50  2  2.5000000000e+00  0.0000000000e+00  0.0000000000e+00  9.0689968212e-01  0.0000000000e+00  0.0000000000e+00  -1.0966227112e-01  0.0000000000e+00  0.0000000000e+00
32.55  2  2.5452070788e+00  0.0000000000e+00  0.0000000000e+00  9.0136694289e-01  0.0000000000e+00  0.0000000000e+00  -1.1164527549e-01  0.0000000000e+00  0.0000000000e+00
32.60  2  2.5901350469e+00  0.0000000000e+00  0.0000000000e+00  8.9573535862e-01  0.0000000000e+00  0.0000000000e+00  -1.1361603670e-01  0.0000000000e+00  0.0000000000e+00
32.65  2  2.6347789775e+00  0.0000000000e+00  0.0000000000e+00  8.9000554688e-01  0.0000000000e+00  0.0000000000e+00  -1.1557433863e-01  0.0000000000e+00  0.0000000000e+00
32.70  2  2.6791339749e+00  0.0000000000e+00  0.0000000000e+00  8.8417813599e-01  0.0000000000e+00  0.0000000000e+00  -1.1751996653e-01  0.0000000000e+00  0.0000000000e+00
32.75  2  2.7231951751e+00  0.0000000000e+00  0.0000000000e+00  8.7825376501e-01  0.0000000000e+00  0.0000000000e+00  -1.1945270704e-01  0.0000000000e+00  0.0000000000e+00
32.80  2  2.7669577462e+00  0.0000000000e+00  0.0000000000e+00  8.7223308361e-01  0.0000000000e+00  0.0000000000e+00  -1.2137234822e-01  0.0000000000e+00  0.0000000000e+00
32.85  2  2.8104168893e+00  0.0000000000e+00  0.0000000000e+00  8.6611675202e-01  0.0000000000e+00  0.0000000000e+00  -1.2327867955e-01  0.0000000000e+00  0.0000000000e+00
32.90  2  2.8535678384e+00  0.0000000000e+00  0.0000000000e+00  8.5990544097e-01  0.0000000000e+00  0.0000000000e+00  -1.2517149199e-01  0.0000000000e+00  0.0000000000e+00
32.95  2  2.8964058617e+00  0.0000000000e+00  0.0000000000e+00  8.5359983160e-01  0.0000000000e+00  0.0000000000e+00  -1.2705057796e-01  0.0000000000e+00  0.0000000000e+00
33.00  2  2.9389262615e+00  0.0000000000e+00  0.0000000000e+00  8.4720061539e-01  0.0000000000e+00  0.0000000000e+00  -1.2891573140e-01  0.0000000000e+00  0.0000000000e+00
33.05  2  2.9811243748e+00  0.0000000000e+00  0.0000000000e+00  8.4070849408e-01  0.0000000000e+00  0.0000000000e+00  -1.3076674778e-01  0.0000000000e+00  0.0000000000e+00
33.10  2  3.0229955743e+00  0.0000000000e+00  0.0000000000e+00  8.3412417961e-01  0.0000000000e+00  0.0000000000e+00  -1.3260342411e-01  0.0000000000e+00  0.0000000000e+00
33.15  2  3.0645352683e+00  0.0000000000e+00  0.0000000000e+00  8.2744839403e-01  0.0000000000e+00  0.0000000000e+00  -1.3442555898e-01  0.0000000000e+00  0.0000000000e+00
33.20  2  3.1057389014e+00  0.0000000000e+00  0.0000000000e+00  8.2068186940e-01  0.0000000000e+00  0.0000000000e+00  -1.3623295258e-01  0.0000000000e+00  0.0000000000e+00
33.25  2  3.1466019552e+00  0.0000000000e+00  0.0000000000e+00  8.1382534776e-01  0.0000000000e+00  0.0000000000e+00  -1.3802540669e-01  0.0000000000e+00  0.0000000000e+00
33.30  2  3.1871199487e+00  0.0000000000e+00  0.0000000000e+00  8.0687958100e-01  0.0000000000e+00  0.0000000000e+00  -1.3980272477e-01  0.0000000000e+00  0.0000000000e+00
33.35  2  3.2272884386e+00  0.0000000000e+00  0.0000000000e+00  7.9984533080e-01  0.0000000000e+00  0.0000000000e+00  -1.4156471190e-01  0.0000000000e+00  0.0000000000e+00
33.40  2  3.2671030200e+00  0.0000000000e+00  0.0000000000e+00  7.9272336855e-01  0.0000000000e+00  0.0000000000e+00  -1.4331117486e-01  0.0000000000e+00  0.0000000000e+00
33.45  2  3.3065593266e+00  0.0000000000e+00  0.0000000000e+00  7.8551447524e-01  0.0000000000e+00  0.0000000000e+00  -1.4504192214e-01  0.0000000000e+00  0.0000000000e+00
33.50  2  3.3456530318e+00  0.0000000000e+00  0.0000000000e+00  7.7821944142e-01  0.0000000000e+00  0.0000000000e+00  -1.4675676394e-01  0.0000000000e+00  0.0000000000e+00
33.55  2  3.3843798484e+00  0.0000000000e+00  0.0000000000e+00  7.7083906707e-01  0.0000000000e+00  0.0000000000e+00  -1.4845551221e-01  0.0000000000e+00  0.0000000000e+00
33.60  2  3.4227355296e+00  0.0000000000e+00  0.0000000000e+00  7.6337416153e-01  0.0000000000e+00  0.0000000000e+00  -1.5013798065e-01  0.0000000000e+00  0.0000000000e+00
33.65  2  3.4607158694e+00  0.0000000000e+00  0.0000000000e+00  7.5582554342e-01  0.0000000000e+00  0.0000000000e+00  -1.5180398478e-01  0.0000000000e+00  0.0000000000e+00
33.70  2  3.4983167026e+00  0.0000000000e+00  0.0000000000e+00  7.4819404051e-01  0.0000000000e+00  0.0000000000e+00  -1.5345334188e-01  0.0000000000e+00  0.0000000000e+00
33.75  2  3.5355339059e+00  0.0000000000e+00  0.0000000000e+00  7.4048048969e-01  0.0000000000e+00  0.0000000000e+00  -1.5508587110e-01  0.0000000000e+00  0.0000000000e+00
33.80  2  3.5723633982e+00  0.0000000000e+00  0.0000000000e+00  7.3268573685e-01  0.0000000000e+00  0.0000000000e+00  -1.5670139341e-01  0.0000000000e+00  0.0000000000e+00
33.85  2  3.6088011405e+00  0.0000000000e+00  0.0000000000e+00  7.2481063675e-01  0.0000000000e+00  0.0000000000e+00  -1.5829973164e-01  0.0000000000e+00  0.0000000000e+00
33.90  2  3.6448431371e+00  0.0000000000e+00  0.0000000000e+00  7.1685605301e-01  0.0000000000e+00  0.0000000000e+00  -1.5988071052e-01  0.0000000000e+00  0.0000000000e+00
33.95  2  3.6804854356e+00  0.0000000000e+00  0.0000000000e+00  7.0882285792e-01  0.0000000000e+00  0.0000000000e+00  -1.6144415668e-01  0.0000000000e+00  0.0000000000e+00
34.00  2  3.7157241274e+00  0.0000000000e+00  0.0000000000e+00  7.0071193241e-01  0.0000000000e+00  0.0000000000e+00  -1.6298989867e-01  0.0000000000e+00  0.0000000000e+00
34.05  2  3.7505553482e+00  0.0000000000e+00  0.0000000000e+00  6.9252416594e-01  0.0000000000e+00  0.0000000000e+00  -1.6451776698e-01  0.0000000000e+00  0.0000000000e+00
34.10  2  3.7849752783e+00  0.0000000000e+00  0.0000000000e+00  6.8426045640e-01  0.0000000000e+00  0.0000000000e+00  -1.6602759406e-01  0.0000000000e+00  0.0000000000e+00
34.15  2  3.8189801432e+00  0.0000000000e+00  0.0000000000e+00  6.7592170999e-01  0.0000000000e+00  0.0000000000e+00  -1.6751921435e-01  0.0000000000e+00  0.0000000000e+00
34.20  2  3.8525662139e+00  0.0000000000e+00  0.0000000000e+00  6.6750884114e-01  0.0000000000e+00  0.0000000000e+00  -1.6899246427e-01  0.0000000000e+00  0.0000000000e+00
34.25  2  3.8857298073e+00  0.0000000000e+00  0.0000000000e+00  6.5902277243e-01  0.0000000000e+00  0.0000000000e+00  -1.7044718226e-01  0.0000000000e+00  0.0000000000e+00
34.30  2  3.9184672866e+00  0.0000000000e+00  0.0000000000e+00  6.5046443444e-01  0.0000000000e+00  0.0000000000e+00  -1.7188320879e-01  0.0000000000e+00  0.0000000000e+00
34.35  2  3.9507750619e+00  0.0000000000e+00  0.0000000000e+00  6.4183476570e-01  0.0000000000e+00  0.0000000000e+00  -1.7330038639e-01  0.0000000000e+00  0.0000000000e+00
34.40  2  3.9826495901e+00  0.0000000000e+00  0.0000000000e+00  6.3313471254e-01  0.0000000000e+00  0.0000000000e+00  -1.7469855966e-01  0.0000000000e+00  0.0000000000e+00
34.45  2  4.0140873760e+00  0.0000000000e+00  0.0000000000e+00  6.2436522903e-01  0.0000000000e+00  0.0000000000e+00  -1.7607757525e-01  0.0000000000e+00  0.0000000000e+00
34.50  2  4.0450849719e+00  0.0000000000e+00  0.0000000000e+00  6.1552727683e-01  0.0000000000e+00  0.0000000000e+00  -1.7743728196e-01  0.0000000000e+00  0.0000000000e+00
34.55  2  4.0756389786e+00  0.0000000000e+00  0.0000000000e+00  6.0662182513e-01  0.0000000000e+00  0.0000000000e+00  -1.7877753067e-01  0.0000000000e+00  0.0000000000e+00
34.60  2  4.1057460457e+00  0.0000000000e+00  0.0000000000e+00  5.9764985051e-01  0.0000000000e+00  0.0000000000e+00  -1.8009817441e-01  0.0000000000e+00  0.0000000000e+00
34.65  2  4.1354028714e+00  0.0000000000e+00  0.0000000000e+00  5.8861233686e-01  0.0000000000e+00  0.0000000000e+00  -1.8139906835e-01  0.0000000000e+00  0.0000000000e+00
34.70  2  4.1646062036e+00  0.0000000000e+00  0.0000000000e+00  5.7951027522e-01  0.0000000000e+00  0.0000000000e+00  -1.8268006985e-01  0.0000000000e+00  0.0000000000e+00
34.75  2  4.1933528397e+00  0.0000000000e+00  0.0000000000e+00  5.7034466375e-01  0.0000000000e+00  0.0000000000e+00  -1.8394103841e-01  0.0000000000e+00  0.0000000000e+00
34.80  2  4.2216396275e+00  0.0000000000e+00  0.0000000000e+00  5.6111650757e-01  0.0000000000e+00  0.0000000000e+00  -1.8518183577e-01  0.0000000000e+00  0.0000000000e+00
34.85  2  4.2494634649e+00  0.0000000000e+00  0.0000000000e+00  5.5182681863e-01  0.0000000000e+00  0.0000000000e+00  -1.8640232585e-01  0.0000000000e+00  0.0000000000e+00
34.90  2  4.2768213008e+00  0.0000000000e+00  0.0000000000e+00  5.4247661567e-01  0.0000000000e+00  0.0000000000e+00  -1.8760237481e-01  0.0000000000e+00  0.0000000000e+00
34.95  2  4.3037101350e+00  0.0000000000e+00  0.0000000000e+00  5.3306692403e-01  0.0000000000e+00  0.0000000000e+00  -1.8878185106e-01  0.0000000000e+00  0.0000000000e+00
35.00  2  4.3301270189e+00  0.0000000000e+00  0.0000000000e+00  5.2359877560e-01  0.0000000000e+00  0.0000000000e+00  -1.8994062526e-01  0.0000000000e+00  0.0000000000e+00
35.05  2  4.3560690556e+00  0.0000000000e+00  0.0000000000e+00  5.1407320866e-01  0.0000000000e+00  0.0000000000e+00  -1.9107857032e-01  0.0000000000e+00  0.0000000000e+00
35.10  2  4.3815334002e+00  0.0000000000e+00  0.0000000000e+00  5.0449126780e-01  0.0000000000e+00  0.0000000000e+00  -1.9219556147e-01  0.0000000000e+00  0.0000000000e+00
35.15  2  4.4065172603e+00  0.0000000000e+00  0.0000000000e+00  4.9485400379e-01  0.0000000000e+00  0.0000000000e+00  -1.9329147620e-01  0.0000000000e+00  0.0000000000e+00
35.20  2  4.4310178962e+00  0.0000000000e+00  0.0000000000e+00  4.8516247346e-01  0.0000000000e+00  0.0000000000e+00  -1.9436619435e-01  0.0000000000e+00  0.0000000000e+00
35.25  2  4.4550326209e+00  0.0000000000e+00  0.0000000000e+00  4.7541773959e-01  0.0000000000e+00  0.0000000000e+00  -1.9541959806e-01  0.0000000000e+00  0.0000000000e+00
35.30  2  4.4785588012e+00  0.0000000000e+00  0.0000000000e+00  4.6562087082e-01  0.0000000000e+00  0.0000000000e+00  -1.9645157180e-01  0.0000000000e+00  0.0000000000e+00
35.35  2  4.5015938570e+00  0.0000000000e+00  0.0000000000e+00  4.5577294147e-01  0.0000000000e+00  0.0000000000e+00  -1.9746200241e-01  0.0000000000e+00  0.0000000000e+00
35.40  2  4.5241352623e+00  0.0000000000e+00  0.0000000000e+00  4.4587503148e-01  0.0000000000e+00  0.0000000000e+00  -1.9845077909e-01  0.0000000000e+00  0.0000000000e+00
35.45  2  4.5461805452e+00  0.0000000000e+00  0.0000000000e+00  4.3592822627e-01  0.0000000000e+00  0.0000000000e+00  -1.9941779341e-01  0.0000000000e+00  0.0000000000e+00
35.50  2  4.5677272882e+00  0.0000000000e+00  0.0000000000e+00  4.2593361661e-01  0.0000000000e+00  0.0000000000e+00  -2.0036293932e-01  0.0000000000e+00  0.0000000000e+00
35.55  2  4.5887731284e+00  0.0000000000e+00  0.0000000000e+00  4.1589229854e-01  0.0000000000e+00  0.0000000000e+00  -2.0128611317e-01  0.0000000000e+00  0.0000000000e+00
35.60  2  4.6093157579e+00  0.0000000000e+00  0.0000000000e+00  4.0580537318e-01  0.0000000000e+00  0.0000000000e+00  -2.0218721374e-01  0.0000000000e+00  0.0000000000e+00
35.65  2  4.6293529240e+00  0.0000000000e+00  0.0000000000e+00  3.9567394670e-01  0.0000000000e+00  0.0000000000e+00  -2.0306614219e-01  0.0000000000e+00  0.0000000000e+00
35.70  2  4.6488824294e+00  0.0000000000e+00  0.0000000000e+00  3.8549913011e-01  0.0000000000e+00  0.0000000000e+00  -2.0392280216e-01  0.0000000000e+00  0.0000000000e+00
35.75  2  4.6679021325e+00  0.0000000000e+00  0.0000000000e+00  3.7528203919e-01  0.0000000000e+00  0.0000000000e+00  -2.0475709969e-01  0.0000000000e+00  0.0000000000e+00
35.80  2  4.6864099475e+00  0.0000000000e+00  0.0000000000e+00  3.6502379437e-01  0.0000000000e+00  0.0000000000e+00  -2.0556894330e-01  0.0000000000e+00  0.0000000000e+00
35.85  2  4.7044038448e+00  0.0000000000e+00  0.0000000000e+00  3.5472552058e-01  0.0000000000e+00  0.0000000000e+00  -2.0635824396e-01  0.0000000000e+00  0.0000000000e+00
35.90  2  4.7218818512e+00  0.0000000000e+00  0.0000000000e+00  3.4438834713e-01  0.0000000000e+00  0.0000000000e+00  -2.0712491511e-01  0.0000000000e+00  0.0000000000e+00
35.95  2  4.7388420500e+00  0.0000000000e+00  0.0000000000e+00  3.3401340763e-01  0.0000000000e+00  0.0000000000e+00  -2.0786887268e-01  0.0000000000e+00  0.0000000000e+00
36.00  2  4.7552825815e+00  0.0000000000e+00  0.0000000000e+00  3.2360183979e-01  0.0000000000e+00  0.0000000000e+00  -2.0859003509e-01  0.0000000000e+00  0.0000000000e+00
36.05  2  4.7712016426e+00  0.0000000000e+00  0.0000000000e+00  3.1315478536e-01  0.0000000000e+00  0.0000000000e+00  -2.0928832324e-01  0.0000000000e+00  0.0000000000e+00
36.10  2  4.7865974877e+00  0.0000000000e+00  0.0000000000e+00  3.0267338998e-01  0.0000000000e+00  0.0000000000e+00  -2.0996366058e-01  0.0000000000e+00  0.0000000000e+00
36.15  2  4.8014684284e+00  0.0000000000e+00  0.0000000000e+00  2.9215880305e-01  0.0000000000e+00  0.0000000000e+00  -2.1061597303e-01  0.0000000000e+00  0.0000000000e+00
36.20  2  4.8158128340e+00  0.0000000000e+00  0.0000000000e+00  2.8161217762e-01  0.0000000000e+00  0.0000000000e+00  -2.1124518907e-01  0.0000000000e+00  0.0000000000e+00
36.25  2  4.8296291314e+00  0.0000000000e+00  0.0000000000e+00  2.7103467023e-01  0.0000000000e+00  0.0000000000e+00  -2.1185123969e-01  0.0000000000e+00  0.0000000000e+00
36.30  2  4.8429158056e+00  0.0000000000e+00  0.0000000000e+00  2.6042744085e-01  0.0000000000e+00  0.0000000000e+00  -2.1243405844e-01  0.0000000000e+00  0.0000000000e+00
36.35  2  4.8556713995e+00  0.0000000000e+00  0.0000000000e+00  2.4979165265e-01  0.0000000000e+00  0.0000000000e+00  -2.1299358140e-01  0.0000000000e+00  0.0000000000e+00
36.40  2  4.8678945144e+00  0.0000000000e+00  0.0000000000e+00  2.3912847199e-01  0.0000000000e+00  0.0000000000e+00  -2.1352974721e-01  0.0000000000e+00  0.0000000000e+00
36.45  2  4.8795838097e+00  0.0000000000e+00  0.0000000000e+00  2.2843906820e-01  0.0000000000e+00  0.0000000000e+00  -2.1404249708e-01  0.0000000000e+00  0.0000000000e+00
36.50  2  4.8907380037e+00  0.0000000000e+00  0.0000000000e+00  2.1772461349e-01  0.0000000000e+00  0.0000000000e+00  -2.1453177478e-01  0.0000000000e+00  0.0000000000e+00
36.55  2  4.9013558731e+00  0.0000000000e+00  0.0000000000e+00  2.0698628282e-01  0.0000000000e+00  0.0000000000e+00  -2.1499752665e-01  0.0000000000e+00  0.0000000000e+00
36.60  2  4.9114362536e+00  0.0000000000e+00  0.0000000000e+00  1.9622525377e-01  0.0000000000e+00  0.0000000000e+00  -2.1543970162e-01  0.0000000000e+00  0.0000000000e+00
36.65  2  4.9209780398e+00  0.0000000000e+00  0.0000000000e+00  1.8544270642e-01  0.0000000000e+00  0.0000000000e+00  -2.1585825120e-01  0.0000000000e+00  0.0000000000e+00
36.70  2  4.9299801854e+00  0.0000000000e+00  0.0000000000e+00  1.7463982318e-01  0.0000000000e+00  0.0000000000e+00  -2.1625312949e-01  0.0000000000e+00  0.0000000000e+00
36.75  2  4.9384417030e+00  0.0000000000e+00  0.0000000000e+00  1.6381778871e-01  0.0000000000e+00  0.0000000000e+00  -2.1662429318e-01  0.0000000000e+00  0.0000000000e+00
36.80  2  4.9463616648e+00  0.0000000000e+00  0.0000000000e+00  1.5297778978e-01  0.0000000000e+00  0.0000000000e+00  -2.1697170158e-01  0.0000000000e+00  0.0000000000e+00
36.85  2  4.9537392024e+00  0.0000000000e+00  0.0000000000e+00  1.4212101511e-01  0.0000000000e+00  0.0000000000e+00  -2.1729531659e-01  0.0000000000e+00  0.0000000000e+00
36.90  2  4.9605735066e+00  0.0000000000e+00  0.0000000000e+00  1.3124865527e-01  0.0000000000e+00  0.0000000000e+00  -2.1759510272e-01  0.0000000000e+00  0.0000000000e+00
36.95  2  4.9668638280e+00  0.0000000000e+00  0.0000000000e+00  1.2036190254e-01  0.0000000000e+00  0.0000000000e+00  -2.1787102710e-01  0.0000000000e+00  0.0000000000e+00
37.00  2  4.9726094768e+00  0.0000000000e+00  0.0000000000e+00  1.0946195076e-01  0.0000000000e+00  0.0000000000e+00  -2.1812305946e-01  0.0000000000e+00  0.0000000000e+00
37.05  2  4.9778098230e+00  0.0000000000e+00  0.0000000000e+00  9.8549995254e-02  0.0000000000e+00  0.0000000000e+00  -2.1835117216e-01  0.0000000000e+00  0.0000000000e+00
37.10  2  4.9824642962e+00  0.0000000000e+00  0.0000000000e+00  8.7627232627e-02  0.0000000000e+00  0.0000000000e+00  -2.1855534021e-01  0.0000000000e+00  0.0000000000e+00
37.15  2  4.9865723861e+00  0.0000000000e+00  0.0000000000e+00  7.6694860686e-02  0.0000000000e+00  0.0000000000e+00  -2.1873554119e-01  0.0000000000e+00  0.0000000000e+00
37.20  2  4.9901336421e+00  0.0000000000e+00  0.0000000000e+00  6.5754078289e-02  0.0000000000e+00  0.0000000000e+00  -2.1889175536e-01  0.0000000000e+00  0.0000000000e+00
37.25  2  4.9931476738e+00  0.0000000000e+00  0.0000000000e+00  5.4806085217e-02  0.0000000000e+00  0.0000000000e+00  -2.1902396558e-01  0.0000000000e+00  0.0000000000e+00
37.30  2  4.9956141505e+00  0.0000000000e+00  0.0000000000e+00  4.3852082040e-02  0.0000000000e+00  0.0000000000e+00  -2.1913215736e-01  0.0000000000e+00  0.0000000000e+00
37.35  2  4.9975328018e+00  0.0000000000e+00  0.0000000000e+00  3.2893269988e-02  0.0000000000e+00  0.0000000000e+00  -2.1921631882e-01  0.0000000000e+00  0.0000000000e+00
37.40  2  4.9989034174e+00  0.0000000000e+00  0.0000000000e+00  2.1930850818e-02  0.0000000000e+00  0.0000000000e+00  -2.1927644075e-01  0.0000000000e+00  0.0000000000e+00
37.45  2  4.9997258468e+00  0.0000000000e+00  0.0000000000e+00  1.0966026683e-02  0.0000000000e+00  0.0000000000e+00  -2.1931251654e-01  0.0000000000e+00  0.0000000000e+00
37.50  2  5.0000000000e+00  0.0000000000e+00  0.0000000000e+00  3.2061178229e-16  0.0000000000e+00  0.0000000000e+00  -2.1932454225e-01  0.0000000000e+00  0.0000000000e+00
37.55  2  4.9997258468e+00  0.0000000000e+00  0.0000000000e+00  -1.0966026683e-02  0.0000000000e+00  0.0000000000e+00  -2.1931251654e-01  0.0000000000e+00  0.0000000000e+00
37.60  2  4.9989034174e+00  0.0000000000e+00  0.0000000000e+00  -2.1930850818e-02  0.0000000000e+00  0.0000000000e+00  -2.1927644075e-01  0.0000000000e+00  0.0000000000e+00
37.65  2  4.9975328018e+00  0.0000000000e+00  0.0000000000e+00  -3.2893269988e-02  0.0000000000e+00  0.0000000000e+00  -2.1921631882e-01  0.0000000000e+00  0.0000000000e+00
37.70  2  4.9956141505e+00  0.0000000000e+00  0.0000000000e+00  -4.3852082040e-02  0.0000000000e+00  0.0000000000e+00  -2.1913215736e-01  0.0000000000e+00  0.0000000000e+00
37.75  2  4.9931476738e+00  0.0000000000e+00  0.0000000000e+00  -5.4806085217e-02  0.0000000000e+00  0.0000000000e+00  -2.1902396558e-01  0.0000000000e+00  0.0000000000e+00
37.80  2  4.9901336421e+00  0.0000000000e+00  0.0000000000e+00  -6.5754078289e-02  0.0000000000e+00  0.0000000000e+00  -2.1889175536e-01  0.0000000000e+00  0.0000000000e+00
37.85  2  4.9865723861e+00  0.0000000000e+00  0.0000000000e+00  -7.6694860686e-02  0.0000000000e+00  0.0000000000e+00  -2.1873554119e-01  0.0000000000e+00  0.0000000000e+00
37.90  2  4.9824642962e+00  0.0000000000e+00  0.0000000000e+00  -8.7627232627e-02  0.0000000000e+00  0.0000000000e+00  -2.1855534021e-01  0.0000000000e+00  0.0000000000e+00
37.95  2  4.9778098230e+00  0.0000000000e+00  0.0000000000e+00  -9.8549995254e-02  0.0000000000e+00  0.0000000000e+00  -2.1835117216e-01  0.0000000000e+00  0.0000000000e+00
38.00  2  4.9726094768e+00  0.0000000000e+00  0.0000000000e+00  -1.0946195076e-01  0.0000000000e+00  0.0000000000e+00  -2.1812305946e-01  0.0000000000e+00  0.0000000000e+00
38.05  2  4.9668638280e+00  0.0000000000e+00  0.0000000000e+00  -1.2036190254e-01  0.0000000000e+00  0.0000000000e+00  -2.1787102710e-01  0.0000000000e+00  0.0000000000e+00
38.10  2  4.9605735066e+00  0.0000000000e+00  0.0000000000e+00  -1.3124865527e-01  0.0000000000e+00  0.0000000000e+00  -2.1759510272e-01  0.0000000000e+00  0.0000000000e+00
38.15  2  4.9537392024e+00  0.0000000000e+00  0.0000000000e+00  -1.4212101511e-01  0.0000000000e+00  0.0000000000e+00  -2.1729531659e-01  0.0000000000e+00  0.0000000000e+00
38.20  2  4.9463616648e+00  0.0000000000e+00  0.0000000000e+00  -1.5297778978e-01  0.0000000000e+00  0.0000000000e+00  -2.1697170158e-01  0.0000000000e+00  0.0000000000e+00
38.25  2  4.9384417030e+00  0.0000000000e+00  0.0000000000e+00  -1.6381778871e-01  0.0000000000e+00  0.0000000000e+00  -2.1662429318e-01  0.0000000000e+00  0.0000000000e+00
38.30  2  4.9299801854e+00  0.0000000000e+00  0.0000000000e+00  -1.7463982318e-01  0.0000000000e+00  0.0000000000e+00  -2.1625312949e-01  0.0000000000e+00  0.0000000000e+00
38.35  2  4.9209780398e+00  0.0000000000e+00  0.0000000000e+00  -1.8544270642e-01  0.0000000000e+00  0.0000000000e+00  -2.1585825120e-01  0.0000000000e+00  0.0000000000e+00
38.40  2  4.9114362536e+00  0.0000000000e+00  0.0000000000e+00  -1.9622525377e-01  0.0000000000e+00  0.0000000000e+00  -2.1543970162e-01  0.0000000000e+00  0.0000000000e+00
38.45  2  4.9013558731e+00  0.0000000000e+00  0.0000000000e+00  -2.0698628282e-01  0.0000000000e+00  0.0000000000e+00  -2.1499752665e-01  0.0000000000e+00  0.0000000000e+00
38.50  2  4.8907380037e+00  0.0000000000e+00  0.0000000000e+00  -2.1772461349e-01  0.0000000000e+00  0.0000000000e+00  -2.1453177478e-01  0.0000000000e+00  0.0000000000e+00
38.55  2  4.8795838097e+00  0.0000000000e+00  0.0000000000e+00  -2.2843906820e-01  0.0000000000e+00  0.0000000000e+00  -2.1404249708e-01  0.0000000000e+00  0.0000000000e+00
38.60  2  4.8678945144e+00  0.0000000000e+00  0.0000000000e+00  -2.3912847199e-01  0.0000000000e+00  0.0000000000e+00  -2.1352974721e-01  0.0000000000e+00  0.0000000000e+00
38.65  2  4.8556713995e+00  0.0000000000e+00  0.0000000000e+00  -2.4979165265e-01  0.0000000000e+00  0.0000000000e+00  -2.1299358140e-01  0.0000000000e+00  0.0000000000e+00
38.70  2  4.8429158056e+00  0.0000000000e+00  0.0000000000e+00  -2.6042744085e-01  0.0000000000e+00  0.0000000000e+00  -2.1243405844e-01  0.0000000000e+00  0.0000000000e+00
38.75  2  4.8296291314e+00  0.0000000000e+00  0.0000000000e+00  -2.7103467023e-01  0.0000000000e+00  0.0000000000e+00  -2.1185123969e-01  0.0000000000e+00  0.0000000000e+00
38.80  2  4.8158128340e+00  0.0000000000e+00  0.0000000000e+00  -2.8161217762e-01  0.0000000000e+00  0.0000000000e+00  -2.1124518907e-01  0.0000000000e+00  0.0000000000e+00
38.85  2  4.8014684284e+00  0.0000000000e+00  0.0000000000e+00  -2.9215880305e-01  0.0000000000e+00  0.0000000000e+00  -2.1061597303e-01  0.0000000000e+00  0.0000000000e+00
38.90  2  4.7865974877e+00  0.0000000000e+00  0.0000000000e+00  -3.0267338998e-01  0.0000000000e+00  0.0000000000e+00  -2.0996366058e-01  0.0000000000e+00  0.0000000000e+00
38.95  2  4.7712016426e+00  0.0000000000e+00  0.0000000000e+00  -3.1315478536e-01  0.0000000000e+00  0.0000000000e+00  -2.0928832324e-01  0.0000000000e+00  0.0000000000e+00
39.00  2  4.7552825815e+00  0.0000000000e+00  0.0000000000e+00  -3.2360183979e-01  0.0000000000e+00  0.0000000000e+00  -2.0859003509e-01  0.0000000000e+00  0.0000000000e+00
39.05  2  4.7388420500e+00  0.0000000000e+00  0.0000000000e+00  -3.3401340763e-01  0.0000000000e+00  0.0000000000e+00  -2.0786887268e-01  0.0000000000e+00  0.0000000000e+00
39.10  2  4.7218818512e+00  0.0000000000e+00  0.0000000000e+00  -3.4438834713e-01  0.0000000000e+00  0.0000000000e+00  -2.0712491511e-01  0.0000000000e+00  0.0000000000e+00
39.15  2  4.7044038448e+00  0.0000000000e+00  0.0000000000e+00  -3.5472552058e-01  0.0000000000e+00  0.0000000000e+00  -2.0635824396e-01  0.0000000000e+00  0.0000000000e+00
39.20  2  4.6864099475e+00  0.0000000000e+00  0.0000000000e+00  -3.6502379437e-01  0.0000000000e+00  0.0000000000e+00  -2.0556894330e-01  0.0000000000e+00  0.0000000000e+00
39.25  2  4.6679021325e+00  0.0000000000e+00  0.0000000000e+00  -3.7528203919e-01  0.0000000000e+00  0.0000000000e+00  -2.0475709969e-01  0.0000000000e+00  0.0000000000e+00
39.30  2  4.6488824294e+00  0.0000000000e+00  0.0000000000e+00  -3.8549913011e-01  0.0000000000e+00  0.0000000000e+00  -2.0392280216e-01  0.0000000000e+00  0.0000000000e+00
39.35  2  4.6293529240e+00  0.0000000000e+00  0.0000000000e+00  -3.9567394670e-01  0.0000000000e+00  0.0000000000e+00  -2.0306614219e-01  0.0000000000e+00  0.0000000000e+00
39.40  2  4.6093157579e+00  0.0000000000e+00  0.0000000000e+00  -4.0580537318e-01  0.0000000000e+00  0.0000000000e+00  -2.0218721374e-01  0.0000000000e+00  0.0000000000e+00
39.45  2  4.5887731284e+00  0.0000000000e+00  0.0000000000e+00  -4.1589229854e-01  0.0000000000e+00  0.0000000000e+00  -2.0128611317e-01  0.0000000000e+00  0.0000000000e+00
39.50  2  4.5677272882e+00  0.0000000000e+00  0.0000000000e+00  -4.2593361661e-01  0.0000000000e+00  0.0000000000e+00  -2.0036293932e-01  0.0000000000e+00  0.0000000000e+00
39.55  2  4.5461805452e+00  0.0000000000e+00  0.0000000000e+00  -4.3592822627e-01  0.0000000000e+00  0.0000000000e+00  -1.9941779341e-01  0.0000000000e+00  0.0000000000e+00
39.60  2  4.5241352623e+00  0.0000000000e+00  0.0000000000e+00  -4.4587503148e-01  0.0000000000e+00  0.0000000000e+00  -1.9845077909e-01  0.0000000000e+00  0.0000000000e+00
39.65  2  4.5015938570e+00  0.0000000000e+00  0.0000000000e+00  -4.5577294147e-01  0.0000000000e+00  0.0000000000e+00  -1.9746200241e-01  0.0000000000e+00  0.0000000000e+00
39.70  2  4.4785588012e+00  0.0000000000e+00  0.0000000000e+00  -4.6562087082e-01  0.0000000000e+00  0.0000000000e+00  -1.9645157180e-01  0.0000000000e+00  0.0000000000e+00
39.75  2  4.4550326209e+00  0.0000000000e+00  0.0000000000e+00  -4.7541773959e-01  0.0000000000e+00  0.0000000000e+00  -1.9541959806e-01  0.0000000000e+00  0.0000000000e+00
39.80  2  4.4310178962e+00  0.0000000000e+00  0.0000000000e+00  -4.8516247346e-01  0.0000000000e+00  0.0000000000e+00  -1.9436619435e-01  0.0000000000e+00  0.0000000000e+00
39.85  2  4.4065172603e+00  0.0000000000e+00  0.0000000000e+00  -4.9485400379e-01  0.0000000000e+00  0.0000000000e+00  -1.9329147620e-01  0.0000000000e+00  0.0000000000e+00
39.90  2  4.3815334002e+00  0.0000000000e+00  0.0000000000e+00  -5.0449126780e-01  0.0000000000e+00  0.0000000000e+00  -1.9219556147e-01  0.0000000000e+00  0.0000000000e+00
39.95  2  4.3560690556e+00  0.0000000000e+00  0.0000000000e+00  -5.1407320866e-01  0.0000000000e+00  0.0000000000e+00  -1.9107857032e-01  0.0000000000e+00  0.0000000000e+00
40.00  2  4.3301270189e+00  0.0000000000e+00  0.0000000000e+00  -5.2359877560e-01  0.0000000000e+00  0.0000000000e+00  -1.8994062526e-01  0.0000000000e+00  0.0000000000e+00
40.05  2  4.3037101350e+00  0.0000000000e+00  0.0000000000e+00  -5.3306692403e-01  0.0000000000e+00  0.0000000000e+00  -1.8878185106e-01  0.0000000000e+00  0.0000000000e+00
40.10  2  4.2768213008e+00  0.0000000000e+00  0.0000000000e+00  -5.4247661567e-01  0.0000000000e+00  0.0000000000e+00  -1.8760237481e-01  0.0000000000e+00  0.0000000000e+00
40.15  2  4.2494634649e+00  0.0000000000e+00  0.0000000000e+00  -5.5182681863e-01  0.0000000000e+00  0.0000000000e+00  -1.8640232585e-01  0.0000000000e+00  0.0000000000e+00
40.20  2  4.2216396275e+00  0.0000000000e+00  0.0000000000e+00  -5.6111650757e-01  0.0000000000e+00  0.0000000000e+00  -1.8518183577e-01  0.0000000000e+00  0.0000000000e+00
40.25  2  4.1933528397e+00  0.0000000000e+00  0.0000000000e+00  -5.7034466375e-01  0.0000000000e+00  0.0000000000e+00  -1.8394103841e-01  0.0000000000e+00  0.0000000000e+00
40.30  2  4.1646062036e+00  0.0000000000e+00  0.0000000000e+00  -5.7951027522e-01  0.0000000000e+00  0.0000000000e+00  -1.8268006985e-01  0.0000000000e+00  0.0000000000e+00
40.35  2  4.1354028714e+00  0.0000000000e+00  0.0000000000e+00  -5.8861233686e-01  0.0000000000e+00  0.0000000000e+00  -1.8139906835e-01  0.0000000000e+00  0.0000000000e+00
40.40  2  4.1057460457e+00  0.0000000000e+00  0.0000000000e+00  -5.9764985051e-01  0.0000000000e+00  0.0000000000e+00  -1.8009817441e-01  0.0000000000e+00  0.0000000000e+00
40.45  2  4.0756389786e+00  0.0000000000e+00  0.0000000000e+00  -6.0662182513e-01  0.0000000000e+00  0.0000000000e+00  -1.7877753067e-01  0.0000000000e+00  0.0000000000e+00
40.50  2  4.0450849719e+00  0.0000000000e+00  0.0000000000e+00  -6.1552727683e-01  0.0000000000e+00  0.0000000000e+00  -1.7743728196e-01  0.0000000000e+00  0.0000000000e+00
40.55  2  4.0140873760e+00  0.0000000000e+00  0.0000000000e+00  -6.2436522903e-01  0.0000000000e+00  0.0000000000e+00  -1.7607757525e-01  0.0000000000e+00  0.0000000000e+00
40.60  2  3.9826495901e+00  0.0000000000e+00  0.0000000000e+00  -6.3313471254e-01  0.0000000000e+00  0.0000000000e+00  -1.7469855966e-01  0.0000000000e+00  0.0000000000e+00
40.65  2  3.9507750619e+00  0.0000000000e+00  0.0000000000e+00  -6.4183476570e-01  0.0000000000e+00  0.0000000000e+00  -1.7330038639e-01  0.0000000000e+00  0.0000000000e+00
40.70  2  3.9184672866e+00  0.0000000000e+00  0.0000000000e+00  -6.5046443444e-01  0.0000000000e+00  0.0000000000e+00  -1.7188320879e-01  0.0000000000e+00  0.0000000000e+00
40.75  2  3.8857298073e+00  0.0000000000e+00  0.0000000000e+00  -6.5902277243e-01  0.0000000000e+00  0.0000000000e+00  -1.7044718226e-01  0.0000000000e+00  0.0000000000e+00
40.80  2  3.8525662139e+00  0.0000000000e+00  0.0000000000e+00  -6.6750884114e-01  0.0000000000e+00  0.0000000000e+00  -1.6899246427e-01  0.0000000000e+00  0.0000000000e+00
40.85  2  3.8189801432e+00  0.0000000000e+00  0.0000000000e+00  -6.7592170999e-01  0.0000000000e+00  0.0000000000e+00  -1.6751921435e-01  0.0000000000e+00  0.0000000000e+00
40.90  2  3.7849752783e+00  0.0000000000e+00  0.0000000000e+00  -6.8426045640e-01  0.0000000000e+00  0.0000000000e+00  -1.6602759406e-01  0.0000000000e+00  0.0000000000e+00
40.95  2  3.7505553482e+00  0.0000000000e+00  0.0000000000e+00  -6.9252416594e-01  0.0000000000e+00  0.0000000000e+00  -1.6451776698e-01  0.0000000000e+00  0.0000000000e+00
41.00  2  3.7157241274e+00  0.0000000000e+00  0.0000000000e+00  -7.0071193241e-01  0.0000000000e+00  0.0000000000e+00  -1.6298989867e-01  0.0000000000e+00  0.0000000000e+00
41.05  2  3.6804854356e+00  0.0000000000e+00  0.0000000000e+00  -7.0882285792e-01  0.0000000000e+00  0.0000000000e+00  -1.6144415668e-01  0.0000000000e+00  0.0000000000e+00
41.10  2  3.6448431371e+00  0.0000000000e+00  0.0000000000e+00  -7.1685605301e-01  0.0000000000e+00  0.0000000000e+00  -1.5988071052e-01  0.0000000000e+00  0.0000000000e+00
41.15  2  3.6088011405e+00  0.0000000000e+00  0.0000000000e+00  -7.2481063675e-01  0.0000000000e+00  0.0000000000e+00  -1.5829973164e-01  0.0000000000e+00  0.0000000000e+00
41.20  2  3.5723633982e+00  0.0000000000e+00  0.0000000000e+00  -7.3268573685e-01  0.0000000000e+00  0.0000000000e+00  -1.5670139341e-01  0.0000000000e+00  0.0000000000e+00
41.25  2  3.5355339059e+00  0.0000000000e+00  0.0000000000e+00  -7.4048048969e-01  0.0000000000e+00  0.0000000000e+00  -1.5508587110e-01  0.0000000000e+00  0.0000000000e+00
41.30  2  3.4983167026e+00  0.0000000000e+00  0.0000000000e+00  -7.4819404051e-01  0.0000000000e+00  0.0000000000e+00  -1.5345334188e-01  0.0000000000e+00  0.0000000000e+00
41.35  2  3.4607158694e+00  0.0000000000e+00  0.0000000000e+00  -7.5582554342e-01  0.0000000000e+00  0.0000000000e+00  -1.5180398478e-01  0.0000000000e+00  0.0000000000e+00
41.40  2  3.4227355296e+00  0.0000000000e+00  0.0000000000e+00  -7.6337416153e-01  0.0000000000e+00  0.0000000000e+00  -1.5013798065e-01  0.0000000000e+00  0.0000000000e+00
41.45  2  3.3843798484e+00  0.0000000000e+00  0.0000000000e+00  -7.7083906707e-01  0.0000000000e+00  0.0000000000e+00  -1.4845551221e-01  0.0000000000e+00  0.0000000000e+00
41.50  2  3.3456530318e+00  0.0000000000e+00  0.0000000000e+00  -7.7821944142e-01  0.0000000000e+00  0.0000000000e+00  -1.4675676394e-01  0.0000000000e+00  0.0000000000e+00
41.55  2  3.3065593266e+00  0.0000000000e+00  0.0000000000e+00  -7.8551447524e-01  0.0000000000e+00  0.0000000000e+00  -1.4504192214e-01  0.0000000000e+00  0.0000000000e+00
41.60  2  3.2671030200e+00  0.0000000000e+00  0.0000000000e+00  -7.9272336855e-01  0.0000000000e+00  0.0000000000e+00  -1.4331117486e-01  0.0000000000e+00  0.0000000000e+00
41.65  2  3.2272884386e+00  0.0000000000e+00  0.0000000000e+00  -7.9984533080e-01  0.0000000000e+00  0.0000000000e+00  -1.4156471190e-01  0.0000000000e+00  0.0000000000e+00
41.70  2  3.1871199487e+00  0.0000000000e+00  0.0000000000e+00  -8.0687958100e-01  0.0000000000e+00  0.0000000000e+00  -1.3980272477e-01  0.0000000000e+00  0.0000000000e+00
41.75  2  3.1466019552e+00  0.0000000000e+00  0.0000000000e+00  -8.1382534776e-01  0.0000000000e+00  0.0000000000e+00  -1.3802540669e-01  0.0000000000e+00  0.0000000000e+00
41.80  2  3.1057389014e+00  0.0000000000e+00  0.0000000000e+00  -8.2068186940e-01  0.0000000000e+00  0.0000000000e+00  -1.3623295258e-01  0.0000000000e+00  0.0000000000e+00
41.85  2  3.0645352683e+00  0.0000000000e+00  0.0000000000e+00  -8.2744839403e-01  0.0000000000e+00  0.0000000000e+00  -1.3442555898e-01  0.0000000000e+00  0.0000000000e+00
41.90  2  3.0229955743e+00  0.0000000000e+00  0.0000000000e+00  -8.3412417961e-01  0.0000000000e+00  0.0000000000e+00  -1.3260342411e-01  0.0000000000e+00  0.0000000000e+00
41.95  2  2.9811243748e+00  0.0000000000e+00  0.0000000000e+00  -8.4070849408e-01  0.0000000000e+00  0.0000000000e+00  -1.3076674778e-01  0.0000000000e+00  0.0000000000e+00
42.00  2  2.9389262615e+00  0.0000000000e+00  0.0000000000e+00  -8.4720061539e-01  0.0000000000e+00  0.0000000000e+00  -1.2891573140e-01  0.0000000000e+00  0.0000000000e+00
42.05  2  2.8964058617e+00  0.0000000000e+00  0.0000000000e+00  -8.5359983160e-01  0.0000000000e+00  0.0000000000e+00  -1.2705057796e-01  0.0000000000e+00  0.0000000000e+00
42.10  2  2.8535678384e+00  0.0000000000e+00  0.0000000000e+00  -8.5990544097e-01  0.0000000000e+00  0.0000000000e+00  -1.2517149199e-01  0.0000000000e+00  0.0000000000e+00
42.15  2  2.8104168893e+00  0.0000000000e+00  0.0000000000e+00  -8.6611675202e-01  0.0000000000e+00  0.0000000000e+00  -1.2327867955e-01  0.0000000000e+00  0.0000000000e+00
42.20  2  2.7669577462e+00  0.0000000000e+00  0.0000000000e+00  -8.7223308361e-01  0.0000000000e+00  0.0000000000e+00  -1.2137234822e-01  0.0000000000e+00  0.0000000000e+00
42.25  2  2.7231951751e+00  0.0000000000e+00  0.0000000000e+00  -8.7825376501e-01  0.0000000000e+00  0.0000000000e+00  -1.1945270704e-01  0.0000000000e+00  0.0000000000e+00
42.30  2  2.6791339749e+00  0.0000000000e+00  0.0000000000e+00  -8.8417813599e-01  0.0000000000e+00  0.0000000000e+00  -1.1751996653e-01  0.0000000000e+00  0.0000000000e+00
42.35  2  2.6347789775e+00  0.0000000000e+00  0.0000000000e+00  -8.9000554688e-01  0.0000000000e+00  0.0000000000e+00  -1.1557433863e-01  0.0000000000e+00  0.0000000000e+00
42.40  2  2.5901350469e+00  0.0000000000e+00  0.0000000000e+00  -8.9573535862e-01  0.0000000000e+00  0.0000000000e+00  -1.1361603670e-01  0.0000000000e+00  0.0000000000e+00
42.45  2  2.5452070788e+00  0.0000000000e+00  0.0000000000e+00  -9.0136694289e-01  0.0000000000e+00  0.0000000000e+00  -1.1164527549e-01  0.0000000000e+00  0.0000000000e+00
42.50  2  2.5000000000e+00  0.0000000000e+00  0.0000000000e+00  -9.0689968212e-01  0.0000000000e+00  0.0000000000e+00  -1.0966227112e-01  0.0000000000e+00  0.0000000000e+00
42.55  2  2.4545187681e+00  0.0000000000e+00  0.0000000000e+00  -9.1233296957e-01  0.0000000000e+00  0.0000000000e+00  -1.0766724105e-01  0.0000000000e+00  0.0000000000e+00
42.60  2  2.4087683705e+00  0.0000000000e+00  0.0000000000e+00  -9.1766620944e-01  0.0000000000e+00  0.0000000000e+00  -1.0566040405e-01  0.0000000000e+00  0.0000000000e+00
42.65  2  2.3627538243e+00  0.0000000000e+00  0.0000000000e+00  -9.2289881686e-01  0.0000000000e+00  0.0000000000e+00  -1.0364198019e-01  0.0000000000e+00  0.0000000000e+00
42.70  2  2.3164801756e+00  0.0000000000e+00  0.0000000000e+00  -9.2803021803e-01  0.0000000000e+00  0.0000000000e+00  -1.0161219083e-01  0.0000000000e+00  0.0000000000e+00
42.75  2  2.2699524987e+00  0.0000000000e+00  0.0000000000e+00  -9.3305985023e-01  0.0000000000e+00  0.0000000000e+00  -9.9571258540e-02  0.0000000000e+00  0.0000000000e+00
42.80  2  2.2231758959e+00  0.0000000000e+00  0.0000000000e+00  -9.3798716190e-01  0.0000000000e+00  0.0000000000e+00  -9.7519407141e-02  0.0000000000e+00  0.0000000000e+00
42.85  2  2.1761554969e+00  0.0000000000e+00  0.0000000000e+00  -9.4281161271e-01  0.0000000000e+00  0.0000000000e+00  -9.5456861641e-02  0.0000000000e+00  0.0000000000e+00
42.90  2  2.1288964578e+00  0.0000000000e+00  0.0000000000e+00  -9.4753267360e-01  0.0000000000e+00  0.0000000000e+00  -9.3383848221e-02  0.0000000000e+00  0.0000000000e+00
42.95  2  2.0814039613e+00  0.0000000000e+00  0.0000000000e+00  -9.5214982685e-01  0.0000000000e+00  0.0000000000e+00  -9.1300594208e-02  0.0000000000e+00  0.0000000000e+00
43.00  2  2.0336832154e+00  0.0000000000e+00  0.0000000000e+00  -9.5666256615e-01  0.0000000000e+00  0.0000000000e+00  -8.9207328057e-02  0.0000000000e+00  0.0000000000e+00
43.05  2  1.9857394532e+00  0.0000000000e+00  0.0000000000e+00  -9.6107039662e-01  0.0000000000e+00  0.0000000000e+00  -8.7104279318e-02  0.0000000000e+00  0.0000000000e+00
43.10  2  1.9375779323e+00  0.0000000000e+00  0.0000000000e+00  -9.6537283488e-01  0.0000000000e+00  0.0000000000e+00  -8.4991678612e-02  0.0000000000e+00  0.0000000000e+00
43.15  2  1.8892039341e+00  0.0000000000e+00  0.0000000000e+00  -9.6956940914e-01  0.0000000000e+00  0.0000000000e+00  -8.2869757611e-02  0.0000000000e+00  0.0000000000e+00
43.20  2  1.8406227634e+00  0.0000000000e+00  0.0000000000e+00  -9.7365965918e-01  0.0000000000e+00  0.0000000000e+00  -8.0738749007e-02  0.0000000000e+00  0.0000000000e+00
43.25  2  1.7918397477e+00  0.0000000000e+00  0.0000000000e+00  -9.7764313647e-01  0.0000000000e+00  0.0000000000e+00  -7.8598886490e-02  0.0000000000e+00  0.0000000000e+00
43.30  2  1.7428602366e+00  0.0000000000e+00  0.0000000000e+00  -9.8151940418e-01  0.0000000000e+00  0.0000000000e+00  -7.6450404719e-02  0.0000000000e+00  0.0000000000e+00
43.35  2  1.6936896012e+00  0.0000000000e+00  0.0000000000e+00  -9.8528803722e-01  0.0000000000e+00  0.0000000000e+00  -7.4293539299e-02  0.0000000000e+00  0.0000000000e+00
43.40  2  1.6443332337e+00  0.0000000000e+00  0.0000000000e+00  -9.8894862232e-01  0.0000000000e+00  0.0000000000e+00  -7.2128526756e-02  0.0000000000e+00  0.0000000000e+00
43.45  2  1.5947965465e+00  0.0000000000e+00  0.0000000000e+00  -9.9250075806e-01  0.0000000000e+00  0.0000000000e+00  -6.9955604507e-02  0.0000000000e+00  0.0000000000e+00
43.50  2  1.5450849719e+00  0.0000000000e+00  0.0000000000e+00  -9.9594405491e-01  0.0000000000e+00  0.0000000000e+00  -6.7775010838e-02  0.0000000000e+00  0.0000000000e+00
43.55  2  1.4952039613e+00  0.0000000000e+00  0.0000000000e+00  -9.9927813528e-01  0.0000000000e+00  0.0000000000e+00  -6.5586984875e-02  0.0000000000e+00  0.0000000000e+00
43.60  2  1.4451589847e+00  0.0000000000e+00  0.0000000000e+00  -1.0025026335e+00  0.0000000000e+00  0.0000000000e+00  -6.3391766560e-02  0.0000000000e+00  0.0000000000e+00
43.65  2  1.3949555302e+00  0.0000000000e+00  0.0000000000e+00  -1.0056171961e+00  0.0000000000e+00  0.0000000000e+00  -6.1189596623e-02  0.0000000000e+00  0.0000000000e+00
43.70  2  1.3445991031e+00  0.0000000000e+00  0.0000000000e+00  -1.0086214814e+00  0.0000000000e+00  0.0000000000e+00  -5.8980716557e-02  0.0000000000e+00  0.0000000000e+00
43.75  2  1.2940952255e+00  0.0000000000e+00  0.0000000000e+00  -1.0115151599e+00  0.0000000000e+00  0.0000000000e+00  -5.6765368592e-02  0.0000000000e+00  0.0000000000e+00
43.80  2  1.2434494358e+00  0.0000000000e+00  0.0000000000e+00  -1.0142979145e+00  0.0000000000e+00  0.0000000000e+00  -5.4543795664e-02  0.0000000000e+00  0.0000000000e+00
43.85  2  1.1926672879e+00  0.0000000000e+00  0.0000000000e+00  -1.0169694398e+00  0.0000000000e+00  0.0000000000e+00  -5.2316241394e-02  0.0000000000e+00  0.0000000000e+00
43.90  2  1.1417543506e+00  0.0000000000e+00  0.0000000000e+00  -1.0195294430e+00  0.0000000000e+00  0.0000000000e+00  -5.0082950059e-02  0.0000000000e+00  0.0000000000e+00
43.95  2  1.0907162070e+00  0.0000000000e+00  0.0000000000e+00  -1.0219776433e+00  0.0000000000e+00  0.0000000000e+00  -4.7844166563e-02  0.0000000000e+00  0.0000000000e+00
44.00  2  1.0395584541e+00  0.0000000000e+00  0.0000000000e+00  -1.0243137722e+00  0.0000000000e+00  0.0000000000e+00  -4.5600136416e-02  0.0000000000e+00  0.0000000000e+00
44.05  2  9.8828670190e-01  0.0000000000e+00  0.0000000000e+00  -1.0265375736e+00  0.0000000000e+00  0.0000000000e+00  -4.3351105700e-02  0.0000000000e+00  0.0000000000e+00
44.10  2  9.3690657293e-01  0.0000000000e+00  0.0000000000e+00  -1.0286488035e+00  0.0000000000e+00  0.0000000000e+00  -4.1097321047e-02  0.0000000000e+00  0.0000000000e+00
44.15  2  8.8542370160e-01  0.0000000000e+00  0.0000000000e+00  -1.0306472306e+00  0.0000000000e+00  0.0000000000e+00  -3.8839029609e-02  0.0000000000e+00  0.0000000000e+00
44.20  2  8.3384373358e-01  0.0000000000e+00  0.0000000000e+00  -1.0325326355e+00  0.0000000000e+00  0.0000000000e+00  -3.6576479035e-02  0.0000000000e+00  0.0000000000e+00
44.25  2  7.8217232520e-01  0.0000000000e+00  0.0000000000e+00  -1.0343048116e+00  0.0000000000e+00  0.0000000000e+00  -3.4309917437e-02  0.0000000000e+00  0.0000000000e+00
44.30  2  7.3041514281e-01  0.0000000000e+00  0.0000000000e+00  -1.0359635645e+00  0.0000000000e+00  0.0000000000e+00  -3.2039593369e-02  0.0000000000e+00  0.0000000000e+00
44.35  2  6.7857786217e-01  0.0000000000e+00  0.0000000000e+00  -1.0375087124e+00  0.0000000000e+00  0.0000000000e+00  -2.9765755800e-02  0.0000000000e+00  0.0000000000e+00
44.40  2  6.2666616782e-01  0.0000000000e+00  0.0000000000e+00  -1.0389400857e+00  0.0000000000e+00  0.0000000000e+00  -2.7488654080e-02  0.0000000000e+00  0.0000000000e+00
44.45  2  5.7468575246e-01  0.0000000000e+00  0.0000000000e+00  -1.0402575276e+00  0.0000000000e+00  0.0000000000e+00  -2.5208537919e-02  0.0000000000e+00  0.0000000000e+00
44.50  2  5.2264231634e-01  0.0000000000e+00  0.0000000000e+00  -1.0414608934e+00  0.0000000000e+00  0.0000000000e+00  -2.2925657358e-02  0.0000000000e+00  0.0000000000e+00
44.55  2  4.7054156659e-01  0.0000000000e+00  0.0000000000e+00  -1.0425500514e+00  0.0000000000e+00  0.0000000000e+00  -2.0640262740e-02  0.0000000000e+00  0.0000000000e+00
44.60  2  4.1838921666e-01  0.0000000000e+00  0.0000000000e+00  -1.0435248820e+00  0.0000000000e+00  0.0000000000e+00  -1.8352604685e-02  0.0000000000e+00  0.0000000000e+00
44.65  2  3.6619098564e-01  0.0000000000e+00  0.0000000000e+00  -1.0443852783e+00  0.0000000000e+00  0.0000000000e+00  -1.6062934060e-02  0.0000000000e+00  0.0000000000e+00
44.70  2  3.1395259765e-01  0.0000000000e+00  0.0000000000e+00  -1.0451311460e+00  0.0000000000e+00  0.0000000000e+00  -1.3771501953e-02  0.0000000000e+00  0.0000000000e+00
44.75  2  2.6167978121e-01  0.0000000000e+00  0.0000000000e+00  -1.0457624033e+00  0.0000000000e+00  0.0000000000e+00  -1.1478559646e-02  0.0000000000e+00  0.0000000000e+00
44.80  2  2.0937826865e-01  0.0000000000e+00  0.0000000000e+00  -1.0462789810e+00  0.0000000000e+00  0.0000000000e+00  -9.1843585854e-03  0.0000000000e+00  0.0000000000e+00
44.85  2  1.5705379539e-01  0.0000000000e+00  0.0000000000e+00  -1.0466808224e+00  0.0000000000e+00  0.0000000000e+00  -6.8891503564e-03  0.0000000000e+00  0.0000000000e+00
44.90  2  1.0471209942e-01  0.0000000000e+00  0.0000000000e+00  -1.0469678835e+00  0.0000000000e+00  0.0000000000e+00  -4.5931866544e-03  0.0000000000e+00  0.0000000000e+00
44.95  2  5.2358920581e-02  0.0000000000e+00  0.0000000000e+00  -1.0471401327e+00  0.0000000000e+00  0.0000000000e+00  -2.2967192578e-03  0.0000000000e+00  0.0000000000e+00
45.00  2  1.8369701987e-15  0.0000000000e+00  0.0000000000e+00  -1.0471975512e+00  0.0000000000e+00  0.0000000000e+00  -8.0578529591e-17  0.0000000000e+00  0.0000000000e+00
45.05  2  -5.2358920581e-02  0.0000000000e+00  0.0000000000e+00  -1.0471401327e+00  0.0000000000e+00  0.0000000000e+00  2.2967192578e-03  0.0000000000e+00  0.0000000000e+00
45.10  2  -1.0471209942e-01  0.0000000000e+00  0.0000000000e+00  -1.0469678835e+00  0.0000000000e+00  0.0000000000e+00  4.5931866544e-03  0.0000000000e+00  0.0000000000e+00
45.15  2  -1.5705379539e-01  0.0000000000e+00  0.0000000000e+00  -1.0466808224e+00  0.0000000000e+00  0.0000000000e+00  6.8891503564e-03  0.0000000000e+00  0.0000000000e+00
45.20  2  -2.0937826865e-01  0.0000000000e+00  0.0000000000e+00  -1.0462789810e+00  0.0000000000e+00  0.0000000000e+00  9.1843585854e-03  0.0000000000e+00  0.0000000000e+00
45.25  2  -2.6167978121e-01  0.0000000000e+00  0.0000000000e+00  -1.0457624033e+00  0.0000000000e+00  0.0000000000e+00  1.1478559646e-02  0.0000000000e+00  0.0000000000e+00
45.30  2  -3.1395259765e-01  0.0000000000e+00  0.0000000000e+00  -1.0451311460e+00  0.0000000000e+00  0.0000000000e+00  1.3771501953e-02  0.0000000000e+00  0.0000000000e+00
45.35  2  -3.6619098564e-01  0.0000000000e+00  0.0000000000e+00  -1.0443852783e+00  0.0000000000e+00  0.0000000000e+00  1.6062934060e-02  0.0000000000e+00  0.0000000000e+00
45.40  2  -4.1838921666e-01  0.0000000000e+00  0.0000000000e+00  -1.0435248820e+00  0.0000000000e+00  0.0000000000e+00  1.8352604685e-02  0.0000000000e+00  0.0000000000e+00
45.45  2  -4.7054156659e-01  0.0000000000e+00  0.0000000000e+00  -1.0425500514e+00  0.0000000000e+00  0.0000000000e+00  2.0640262740e-02  0.0000000000e+00  0.0000000000e+00
45.50  2  -5.2264231634e-01  0.0000000000e+00  0.0000000000e+00  -1.0414608934e+00  0.0000000000e+00  0.0000000000e+00  2.2925657358e-02  0.0000000000e+00  0.0000000000e+00
45.55  2  -5.7468575246e-01  0.0000000000e+00  0.0000000000e+00  -1.0402575276e+00  0.0000000000e+00  0.0000000000e+00  2.5208537919e-02  0.0000000000e+00  0.0000000000e+00
45.60  2  -6.2666616782e-01  0.0000000000e+00  0.0000000000e+00  -1.0389400857e+00  0.0000000000e+00  0.0000000000e+00  2.7488654080e-02  0.0000000000e+00  0.0000000000e+00
45.65  2  -6.7857786217e-01  0.0000000000e+00  0.0000000000e+00  -1.0375087124e+00  0.0000000000e+00  0.0000000000e+00  2.9765755800e-02  0.0000000000e+00  0.0000000000e+00
45.70  2  -7.3041514281e-01  0.0000000000e+00  0.0000000000e+00  -1.0359635645e+00  0.0000000000e+00  0.0000000000e+00  3.2039593369e-02  0.0000000000e+00  0.0000000000e+00
45.75  2  -7.8217232520e-01  0.0000000000e+00  0.0000000000e+00  -1.0343048116e+00  0.0000000000e+00  0.0000000000e+00  3.4309917437e-02  0.0000000000e+00  0.0000000000e+00
45.80  2  -8.3384373358e-01  0.0000000000e+00  0.0000000000e+00  -1.0325326355e+00  0.0000000000e+00  0.0000000000e+00  3.6576479035e-02  0.0000000000e+00  0.0000000000e+00
45.85  2  -8.8542370160e-01  0.0000000000e+00  0.0000000000e+00  -1.0306472306e+00  0.0000000000e+00  0.0000000000e+00  3.8839029609e-02  0.0000000000e+00  0.0000000000e+00
45.90  2  -9.3690657293e-01  0.0000000000e+00  0.0000000000e+00  -1.0286488035e+00  0.0000000000e+00  0.0000000000e+00  4.1097321047e-02  0.0000000000e+00  0.0000000000e+00
45.95  2  -9.8828670190e-01  0.0000000000e+00  0.0000000000e+00  -1.0265375736e+00  0.0000000000e+00  0.0000000000e+00  4.3351105700e-02  0.0000000000e+00  0.0000000000e+00
46.00  2  -1.0395584541e+00  0.0000000000e+00  0.0000000000e+00  -1.0243137722e+00  0.0000000000e+00  0.0000000000e+00  4.5600136416e-02  0.0000000000e+00  0.0000000000e+00
46.05  2  -1.0907162070e+00  0.0000000000e+00  0.0000000000e+00  -1.0219776433e+00  0.0000000000e+00  0.0000000000e+00  4.7844166563e-02  0.0000000000e+00  0.0000000000e+00
46.10  2  -1.1417543506e+00  0.0000000000e+00  0.0000000000e+00  -1.0195294430e+00  0.0000000000e+00  0.0000000000e+00  5.0082950059e-02  0.0000000000e+00  0.0000000000e+00
46.15  2  -1.1926672879e+00  0.0000000000e+00  0.0000000000e+00  -1.0169694398e+00  0.0000000000e+00  0.0000000000e+00  5.2316241394e-02  0.0000000000e+00  0.0000000000e+00
46.20  2  -1.2434494358e+00  0.0000000000e+00  0.0000000000e+00  -1.0142979145e+00  0.0000000000e+00  0.0000000000e+00  5.4543795664e-02  0.0000000000e+00  0.0000000000e+00
46.25  2  -1.2940952255e+00  0.0000000000e+00  0.0000000000e+00  -1.0115151599e+00  0.0000000000e+00  0.0000000000e+00  5.6765368592e-02  0.0000000000e+00  0.0000000000e+00
46.30  2  -1.3445991031e+00  0.0000000000e+00  0.0000000000e+00  -1.0086214814e+00  0.0000000000e+00  0.0000000000e+00  5.8980716557e-02  0.0000000000e+00  0.0000000000e+00
46.35  2  -1.3949555302e+00  0.0000000000e+00  0.0000000000e+00  -1.0056171961e+00  0.0000000000e+00  0.0000000000e+00  6.1189596623e-02  0.0000000000e+00  0.0000000000e+00
46.40  2  -1.4451589847e+00  0.0000000000e+00  0.0000000000e+00  -1.0025026335e+00  0.0000000000e+00  0.0000000000e+00  6.3391766560e-02  0.0000000000e+00  0.0000000000e+00
46.45  2  -1.4952039613e+00  0.0000000000e+00  0.0000000000e+00  -9.9927813528e-01  0.0000000000e+00  0.0000000000e+00  6.5586984875e-02  0.0000000000e+00  0.0000000000e+00
46.50  2  -1.5450849719e+00  0.0000000000e+00  0.0000000000e+00  -9.9594405491e-01  0.0000000000e+00  0.0000000000e+00  6.7775010838e-02  0.0000000000e+00  0.0000000000e+00
46.55  2  -1.5947965465e+00  0.0000000000e+00  0.0000000000e+00  -9.9250075806e-01  0.0000000000e+00  0.0000000000e+00  6.9955604507e-02  0.0000000000e+00  0.0000000000e+00
46.60  2  -1.6443332337e+00  0.0000000000e+00  0.0000000000e+00  -9.8894862232e-01  0.0000000000e+00  0.0000000000e+00  7.2128526756e-02  0.0000000000e+00  0.0000000000e+00
46.65  2  -1.6936896012e+00  0.0000000000e+00  0.0000000000e+00  -9.8528803722e-01  0.0000000000e+00  0.0000000000e+00  7.4293539299e-02  0.0000000000e+00  0.0000000000e+00
46.70  2  -1.7428602366e+00  0.0000000000e+00  0.0000000000e+00  -9.8151940418e-01  0.0000000000e+00  0.0000000000e+00  7.6450404719e-02  0.0000000000e+00  0.0000000000e+00
46.75  2  -1.7918397477e+00  0.0000000000e+00  0.0000000000e+00  -9.7764313647e-01  0.0000000000e+00  0.0000000000e+00  7.8598886490e-02  0.0000000000e+00  0.0000000000e+00
46.80  2  -1.8406227634e+00  0.0000000000e+00  0.0000000000e+00  -9.7365965918e-01  0.0000000000e+00  0.0000000000e+00  8.0738749007e-02  0.0000000000e+00  0.0000000000e+00
46.85  2  -1.8892039341e+00  0.0000000000e+00  0.0000000000e+00  -9.6956940914e-01  0.0000000000e+00  0.0000000000e+00  8.2869757611e-02  0.0000000000e+00  0.0000000000e+00
46.90  2  -1.9375779323e+00  0.0000000000e+00  0.0000000000e+00  -9.6537283488e-01  0.0000000000e+00  0.0000000000e+00  8.4991678612e-02  0.0000000000e+00  0.0000000000e+00
46.95  2  -1.9857394532e+00  0.0000000000e+00  0.0000000000e+00  -9.6107039662e-01  0.0000000000e+00  0.0000000000e+00  8.7104279318e-02  0.0000000000e+00  0.0000000000e+00
47.00  2  -2.0336832154e+00  0.0000000000e+00  0.0000000000e+00  -9.5666256615e-01  0.0000000000e+00  0.0000000000e+00  8.9207328057e-02  0.0000000000e+00  0.0000000000e+00
47.05  2  -2.0814039613e+00  0.0000000000e+00  0.0000000000e+00  -9.5214982685e-01  0.0000000000e+00  0.0000000000e+00  9.1300594208e-02  0.0000000000e+00  0.0000000000e+00
47.10  2  -2.1288964578e+00  0.0000000000e+00  0.0000000000e+00  -9.4753267360e-01  0.0000000000e+00  0.0000000000e+00  9.3383848221e-02  0.0000000000e+00  0.0000000000e+00
47.15  2  -2.1761554969e+00  0.0000000000e+00  0.0000000000e+00  -9.4281161271e-01  0.0000000000e+00  0.0000000000e+00  9.5456861641e-02  0.0000000000e+00  0.0000000000e+00
47.20  2  -2.2231758959e+00  0.0000000000e+00  0.0000000000e+00  -9.3798716190e-01  0.0000000000e+00  0.0000000000e+00  9.7519407141e-02  0.0000000000e+00  0.0000000000e+00
47.25  2  -2.2699524987e+00  0.0000000000e+00  0.0000000000e+00  -9.3305985023e-01  0.0000000000e+00  0.0000000000e+00  9.9571258540e-02  0.0000000000e+00  0.0000000000e+00
47.30  2  -2.3164801756e+00  0.0000000000e+00  0.0000000000e+00  -9.2803021803e-01  0.0000000000e+00  0.0000000000e+00  1.0161219083e-01  0.0000000000e+00  0.0000000000e+00
47.35  2  -2.3627538243e+00  0.0000000000e+00  0.0000000000e+00  -9.2289881686e-01  0.0000000000e+00  0.0000000000e+00  1.0364198019e-01  0.0000000000e+00  0.0000000000e+00
47.40  2  -2.4087683705e+00  0.0000000000e+00  0.0000000000e+00  -9.1766620944e-01  0.0000000000e+00  0.0000000000e+00  1.0566040405e-01  0.0000000000e+00  0.0000000000e+00
47.45  2  -2.4545187681e+00  0.0000000000e+00  0.0000000000e+00  -9.1233296957e-01  0.0000000000e+00  0.0000000000e+00  1.0766724105e-01  0.0000000000e+00  0.0000000000e+00
47.50  2  -2.5000000000e+00  0.0000000000e+00  0.0000000000e+00  -9.0689968212e-01  0.0000000000e+00  0.0000000000e+00  1.0966227112e-01  0.0000000000e+00  0.0000000000e+00
47.55  2  -2.5452070788e+00  0.0000000000e+00  0.0000000000e+00  -9.0136694289e-01  0.0000000000e+00  0.0000000000e+00  1.1164527549e-01  0.0000000000e+00  0.0000000000e+00
47.60  2  -2.5901350469e+00  0.0000000000e+00  0.0000000000e+00  -8.9573535862e-01  0.0000000000e+00  0.0000000000e+00  1.1361603670e-01  0.0000000000e+00  0.0000000000e+00
47.65  2  -2.6347789775e+00  0.0000000000e+00  0.0000000000e+00  -8.9000554688e-01  0.0000000000e+00  0.0000000000e+00  1.1557433863e-01  0.0000000000e+00  0.0000000000e+00
47.70  2  -2.6791339749e+00  0.0000000000e+00  0.0000000000e+00  -8.8417813599e-01  0.0000000000e+00  0.0000000000e+00  1.1751996653e-01  0.0000000000e+00  0.0000000000e+00
47.75  2  -2.7231951751e+00  0.0000000000e+00  0.0000000000e+00  -8.7825376501e-01  0.0000000000e+00  0.0000000000e+00  1.1945270704e-01  0.0000000000e+00  0.0000000000e+00
47.80  2  -2.7669577462e+00  0.0000000000e+00  0.0000000000e+00  -8.7223308361e-01  0.0000000000e+00  0.0000000000e+00  1.2137234822e-01  0.0000000000e+00  0.0000000000e+00
47.85  2  -2.8104168893e+00  0.0000000000e+00  0.0000000000e+00  -8.6611675202e-01  0.0000000000e+00  0.0000000000e+00  1.2327867955e-01  0.0000000000e+00  0.0000000000e+00
47.90  2  -2.8535678384e+00  0.0000000000e+00  0.0000000000e+00  -8.5990544097e-01  0.0000000000e+00  0.0000000000e+00  1.2517149199e-01  0.0000000000e+00  0.0000000000e+00
47.95  2  -2.8964058617e+00  0.0000000000e+00  0.0000000000e+00  -8.5359983160e-01  0.0000000000e+00  0.0000000000e+00  1.2705057796e-01  0.0000000000e+00  0.0000000000e+00
48.00  2  -2.9389262615e+00  0.0000000000e+00  0.0000000000e+00  -8.4720061539e-01  0.0000000000e+00  0.0000000000e+00  1.2891573140e-01  0.0000000000e+00  0.0000000000e+00
48.05  2  -2.9811243748e+00  0.0000000000e+00  0.0000000000e+00  -8.4070849408e-01  0.0000000000e+00  0.0000000000e+00  1.3076674778e-01  0.0000000000e+00  0.0000000000e+00
48.10  2  -3.0229955743e+00  0.0000000000e+00  0.0000000000e+00  -8.3412417961e-01  0.0000000000e+00  0.0000000000e+00  1.3260342411e-01  0.0000000000e+00  0.0000000000e+00
48.15  2  -3.0645352683e+00  0.0000000000e+00  0.0000000000e+00  -8.2744839403e-01  0.0000000000e+00  0.0000000000e+00  1.3442555898e-01  0.0000000000e+00  0.0000000000e+00
48.20  2  -3.1057389014e+00  0.0000000000e+00  0.0000000000e+00  -8.2068186940e-01  0.0000000000e+00  0.0000000000e+00  1.3623295258e-01  0.0000000000e+00  0.0000000000e+00
48.25  2  -3.1466019552e+00  0.0000000000e+00  0.0000000000e+00  -8.1382534776e-01  0.0000000000e+00  0.0000000000e+00  1.3802540669e-01  0.0000000000e+00  0.0000000000e+00
48.30  2  -3.1871199487e+00  0.0000000000e+00  0.0000000000e+00  -8.0687958100e-01  0.0000000000e+00  0.0000000000e+00  1.3980272477e-01  0.0000000000e+00  0.0000000000e+00
48.35  2  -3.2272884386e+00  0.0000000000e+00  0.0000000000e+00  -7.9984533080e-01  0.0000000000e+00  0.0000000000e+00  1.4156471190e-01  0.0000000000e+00  0.0000000000e+00
48.40  2  -3.2671030200e+00  0.0000000000e+00  0.0000000000e+00  -7.9272336855e-01  0.0000000000e+00  0.0000000000e+00  1.4331117486e-01  0.0000000000e+00  0.0000000000e+00
48.45  2  -3.3065593266e+00  0.0000000000e+00  0.0000000000e+00  -7.8551447524e-01  0.0000000000e+00  0.0000000000e+00  1.4504192214e-01  0.0000000000e+00  0.0000000000e+00
48.50  2  -3.3456530318e+00  0.0000000000e+00  0.0000000000e+00  -7.7821944142e-01  0.0000000000e+00  0.0000000000e+00  1.4675676394e-01  0.0000000000e+00  0.0000000000e+00
48.55  2  -3.3843798484e+00  0.0000000000e+00  0.0000000000e+00  -7.7083906707e-01  0.0000000000e+00  0.0000000000e+00  1.4845551221e-01  0.0000000000e+00  0.0000000000e+00
48.60  2  -3.4227355296e+00  0.0000000000e+00  0.0000000000e+00  -7.6337416153e-01  0.0000000000e+00  0.0000000000e+00  1.5013798065e-01  0.0000000000e+00  0.0000000000e+00
48.65  2  -3.4607158694e+00  0.0000000000e+00  0.0000000000e+00  -7.5582554342e-01  0.0000000000e+00  0.0000000000e+00  1.5180398478e-01  0.0000000000e+00  0.0000000000e+00
48.70  2  -3.4983167026e+00  0.0000000000e+00  0.0000000000e+00  -7.4819404051e-01  0.0000000000e+00  0.0000000000e+00  1.5345334188e-01  0.0000000000e+00  0.0000000000e+00
48.75  2  -3.5355339059e+00  0.0000000000e+00  0.0000000000e+00  -7.4048048969e-01  0.0000000000e+00  0.0000000000e+00  1.5508587110e-01  0.0000000000e+00  0.0000000000e+00
48.80  2  -3.5723633982e+00  0.0000000000e+00  0.0000000000e+00  -7.3268573685e-01  0.0000000000e+00  0.0000000000e+00  1.5670139341e-01  0.0000000000e+00  0.0000000000e+00
48.85  2  -3.6088011405e+00  0.0000000000e+00  0.0000000000e+00  -7.2481063675e-01  0.0000000000e+00  0.0000000000e+00  1.5829973164e-01  0.0000000000e+00  0.0000000000e+00
48.90  2  -3.6448431371e+00  0.0000000000e+00  0.0000000000e+00  -7.1685605301e-01  0.0000000000e+00  0.0000000000e+00  1.5988071052e-01  0.0000000000e+00  0.0000000000e+00
48.95  2  -3.6804854356e+00  0.0000000000e+00  0.0000000000e+00  -7.0882285792e-01  0.0000000000e+00  0.0000000000e+00  1.6144415668e-01  0.0000000000e+00  0.0000000000e+00
49.00  2  -3.7157241274e+00  0.0000000000e+00  0.0000000000e+00  -7.0071193241e-01  0.0000000000e+00  0.0000000000e+00  1.6298989867e-01  0.0000000000e+00  0.0000000000e+00
49.05  2  -3.7505553482e+00  0.0000000000e+00  0.0000000000e+00  -6.9252416594e-01  0.0000000000e+00  0.0000000000e+00  1.6451776698e-01  0.0000000000e+00  0.0000000000e+00
49.10  2  -3.7849752783e+00  0.0000000000e+00  0.0000000000e+00  -6.8426045640e-01  0.0000000000e+00  0.0000000000e+00  1.6602759406e-01  0.0000000000e+00  0.0000000000e+00
49.15  2  -3.8189801432e+00  0.0000000000e+00  0.0000000000e+00  -6.7592170999e-01  0.0000000000e+00  0.0000000000e+00  1.6751921435e-01  0.0000000000e+00  0.0000000000e+00
49.20  2  -3.8525662139e+00  0.0000000000e+00  0.0000000000e+00  -6.6750884114e-01  0.0000000000e+00  0.0000000000e+00  1.6899246427e-01  0.0000000000e+00  0.0000000000e+00
49.25  2  -3.8857298073e+00  0.0000000000e+00  0.0000000000e+00  -6.5902277243e-01  0.0000000000e+00  0.0000000000e+00  1.7044718226e-01  0.0000000000e+00  0.0000000000e+00
49.30  2  -3.9184672866e+00  0.0000000000e+00  0.0000000000e+00  -6.5046443444e-01  0.0000000000e+00  0.0000000000e+00  1.7188320879e-01  0.0000000000e+00  0.0000000000e+00
49.35  2  -3.9507750619e+00  0.0000000000e+00  0.0000000000e+00  -6.4183476570e-01  0.0000000000e+00  0.0000000000e+00  1.7330038639e-01  0.0000000000e+00  0.0000000000e+00
49.40  2  -3.9826495901e+00  0.0000000000e+00  0.0000000000e+00  -6.3313471254e-01  0.0000000000e+00  0.0000000000e+00  1.7469855966e-01  0.0000000000e+00  0.0000000000e+00
49.45  2  -4.0140873760e+00  0.0000000000e+00  0.0000000000e+00  -6.2436522903e-01  0.0000000000e+00  0.0000000000e+00  1.7607757525e-01  0.0000000000e+00  0.0000000000e+00
49.50  2  -4.0450849719e+00  0.0000000000e+00  0.0000000000e+00  -6.1552727683e-01  0.0000000000e+00  0.0000000000e+00  1.7743728196e-01  0.0000000000e+00  0.0000000000e+00
49.55  2  -4.0756389786e+00  0.0000000000e+00  0.0000000000e+00  -6.0662182513e-01  0.0000000000e+00  0.0000000000e+00  1.7877753067e-01  0.0000000000e+00  0.0000000000e+00
49.60  2  -4.1057460457e+00  0.0000000000e+00  0.0000000000e+00  -5.9764985051e-01  0.0000000000e+00  0.0000000000e+00  1.8009817441e-01  0.0000000000e+00  0.0000000000e+00
49.65  2  -4.1354028714e+00  0.0000000000e+00  0.0000000000e+00  -5.8861233686e-01  0.0000000000e+00  0.0000000000e+00  1.8139906835e-01  0.0000000000e+00  0.0000000000e+00
49.70  2  -4.1646062036e+00  0.0000000000e+00  0.0000000000e+00  -5.7951027522e-01  0.0000000000e+00  0.0000000000e+00  1.8268006985e-01  0.0000000000e+00  0.0000000000e+00
49.75  2  -4.1933528397e+00  0.0000000000e+00  0.0000000000e+00  -5.7034466375e-01  0.0000000000e+00  0.0000000000e+00  1.8394103841e-01  0.0000000000e+00  0.0000000000e+00
49.80  2  -4.2216396275e+00  0.0000000000e+00  0.0000000000e+00  -5.6111650757e-01  0.0000000000e+00  0.0000000000e+00  1.8518183577e-01  0.0000000000e+00  0.0000000000e+00
49.85  2  -4.2494634649e+00  0.0000000000e+00  0.0000000000e+00  -5.5182681863e-01  0.0000000000e+00  0.0000000000e+00  1.8640232585e-01  0.0000000000e+00  0.0000000000e+00
49.90  2  -4.2768213008e+00  0.0000000000e+00  0.0000000000e+00  -5.4247661567e-01  0.0000000000e+00  0.0000000000e+00  1.8760237481e-01  0.0000000000e+00  0.0000000000e+00
49.95  2  -4.3037101350e+00  0.0000000000e+00  0.0000000000e+00  -5.3306692403e-01  0.0000000000e+00  0.0000000000e+00  1.8878185106e-01  0.0000000000e+00  0.0000000000e+00
50.00  2  -4.3301270189e+00  0.0000000000e+00  0.0000000000e+00  -5.2359877560e-01  0.0000000000e+00  0.0000000000e+00  1.8994062526e-01  0.0000000000e+00  0.0000000000e+00
50.05  2  -4.3560690556e+00  0.0000000000e+00  0.0000000000e+00  -5.1407320866e-01  0.0000000000e+00  0.0000000000e+00  1.9107857032e-01  0.0000000000e+00  0.0000000000e+00
50.10  2  -4.3815334002e+00  0.0000000000e+00  0.0000000000e+00  -5.0449126780e-01  0.0000000000e+00  0.0000000000e+00  1.9219556147e-01  0.0000000000e+00  0.0000000000e+00
50.15  2  -4.4065172603e+00  0.0000000000e+00  0.0000000000e+00  -4.9485400379e-01  0.0000000000e+00  0.0000000000e+00  1.9329147620e-01  0.0000000000e+00  0.0000000000e+00
50.20  2  -4.4310178962e+00  0.0000000000e+00  0.0000000000e+00  -4.8516247346e-01  0.0000000000e+00  0.0000000000e+00  1.9436619435e-01  0.0000000000e+00  0.0000000000e+00
50.25  2  -4.4550326209e+00  0.0000000000e+00  0.0000000000e+00  -4.7541773959e-01  0.0000000000e+00  0.0000000000e+00  1.9541959806e-01  0.0000000000e+00  0.0000000000e+00
50.30  2  -4.4785588012e+00  0.0000000000e+00  0.0000000000e+00  -4.6562087082e-01  0.0000000000e+00  0.0000000000e+00  1.9645157180e-01  0.0000000000e+00  0.0000000000e+00
50.35  2  -4.5015938570e+00  0.0000000000e+00  0.0000000000e+00  -4.5577294147e-01  0.0000000000e+00  0.0000000000e+00  1.9746200241e-01  0.0000000000e+00  0.0000000000e+00
50.40  2  -4.5241352623e+00  0.0000000000e+00  0.0000000000e+00  -4.4587503148e-01  0.0000000000e+00  0.0000000000e+00  1.9845077909e-01  0.0000000000e+00  0.0000000000e+00
50.45  2  -4.5461805452e+00  0.0000000000e+00  0.0000000000e+00  -4.3592822627e-01  0.0000000000e+00  0.0000000000e+00  1.9941779341e-01  0.0000000000e+00  0.0000000000e+00
50.50  2  -4.5677272882e+00  0.0000000000e+00  0.0000000000e+00  -4.2593361661e-01  0.0000000000e+00  0.0000000000e+00  2.0036293932e-01  0.0000000000e+00  0.0000000000e+00
50.55  2  -4.5887731284e+00  0.0000000000e+00  0.0000000000e+00  -4.1589229854e-01  0.0000000000e+00  0.0000000000e+00  2.0128611317e-01  0.0000000000e+00  0.0000000000e+00
50.60  2  -4.6093157579e+00  0.0000000000e+00  0.0000000000e+00  -4.0580537318e-01  0.0000000000e+00  0.0000000000e+00  2.0218721374e-01  0.0000000000e+00  0.0000000000e+00
50.65  2  -4.6293529240e+00  0.0000000000e+00  0.0000000000e+00  -3.9567394670e-01  0.0000000000e+00  0.0000000000e+00  2.0306614219e-01  0.0000000000e+00  0.0000000000e+00
50.70  2  -4.6488824294e+00  0.0000000000e+00  0.0000000000e+00  -3.8549913011e-01  0.0000000000e+00  0.0000000000e+00  2.0392280216e-01  0.0000000000e+00  0.0000000000e+00
50.75  2  -4.6679021325e+00  0.0000000000e+00  0.0000000000e+00  -3.7528203919e-01  0.0000000000e+00  0.0000000000e+00  2.0475709969e-01  0.0000000000e+00  0.0000000000e+00
50.80  2  -4.6864099475e+00  0.0000000000e+00  0.0000000000e+00  -3.6502379437e-01  0.0000000000e+00  0.0000000000e+00  2.0556894330e-01  0.0000000000e+00  0.0000000000e+00
50.85  2  -4.7044038448e+00  0.0000000000e+00  0.0000000000e+00  -3.5472552058e-01  0.0000000000e+00  0.0000000000e+00  2.0635824396e-01  0.0000000000e+00  0.0000000000e+00
50.90  2  -4.7218818512e+00  0.0000000000e+00  0.0000000000e+00  -3.4438834713e-01  0.0000000000e+00  0.0000000000e+00  2.0712491511e-01  0.0000000000e+00  0.0000000000e+00
50.95  2  -4.7388420500e+00  0.0000000000e+00  0.0000000000e+00  -3.3401340763e-01  0.0000000000e+00  0.0000000000e+00  2.0786887268e-01  0.0000000000e+00  0.0000000000e+00
51.00  2  -4.7552825815e+00  0.0000000000e+00  0.0000000000e+00  -3.2360183979e-01  0.0000000000e+00  0.0000000000e+00  2.0859003509e-01  0.0000000000e+00  0.0000000000e+00
51.05  2  -4.7712016426e+00  0.0000000000e+00  0.0000000000e+00  -3.1315478536e-01  0.0000000000e+00  0.0000000000e+00  2.0928832324e-01  0.0000000000e+00  0.0000000000e+00
51.10  2  -4.7865974877e+00  0.0000000000e+00  0.0000000000e+00  -3.0267338998e-01  0.0000000000e+00  0.0000000000e+00  2.0996366058e-01  0.0000000000e+00  0.0000000000e+00
51.15  2  -4.8014684284e+00  0.0000000000e+00  0.0000000000e+00  -2.9215880305e-01  0.0000000000e+00  0.0000000000e+00  2.1061597303e-01  0.0000000000e+00  0.0000000000e+00
51.20  2  -4.8158128340e+00  0.0000000000e+00  0.0000000000e+00  -2.8161217762e-01  0.0000000000e+00  0.0000000000e+00  2.1124518907e-01  0.0000000000e+00  0.0000000000e+00
51.25  2  -4.8296291314e+00  0.0000000000e+00  0.0000000000e+00  -2.7103467023e-01  0.0000000000e+00  0.0000000000e+00  2.1185123969e-01  0.0000000000e+00  0.0000000000e+00
51.30  2  -4.8429158056e+00  0.0000000000e+00  0.0000000000e+00  -2.6042744085e-01  0.0000000000e+00  0.0000000000e+00  2.1243405844e-01  0.0000000000e+00  0.0000000000e+00
51.35  2  -4.8556713995e+00  0.0000000000e+00  0.0000000000e+00  -2.4979165265e-01  0.0000000000e+00  0.0000000000e+00  2.1299358140e-01  0.0000000000e+00  0.0000000000e+00
51.40  2  -4.8678945144e+00  0.0000000000e+00  0.0000000000e+00  -2.3912847199e-01  0.0000000000e+00  0.0000000000e+00  2.1352974721e-01  0.0000000000e+00  0.0000000000e+00
51.45  2  -4.8795838097e+00  0.0000000000e+00  0.0000000000e+00  -2.2843906820e-01  0.0000000000e+00  0.0000000000e+00  2.1404249708e-01  0.0000000000e+00  0.0000000000e+00
51.50  2  -4.8907380037e+00  0.0000000000e+00  0.0000000000e+00  -2.1772461349e-01  0.0000000000e+00  0.0000000000e+00  2.1453177478e-01  0.0000000000e+00  0.0000000000e+00
51.55  2  -4.9013558731e+00  0.0000000000e+00  0.0000000000e+00  -2.0698628282e-01  0.0000000000e+00  0.0000000000e+00  2.1499752665e-01  0.0000000000e+00  0.0000000000e+00
51.60  2  -4.9114362536e+00  0.0000000000e+00  0.0000000000e+00  -1.9622525377e-01  0.0000000000e+00  0.0000000000e+00  2.1543970162e-01  0.0000000000e+00  0.0000000000e+00
51.65  2  -4.9209780398e+00  0.0000000000e+00  0.0000000000e+00  -1.8544270642e-01  0.0000000000e+00  0.0000000000e+00  2.1585825120e-01  0.0000000000e+00  0.0000000000e+00
51.70  2  -4.9299801854e+00  0.0000000000e+00  0.0000000000e+00  -1.7463982318e-01  0.0000000000e+00  0.0000000000e+00  2.1625312949e-01  0.0000000000e+00  0.0000000000e+00
51.75  2  -4.9384417030e+00  0.0000000000e+00  0.0000000000e+00  -1.6381778871e-01  0.0000000000e+00  0.0000000000e+00  2.1662429318e-01  0.0000000000e+00  0.0000000000e+00
51.80  2  -4.9463616648e+00  0.0000000000e+00  0.0000000000e+00  -1.5297778978e-01  0.0000000000e+00  0.0000000000e+00  2.1697170158e-01  0.0000000000e+00  0.0000000000e+00
51.85  2  -4.9537392024e+00  0.0000000000e+00  0.0000000000e+00  -1.4212101511e-01  0.0000000000e+00  0.0000000000e+00  2.1729531659e-01  0.0000000000e+00  0.0000000000e+00
51.90  2  -4.9605735066e+00  0.0000000000e+00  0.0000000000e+00  -1.3124865527e-01  0.0000000000e+00  0.0000000000e+00  2.1759510272e-01  0.0000000000e+00  0.0000000000e+00
51.95  2  -4.9668638280e+00  0.0000000000e+00  0.0000000000e+00  -1.2036190254e-01  0.0000000000e+00  0.0000000000e+00  2.1787102710e-01  0.0000000000e+00  0.0000000000e+00
52.00  2  -4.9726094768e+00  0.0000000000e+00  0.0000000000e+00  -1.0946195076e-01  0.0000000000e+00  0.0000000000e+00  2.1812305946e-01  0.0000000000e+00  0.0000000000e+00
52.05  2  -4.9778098230e+00  0.0000000000e+00  0.0000000000e+00  -9.8549995254e-02  0.0000000000e+00  0.0000000000e+00  2.1835117216e-01  0.0000000000e+00  0.0000000000e+00
52.10  2  -4.9824642962e+00  0.0000000000e+00  0.0000000000e+00  -8.7627232627e-02  0.0000000000e+00  0.0000000000e+00  2.1855534021e-01  0.0000000000e+00  0.0000000000e+00
52.15  2  -4.9865723861e+00  0.0000000000e+00  0.0000000000e+00  -7.6694860686e-02  0.0000000000e+00  0.0000000000e+00  2.1873554119e-01  0.0000000000e+00  0.0000000000e+00
52.20  2  -4.9901336421e+00  0.0000000000e+00  0.0000000000e+00  -6.5754078289e-02  0.0000000000e+00  0.0000000000e+00  2.1889175536e-01  0.0000000000e+00  0.0000000000e+00
52.25  2  -4.9931476738e+00  0.0000000000e+00  0.0000000000e+00  -5.4806085217e-02  0.0000000000e+00  0.0000000000e+00  2.1902396558e-01  0.0000000000e+00  0.0000000000e+00
52.30  2  -4.9956141505e+00  0.0000000000e+00  0.0000000000e+00  -4.3852082040e-02  0.0000000000e+00  0.0000000000e+00  2.1913215736e-01  0.0000000000e+00  0.0000000000e+00
52.35  2  -4.9975328018e+00  0.0000000000e+00  0.0000000000e+00  -3.2893269988e-02  0.0000000000e+00  0.0000000000e+00  2.1921631882e-01  0.0000000000e+00  0.0000000000e+00
52.40  2  -4.9989034174e+00  0.0000000000e+00  0.0000000000e+00  -2.1930850818e-02  0.0000000000e+00  0.0000000000e+00  2.1927644075e-01  0.0000000000e+00  0.0000000000e+00
52.45  2  -4.9997258468e+00  0.0000000000e+00  0.0000000000e+00  -1.0966026683e-02  0.0000000000e+00  0.0000000000e+00  2.1931251654e-01  0.0000000000e+00  0.0000000000e+00
52.50  2  -5.0000000000e+00  0.0000000000e+00  0.0000000000e+00  -4.4885649520e-16  0.0000000000e+00  0.0000000000e+00  2.1932454225e-01  0.0000000000e+00  0.0000000000e+00
52.55  2  -4.9997258468e+00  0.0000000000e+00  0.0000000000e+00  1.0966026683e-02  0.0000000000e+00  0.0000000000e+00  2.1931251654e-01  0.0000000000e+00  0.0000000000e+00
52.60  2  -4.9989034174e+00  0.0000000000e+00  0.0000000000e+00  2.1930850818e-02  0.0000000000e+00  0.0000000000e+00  2.1927644075e-01  0.0000000000e+00  0.0000000000e+00
52.65  2  -4.9975328018e+00  0.0000000000e+00  0.0000000000e+00  3.2893269988e-02  0.0000000000e+00  0.0000000000e+00  2.1921631882e-01  0.0000000000e+00  0.0000000000e+00
52.70  2  -4.9956141505e+00  0.0000000000e+00  0.0000000000e+00  4.3852082040e-02  0.0000000000e+00  0.0000000000e+00  2.1913215736e-01  0.0000000000e+00  0.0000000000e+00
52.75  2  -4.9931476738e+00  0.0000000000e+00  0.0000000000e+00  5.4806085217e-02  0.0000000000e+00  0.0000000000e+00  2.1902396558e-01  0.0000000000e+00  0.0000000000e+00
52.80  2  -4.9901336421e+00  0.0000000000e+00  0.0000000000e+00  6.5754078289e-02  0.0000000000e+00  0.0000000000e+00  2.1889175536e-01  0.0000000000e+00  0.0000000000e+00
52.85  2  -4.9865723861e+00  0.0000000000e+00  0.0000000000e+00  7.6694860686e-02  0.0000000000e+00  0.0000000000e+00  2.1873554119e-01  0.0000000000e+00  0.0000000000e+00
52.90  2  -4.9824642962e+00  0.0000000000e+00  0.0000000000e+00  8.7627232627e-02  0.0000000000e+00  0.0000000000e+00  2.1855534021e-01  0.0000000000e+00  0.0000000000e+00
52.95  2  -4.9778098230e+00  0.0000000000e+00  0.0000000000e+00  9.8549995254e-02  0.0000000000e+00  0.0000000000e+00  2.1835117216e-01  0.0000000000e+00  0.0000000000e+00
53.00  2  -4.9726094768e+00  0.0000000000e+00  0.0000000000e+00  1.0946195076e-01  0.0000000000e+00  0.0000000000e+00  2.1812305946e-01  0.0000000000e+00  0.0000000000e+00
53.05  2  -4.9668638280e+00  0.0000000000e+00  0.0000000000e+00  1.2036190254e-01  0.0000000000e+00  0.0000000000e+00  2.1787102710e-01  0.0000000000e+00  0.0000000000e+00
53.10  2  -4.9605735066e+00  0.0000000000e+00  0.0000000000e+00  1.3124865527e-01  0.0000000000e+00  0.0000000000e+00  2.1759510272e-01  0.0000000000e+00  0.0000000000e+00
53.15  2  -4.9537392024e+00  0.0000000000e+00  0.0000000000e+00  1.4212101511e-01  0.0000000000e+00  0.0000000000e+00  2.1729531659e-01  0.0000000000e+00  0.0000000000e+00
53.20  2  -4.9463616648e+00  0.0000000000e+00  0.0000000000e+00  1.5297778978e-01  0.0000000000e+00  0.0000000000e+00  2.1697170158e-01  0.0000000000e+00  0.0000000000e+00
53.25  2  -4.9384417030e+00  0.0000000000e+00  0.0000000000e+00  1.6381778871e-01  0.0000000000e+00  0.0000000000e+00  2.1662429318e-01  0.0000000000e+00  0.0000000000e+00
53.30  2  -4.9299801854e+00  0.0000000000e+00  0.0000000000e+00  1.7463982318e-01  0.0000000000e+00  0.0000000000e+00  2.1625312949e-01  0.0000000000e+00  0.0000000000e+00
53.35  2  -4.9209780398e+00  0.0000000000e+00  0.0000000000e+00  1.8544270642e-01  0.0000000000e+00  0.0000000000e+00  2.1585825120e-01  0.0000000000e+00  0.0000000000e+00
53.40  2  -4.9114362536e+00  0.0000000000e+00  0.0000000000e+00  1.9622525377e-01  0.0000000000e+00  0.0000000000e+00  2.1543970162e-01  0.0000000000e+00  0.0000000000e+00
53.45  2  -4.9013558731e+00  0.0000000000e+00  0.0000000000e+00  2.0698628282e-01  0.0000000000e+00  0.0000000000e+00  2.1499752665e-01  0.0000000000e+00  0.0000000000e+00
53.50  2  -4.8907380037e+00  0.0000000000e+00  0.0000000000e+00  2.1772461349e-01  0.0000000000e+00  0.0000000000e+00  2.1453177478e-01  0.0000000000e+00  0.0000000000e+00
53.55  2  -4.8795838097e+00  0.0000000000e+00  0.0000000000e+00  2.2843906820e-01  0.0000000000e+00  0.0000000000e+00  2.1404249708e-01  0.0000000000e+00  0.0000000000e+00
53.60  2  -4.8678945144e+00  0.0000000000e+00  0.0000000000e+00  2.3912847199e-01  0.0000000000e+00  0.0000000000e+00  2.1352974721e-01  0.0000000000e+00  0.0000000000e+00
53.65  2  -4.8556713995e+00  0.0000000000e+00  0.0000000000e+00  2.4979165265e-01  0.0000000000e+00  0.0000000000e+00  2.1299358140e-01  0.0000000000e+00  0.0000000000e+00
53.70  2  -4.8429158056e+00  0.0000000000e+00  0.0000000000e+00  2.6042744085e-01  0.0000000000e+00  0.0000000000e+00  2.1243405844e-01  0.0000000000e+00  0.0000000000e+00
53.75  2  -4.8296291314e+00  0.0000000000e+00  0.0000000000e+00  2.7103467023e-01  0.0000000000e+00  0.0000000000e+00  2.1185123969e-01  0.0000000000e+00  0.0000000000e+00
53.80  2  -4.8158128340e+00  0.0000000000e+00  0.0000000000e+00  2.8161217762e-01  0.0000000000e+00  0.0000000000e+00  2.1124518907e-01  0.0000000000e+00  0.0000000000e+00
53.85  2  -4.8014684284e+00  0.0000000000e+00  0.0000000000e+00  2.9215880305e-01  0.0000000000e+00  0.0000000000e+00  2.1061597303e-01  0.0000000000e+00  0.0000000000e+00
53.90  2  -4.7865974877e+00  0.0000000000e+00  0.0000000000e+00  3.0267338998e-01  0.0000000000e+00  0.0000000000e+00  2.0996366058e-01  0.0000000000e+00  0.0000000000e+00
53.95  2  -4.7712016426e+00  0.0000000000e+00  0.0000000000e+00  3.1315478536e-01  0.0000000000e+00  0.0000000000e+00  2.0928832324e-01  0.0000000000e+00  0.0000000000e+00
54.00  2  -4.7552825815e+00  0.0000000000e+00  0.0000000000e+00  3.2360183979e-01  0.0000000000e+00  0.0000000000e+00  2.0859003509e-01  0.0000000000e+00  0.0000000000e+00
54.05  2  -4.7388420500e+00  0.0000000000e+00  0.0000000000e+00  3.3401340763e-01  0.0000000000e+00  0.0000000000e+00  2.0786887268e-01  0.0000000000e+00  0.0000000000e+00
54.10  2  -4.7218818512e+00  0.0000000000e+00  0.0000000000e+00  3.4438834713e-01  0.0000000000e+00  0.0000000000e+00  2.0712491511e-01  0.0000000000e+00  0.0000000000e+00
54.15  2  -4.7044038448e+00  0.0000000000e+00  0.0000000000e+00  3.5472552058e-01  0.0000000000e+00  0.0000000000e+00  2.0635824396e-01  0.0000000000e+00  0.0000000000e+00
54.20  2  -4.6864099475e+00  0.0000000000e+00  0.0000000000e+00  3.6502379437e-01  0.0000000000e+00  0.0000000000e+00  2.0556894330e-01  0.0000000000e+00  0.0000000000e+00
54.25  2  -4.6679021325e+00  0.0000000000e+00  0.0000000000e+00  3.7528203919e-01  0.0000000000e+00  0.0000000000e+00  2.0475709969e-01  0.0000000000e+00  0.0000000000e+00
54.30  2  -4.6488824294e+00  0.0000000000e+00  0.0000000000e+00  3.8549913011e-01  0.0000000000e+00  0.0000000000e+00  2.0392280216e-01  0.0000000000e+00  0.0000000000e+00
54.35  2  -4.6293529240e+00  0.0000000000e+00  0.0000000000e+00  3.9567394670e-01  0.0000000000e+00  0.0000000000e+00  2.0306614219e-01  0.0000000000e+00  0.0000000000e+00
54.40  2  -4.6093157579e+00  0.0000000000e+00  0.0000000000e+00  4.0580537318e-01  0.0000000000e+00  0.0000000000e+00  2.0218721374e-01  0.0000000000e+00  0.0000000000e+00
54.45  2  -4.5887731284e+00  0.0000000000e+00  0.0000000000e+00  4.1589229854e-01  0.0000000000e+00  0.0000000000e+00  2.0128611317e-01  0.0000000000e+00  0.0000000000e+00
54.50  2  -4.5677272882e+00  0.0000000000e+00  0.0000000000e+00  4.2593361661e-01  0.0000000000e+00  0.0000000000e+00  2.0036293932e-01  0.0000000000e+00  0.0000000000e+00
54.55  2  -4.5461805452e+00  0.0000000000e+00  0.0000000000e+00  4.3592822627e-01  0.0000000000e+00  0.0000000000e+00  1.9941779341e-01  0.0000000000e+00  0.0000000000e+00
54.60  2  -4.5241352623e+00  0.0000000000e+00  0.0000000000e+00  4.4587503148e-01  0.0000000000e+00  0.0000000000e+00  1.9845077909e-01  0.0000000000e+00  0.0000000000e+00
54.65  2  -4.5015938570e+00  0.0000000000e+00  0.0000000000e+00  4.5577294147e-01  0.0000000000e+00  0.0000000000e+00  1.9746200241e-01  0.0000000000e+00  0.0000000000e+00
54.70  2  -4.4785588012e+00  0.0000000000e+00  0.0000000000e+00  4.6562087082e-01  0.0000000000e+00  0.0000000000e+00  1.9645157180e-01  0.0000000000e+00  0.0000000000e+00
54.75  2  -4.4550326209e+00  0.0000000000e+00  0.0000000000e+00  4.7541773959e-01  0.0000000000e+00  0.0000000000e+00  1.9541959806e-01  0.0000000000e+00  0.0000000000e+00
54.80  2  -4.4310178962e+00  0.0000000000e+00  0.0000000000e+00  4.8516247346e-01  0.0000000000e+00  0.0000000000e+00  1.9436619435e-01  0.0000000000e+00  0.0000000000e+00
54.85  2  -4.4065172603e+00  0.0000000000e+00  0.0000000000e+00  4.9485400379e-01  0.0000000000e+00  0.0000000000e+00  1.9329147620e-01  0.0000000000e+00  0.0000000000e+00
54.90  2  -4.3815334002e+00  0.0000000000e+00  0.0000000000e+00  5.0449126780e-01  0.0000000000e+00  0.0000000000e+00  1.9219556147e-01  0.0000000000e+00  0.0000000000e+00
54.95  2  -4.3560690556e+00  0.0000000000e+00  0.0000000000e+00  5.1407320866e-01  0.0000000000e+00  0.0000000000e+00  1.9107857032e-01  0.0000000000e+00  0.0000000000e+00
55.00  2  -4.3301270189e+00  0.0000000000e+00  0.0000000000e+00  5.2359877560e-01  0.0000000000e+00  0.0000000000e+00  1.8994062526e-01  0.0000000000e+00  0.0000000000e+00
55.05  2  -4.3037101350e+00  0.0000000000e+00  0.0000000000e+00  5.3306692403e-01  0.0000000000e+00  0.0000000000e+00  1.8878185106e-01  0.0000000000e+00  0.0000000000e+00
55.10  2  -4.2768213008e+00  0.0000000000e+00  0.0000000000e+00  5.4247661567e-01  0.0000000000e+00  0.0000000000e+00  1.8760237481e-01  0.0000000000e+00  0.0000000000e+00
55.15  2  -4.2494634649e+00  0.0000000000e+00  0.0000000000e+00  5.5182681863e-01  0.0000000000e+00  0.0000000000e+00  1.8640232585e-01  0.0000000000e+00  0.0000000000e+00
55.20  2  -4.2216396275e+00  0.0000000000e+00  0.0000000000e+00  5.6111650757e-01  0.0000000000e+00  0.0000000000e+00  1.8518183577e-01  0.0000000000e+00  0.0000000000e+00
55.25  2  -4.1933528397e+00  0.0000000000e+00  0.0000000000e+00  5.7034466375e-01  0.0000000000e+00  0.0000000000e+00  1.8394103841e-01  0.0000000000e+00  0.0000000000e+00
55.30  2  -4.1646062036e+00  0.0000000000e+00  0.0000000000e+00  5.7951027522e-01  0.0000000000e+00  0.0000000000e+00  1.8268006985e-01  0.0000000000e+00  0.0000000000e+00
55.35  2  -4.1354028714e+00  0.0000000000e+00  0.0000000000e+00  5.8861233686e-01  0.0000000000e+00  0.0000000000e+00  1.8139906835e-01  0.0000000000e+00  0.0000000000e+00
55.40  2  -4.1057460457e+00  0.0000000000e+00  0.0000000000e+00  5.9764985051e-01  0.0000000000e+00  0.0000000000e+00  1.8009817441e-01  0.0000000000e+00  0.0000000000e+00
55.45  2  -4.0756389786e+00  0.0000000000e+00  0.0000000000e+00  6.0662182513e-01  0.0000000000e+00  0.0000000000e+00  1.7877753067e-01  0.0000000000e+00  0.0000000000e+00
55.50  2  -4.0450849719e+00  0.0000000000e+00  0.0000000000e+00  6.1552727683e-01  0.0000000000e+00  0.0000000000e+00  1.7743728196e-01  0.0000000000e+00  0.0000000000e+00
55.55  2  -4.0140873760e+00  0.0000000000e+00  0.0000000000e+00  6.2436522903e-01  0.0000000000e+00  0.0000000000e+00  1.7607757525e-01  0.0000000000e+00  0.0000000000e+00
55.60  2  -3.9826495901e+00  0.0000000000e+00  0.0000000000e+00  6.3313471254e-01  0.0000000000e+00  0.0000000000e+00  1.7469855966e-01  0.0000000000e+00  0.0000000000e+00
55.65  2  -3.9507750619e+00  0.0000000000e+00  0.0000000000e+00  6.4183476570e-01  0.0000000000e+00  0.0000000000e+00  1.7330038639e-01  0.0000000000e+00  0.0000000000e+00
55.70  2  -3.9184672866e+00  0.0000000000e+00  0.0000000000e+00  6.5046443444e-01  0.0000000000e+00  0.0000000000e+00  1.7188320879e-01  0.0000000000e+00  0.0000000000e+00
55.75  2  -3.8857298073e+00  0.0000000000e+00  0.0000000000e+00  6.5902277243e-01  0.0000000000e+00  0.0000000000e+00  1.7044718226e-01  0.0000000000e+00  0.0000000000e+00
55.80  2  -3.8525662139e+00  0.0000000000e+00  0.0000000000e+00  6.6750884114e-01  0.0000000000e+00  0.0000000000e+00  1.6899246427e-01  0.0000000000e+00  0.0000000000e+00
55.85  2  -3.8189801432e+00  0.0000000000e+00  0.0000000000e+00  6.7592170999e-01  0.0000000000e+00  0.0000000000e+00  1.6751921435e-01  0.0000000000e+00  0.0000000000e+00
55.90  2  -3.7849752783e+00  0.0000000000e+00  0.0000000000e+00  6.8426045640e-01  0.0000000000e+00  0.0000000000e+00  1.6602759406e-01  0.0000000000e+00  0.0000000000e+00
55.95  2  -3.7505553482e+00  0.0000000000e+00  0.0000000000e+00  6.9252416594e-01  0.0000000000e+00  0.0000000000e+00  1.6451776698e-01  0.0000000000e+00  0.0000000000e+00
56.00  2  -3.7157241274e+00  0.0000000000e+00  0.0000000000e+00  7.0071193241e-01  0.0000000000e+00  0.0000000000e+00  1.6298989867e-01  0.0000000000e+00  0.0000000000e+00
56.05  2  -3.6804854356e+00  0.0000000000e+00  0.0000000000e+00  7.0882285792e-01  0.0000000000e+00  0.0000000000e+00  1.6144415668e-01  0.0000000000e+00  0.0000000000e+00
56.10  2  -3.6448431371e+00  0.0000000000e+00  0.0000000000e+00  7.1685605301e-01  0.0000000000e+00  0.0000000000e+00  1.5988071052e-01  0.0000000000e+00  0.0000000000e+00
56.15  2  -3.6088011405e+00  0.0000000000e+00  0.0000000000e+00  7.2481063675e-01  0.0000000000e+00  0.0000000000e+00  1.5829973164e-01  0.0000000000e+00  0.0000000000e+00
56.20  2  -3.5723633982e+00  0.0000000000e+00  0.0000000000e+00  7.3268573685e-01  0.0000000000e+00  0.0000000000e+00  1.5670139341e-01  0.0000000000e+00  0.0000000000e+00
56.25  2  -3.5355339059e+00  0.0000000000e+00  0.0000000000e+00  7.4048048969e-01  0.0000000000e+00  0.0000000000e+00  1.5508587110e-01  0.0000000000e+00  0.0000000000e+00
56.30  2  -3.4983167026e+00  0.0000000000e+00  0.0000000000e+00  7.4819404051e-01  0.0000000000e+00  0.0000000000e+00  1.5345334188e-01  0.0000000000e+00  0.0000000000e+00
56.35  2  -3.4607158694e+00  0.0000000000e+00  0.0000000000e+00  7.5582554342e-01  0.0000000000e+00  0.0000000000e+00  1.5180398478e-01  0.0000000000e+00  0.0000000000e+00
56.40  2  -3.4227355296e+00  0.0000000000e+00  0.0000000000e+00  7.6337416153e-01  0.0000000000e+00  0.0000000000e+00  1.5013798065e-01  0.0000000000e+00  0.0000000000e+00
56.45  2  -3.3843798484e+00  0.0000000000e+00  0.0000000000e+00  7.7083906707e-01  0.0000000000e+00  0.0000000000e+00  1.4845551221e-01  0.0000000000e+00  0.0000000000e+00
56.50  2  -3.3456530318e+00  0.0000000000e+00  0.0000000000e+00  7.7821944142e-01  0.0000000000e+00  0.0000000000e+00  1.4675676394e-01  0.0000000000e+00  0.0000000000e+00
56.55  2  -3.3065593266e+00  0.0000000000e+00  0.0000000000e+00  7.8551447524e-01  0.0000000000e+00  0.0000000000e+00  1.4504192214e-01  0.0000000000e+00  0.0000000000e+00
56.60  2  -3.2671030200e+00  0.0000000000e+00  0.0000000000e+00  7.9272336855e-01  0.0000000000e+00  0.0000000000e+00  1.4331117486e-01  0.0000000000e+00  0.0000000000e+00
56.65  2  -3.2272884386e+00  0.0000000000e+00  0.0000000000e+00  7.9984533080e-01  0.0000000000e+00  0.0000000000e+00  1.4156471190e-01  0.0000000000e+00  0.0000000000e+00
56.70  2  -3.1871199487e+00  0.0000000000e+00  0.0000000000e+00  8.0687958100e-01  0.0000000000e+00  0.0000000000e+00  1.3980272477e-01  0.0000000000e+00  0.0000000000e+00
56.75  2  -3.1466019552e+00  0.0000000000e+00  0.0000000000e+00  8.1382534776e-01  0.0000000000e+00  0.0000000000e+00  1.3802540669e-01  0.0000000000e+00  0.0000000000e+00
56.80  2  -3.1057389014e+00  0.0000000000e+00  0.0000000000e+00  8.2068186940e-01  0.0000000000e+00  0.0000000000e+00  1.3623295258e-01  0.0000000000e+00  0.0000000000e+00
56.85  2  -3.0645352683e+00  0.0000000000e+00  0.0000000000e+00  8.2744839403e-01  0.0000000000e+00  0.0000000000e+00  1.3442555898e-01  0.0000000000e+00  0.0000000000e+00
56.90  2  -3.0229955743e+00  0.0000000000e+00  0.0000000000e+00  8.3412417961e-01  0.0000000000e+00  0.0000000000e+00  1.3260342411e-01  0.0000000000e+00  0.0000000000e+00
56.95  2  -2.9811243748e+00  0.0000000000e+00  0.0000000000e+00  8.4070849408e-01  0.0000000000e+00  0.0000000000e+00  1.3076674778e-01  0.0000000000e+00  0.0000000000e+00
57.00  2  -2.9389262615e+00  0.0000000000e+00  0.0000000000e+00  8.4720061539e-01  0.0000000000e+00  0.0000000000e+00  1.2891573140e-01  0.0000000000e+00  0.0000000000e+00
57.05  2  -2.8964058617e+00  0.0000000000e+00  0.0000000000e+00  8.5359983160e-01  0.0000000000e+00  0.0000000000e+00  1.2705057796e-01  0.0000000000e+00  0.0000000000e+00
57.10  2  -2.8535678384e+00  0.0000000000e+00  0.0000000000e+00  8.5990544097e-01  0.0000000000e+00  0.0000000000e+00  1.2517149199e-01  0.0000000000e+00  0.0000000000e+00
57.15  2  -2.8104168893e+00  0.0000000000e+00  0.0000000000e+00  8.6611675202e-01  0.0000000000e+00  0.0000000000e+00  1.2327867955e-01  0.0000000000e+00  0.0000000000e+00
57.20  2  -2.7669577462e+00  0.0000000000e+00  0.0000000000e+00  8.7223308361e-01  0.0000000000e+00  0.0000000000e+00  1.2137234822e-01  0.0000000000e+00  0.0000000000e+00
57.25  2  -2.7231951751e+00  0.0000000000e+00  0.0000000000e+00  8.7825376501e-01  0.0000000000e+00  0.0000000000e+00  1.1945270704e-01  0.0000000000e+00  0.0000000000e+00
57.30  2  -2.6791339749e+00  0.0000000000e+00  0.0000000000e+00  8.8417813599e-01  0.0000000000e+00  0.0000000000e+00  1.1751996653e-01  0.0000000000e+00  0.0000000000e+00
57.35  2  -2.6347789775e+00  0.0000000000e+00  0.0000000000e+00  8.9000554688e-01  0.0000000000e+00  0.0000000000e+00  1.1557433863e-01  0.0000000000e+00  0.0000000000e+00
57.40  2  -2.5901350469e+00  0.0000000000e+00  0.0000000000e+00  8.9573535862e-01  0.0000000000e+00  0.0000000000e+00  1.1361603670e-01  0.0000000000e+00  0.0000000000e+00
57.45  2  -2.5452070788e+00  0.0000000000e+00  0.0000000000e+00  9.0136694289e-01  0.0000000000e+00  0.0000000000e+00  1.1164527549e-01  0.0000000000e+00  0.0000000000e+00
57.50  2  -2.5000000000e+00  0.0000000000e+00  0.0000000000e+00  9.0689968212e-01  0.0000000000e+00  0.0000000000e+00  1.0966227112e-01  0.0000000000e+00  0.0000000000e+00
57.55  2  -2.4545187681e+00  0.0000000000e+00  0.0000000000e+00  9.1233296957e-01  0.0000000000e+00  0.0000000000e+00  1.0766724105e-01  0.0000000000e+00  0.0000000000e+00
57.60  2  -2.4087683705e+00  0.0000000000e+00  0.0000000000e+00  9.1766620944e-01  0.0000000000e+00  0.0000000000e+00  1.0566040405e-01  0.0000000000e+00  0.0000000000e+00
57.65  2  -2.3627538243e+00  0.0000000000e+00  0.0000000000e+00  9.2289881686e-01  0.0000000000e+00  0.0000000000e+00  1.0364198019e-01  0.0000000000e+00  0.0000000000e+00
57.70  2  -2.3164801756e+00  0.0000000000e+00  0.0000000000e+00  9.2803021803e-01  0.0000000000e+00  0.0000000000e+00  1.0161219083e-01  0.0000000000e+00  0.0000000000e+00
57.75  2  -2.2699524987e+00  0.0000000000e+00  0.0000000000e+00  9.3305985023e-01  0.0000000000e+00  0.0000000000e+00  9.9571258540e-02  0.0000000000e+00  0.0000000000e+00
57.80  2  -2.2231758959e+00  0.0000000000e+00  0.0000000000e+00  9.3798716190e-01  0.0000000000e+00  0.0000000000e+00  9.7519407141e-02  0.0000000000e+00  0.0000000000e+00
57.85  2  -2.1761554969e+00  0.0000000000e+00  0.0000000000e+00  9.4281161271e-01  0.0000000000e+00  0.0000000000e+00  9.5456861641e-02  0.0000000000e+00  0.0000000000e+00
57.90  2  -2.1288964578e+00  0.0000000000e+00  0.0000000000e+00  9.4753267360e-01  0.0000000000e+00  0.0000000000e+00  9.3383848221e-02  0.0000000000e+00  0.0000000000e+00
57.95  2  -2.0814039613e+00  0.0000000000e+00  0.0000000000e+00  9.5214982685e-01  0.0000000000e+00  0.0000000000e+00  9.1300594208e-02  0.0000000000e+00  0.0000000000e+00
58.00  2  -2.0336832154e+00  0.0000000000e+00  0.0000000000e+00  9.5666256615e-01  0.0000000000e+00  0.0000000000e+00  8.9207328057e-02  0.0000000000e+00  0.0000000000e+00
58.05  2  -1.9857394532e+00  0.0000000000e+00  0.0000000000e+00  9.6107039662e-01  0.0000000000e+00  0.0000000000e+00  8.7104279318e-02  0.0000000000e+00  0.0000000000e+00
58.10  2  -1.9375779323e+00  0.0000000000e+00  0.0000000000e+00  9.6537283488e-01  0.0000000000e+00  0.0000000000e+00  8.4991678612e-02  0.0000000000e+00  0.0000000000e+00
58.15  2  -1.8892039341e+00  0.0000000000e+00  0.0000000000e+00  9.6956940914e-01  0.0000000000e+00  0.0000000000e+00  8.2869757611e-02  0.0000000000e+00  0.0000000000e+00
58.20  2  -1.8406227634e+00  0.0000000000e+00  0.0000000000e+00  9.7365965918e-01  0.0000000000e+00  0.0000000000e+00  8.0738749007e-02  0.0000000000e+00  0.0000000000e+00
58.25  2  -1.7918397477e+00  0.0000000000e+00  0.0000000000e+00  9.7764313647e-01  0.0000000000e+00  0.0000000000e+00  7.8598886490e-02  0.0000000000e+00  0.0000000000e+00
58.30  2  -1.7428602366e+00  0.0000000000e+00  0.0000000000e+00  9.8151940418e-01  0.0000000000e+00  0.0000000000e+00  7.6450404719e-02  0.0000000000e+00  0.0000000000e+00
58.35  2  -1.6936896012e+00  0.0000000000e+00  0.0000000000e+00  9.8528803722e-01  0.0000000000e+00  0.0000000000e+00  7.4293539299e-02  0.0000000000e+00  0.0000000000e+00
58.40  2  -1.6443332337e+00  0.0000000000e+00  0.0000000000e+00  9.8894862232e-01  0.0000000000e+00  0.0000000000e+00  7.2128526756e-02  0.0000000000e+00  0.0000000000e+00
58.45  2  -1.5947965465e+00  0.0000000000e+00  0.0000000000e+00  9.9250075806e-01  0.0000000000e+00  0.0000000000e+00  6.9955604507e-02  0.0000000000e+00  0.0000000000e+00
58.50  2  -1.5450849719e+00  0.0000000000e+00  0.0000000000e+00  9.9594405491e-01  0.0000000000e+00  0.0000000000e+00  6.7775010838e-02  0.0000000000e+00  0.0000000000e+00
58.55  2  -1.4952039613e+00  0.0000000000e+00  0.0000000000e+00  9.9927813528e-01  0.0000000000e+00  0.0000000000e+00  6.5586984875e-02  0.0000000000e+00  0.0000000000e+00
58.60  2  -1.4451589847e+00  0.0000000000e+00  0.0000000000e+00  1.0025026335e+00  0.0000000000e+00  0.0000000000e+00  6.3391766560e-02  0.0000000000e+00  0.0000000000e+00
58.65  2  -1.3949555302e+00  0.0000000000e+00  0.0000000000e+00  1.0056171961e+00  0.0000000000e+00  0.0000000000e+00  6.1189596623e-02  0.0000000000e+00  0.0000000000e+00
58.70  2  -1.3445991031e+00  0.0000000000e+00  0.0000000000e+00  1.0086214814e+00  0.0000000000e+00  0.0000000000e+00  5.8980716557e-02  0.0000000000e+00  0.0000000000e+00
58.75  2  -1.2940952255e+00  0.0000000000e+00  0.0000000000e+00  1.0115151599e+00  0.0000000000e+00  0.0000000000e+00  5.6765368592e-02  0.0000000000e+00  0.0000000000e+00
58.80  2  -1.2434494358e+00  0.0000000000e+00  0.0000000000e+00  1.0142979145e+00  0.0000000000e+00  0.0000000000e+00  5.4543795664e-02  0.0000000000e+00  0.0000000000e+00
58.85  2  -1.1926672879e+00  0.0000000000e+00  0.0000000000e+00  1.0169694398e+00  0.0000000000e+00  0.0000000000e+00  5.2316241394e-02  0.0000000000e+00  0.0000000000e+00
58.90  2  -1.1417543506e+00  0.0000000000e+00  0.0000000000e+00  1.0195294430e+00  0.0000000000e+00  0.0000000000e+00  5.0082950059e-02  0.0000000000e+00  0.0000000000e+00
58.95  2  -1.0907162070e+00  0.0000000000e+00  0.0000000000e+00  1.0219776433e+00  0.0000000000e+00  0.0000000000e+00  4.7844166563e-02  0.0000000000e+00  0.0000000000e+00
59.00  2  -1.0395584541e+00  0.0000000000e+00  0.0000000000e+00  1.0243137722e+00  0.0000000000e+00  0.0000000000e+00  4.5600136416e-02  0.0000000000e+00  0.0000000000e+00
59.05  2  -9.8828670190e-01  0.0000000000e+00  0.0000000000e+00  1.0265375736e+00  0.0000000000e+00  0.0000000000e+00  4.3351105700e-02  0.0000000000e+00  0.0000000000e+00
59.10  2  -9.3690657293e-01  0.0000000000e+00  0.0000000000e+00  1.0286488035e+00  0.0000000000e+00  0.0000000000e+00  4.1097321047e-02  0.0000000000e+00  0.0000000000e+00
59.15  2  -8.8542370160e-01  0.0000000000e+00  0.0000000000e+00  1.0306472306e+00  0.0000000000e+00  0.0000000000e+00  3.8839029609e-02  0.0000000000e+00  0.0000000000e+00
59.20  2  -8.3384373358e-01  0.0000000000e+00  0.0000000000e+00  1.0325326355e+00  0.0000000000e+00  0.0000000000e+00  3.6576479035e-02  0.0000000000e+00  0.0000000000e+00
59.25  2  -7.8217232520e-01  0.0000000000e+00  0.0000000000e+00  1.0343048116e+00  0.0000000000e+00  0.0000000000e+00  3.4309917437e-02  0.0000000000e+00  0.0000000000e+00
59.30  2  -7.3041514281e-01  0.0000000000e+00  0.0000000000e+00  1.0359635645e+00  0.0000000000e+00  0.0000000000e+00  3.2039593369e-02  0.0000000000e+00  0.0000000000e+00
59.35  2  -6.7857786217e-01  0.0000000000e+00  0.0000000000e+00  1.0375087124e+00  0.0000000000e+00  0.0000000000e+00  2.9765755800e-02  0.0000000000e+00  0.0000000000e+00
59.40  2  -6.2666616782e-01  0.0000000000e+00  0.0000000000e+00  1.0389400857e+00  0.0000000000e+00  0.0000000000e+00  2.7488654080e-02  0.0000000000e+00  0.0000000000e+00
59.45  2  -5.7468575246e-01  0.0000000000e+00  0.0000000000e+00  1.0402575276e+00  0.0000000000e+00  0.0000000000e+00  2.5208537919e-02  0.0000000000e+00  0.0000000000e+00
59.50  2  -5.2264231634e-01  0.0000000000e+00  0.0000000000e+00  1.0414608934e+00  0.0000000000e+00  0.0000000000e+00  2.2925657358e-02  0.0000000000e+00  0.0000000000e+00
59.55  2  -4.7054156659e-01  0.0000000000e+00  0.0000000000e+00  1.0425500514e+00  0.0000000000e+00  0.0000000000e+00  2.0640262740e-02  0.0000000000e+00  0.0000000000e+00
59.60  2  -4.1838921666e-01  0.0000000000e+00  0.0000000000e+00  1.0435248820e+00  0.0000000000e+00  0.0000000000e+00  1.8352604685e-02  0.0000000000e+00  0.0000000000e+00
59.65  2  -3.6619098564e-01  0.0000000000e+00  0.0000000000e+00  1.0443852783e+00  0.0000000000e+00  0.0000000000e+00  1.6062934060e-02  0.0000000000e+00  0.0000000000e+00
59.70  2  -3.1395259765e-01  0.0000000000e+00  0.0000000000e+00  1.0451311460e+00  0.0000000000e+00  0.0000000000e+00  1.3771501953e-02  0.0000000000e+00  0.0000000000e+00
59.75  2  -2.6167978121e-01  0.0000000000e+00  0.0000000000e+00  1.0457624033e+00  0.0000000000e+00  0.0000000000e+00  1.1478559646e-02  0.0000000000e+00  0.0000000000e+00
59.80  2  -2.0937826865e-01  0.0000000000e+00  0.0000000000e+00  1.0462789810e+00  0.0000000000e+00  0.0000000000e+00  9.1843585854e-03  0.0000000000e+00  0.0000000000e+00
59.85  2  -1.5705379539e-01  0.0000000000e+00  0.0000000000e+00  1.0466808224e+00  0.0000000000e+00  0.0000000000e+00  6.8891503564e-03  0.0000000000e+00  0.0000000000e+00
59.90  2  -1.0471209942e-01  0.0000000000e+00  0.0000000000e+00  1.0469678835e+00  0.0000000000e+00  0.0000000000e+00  4.5931866544e-03  0.0000000000e+00  0.0000000000e+00
59.95  2  -5.2358920581e-02  0.0000000000e+00  0.0000000000e+00  1.0471401327e+00  0.0000000000e+00  0.0000000000e+00  2.2967192578e-03  0.0000000000e+00  0.0000000000e+00
60.00  2  -2.4492935983e-15  0.0000000000e+00  0.0000000000e+00  1.0471975512e+00  0.0000000000e+00  0.0000000000e+00  1.0743803945e-16  0.0000000000e+00  0.0000000000e+00
60.05  2  5.2358920581e-02  0.0000000000e+00  0.0000000000e+00  1.0471401327e+00  0.0000000000e+00  0.0000000000e+00  -2.2967192578e-03  0.0000000000e+00  0.0000000000e+00
60.10  2  1.0471209942e-01  0.0000000000e+00  0.0000000000e+00  1.0469678835e+00  0.0000000000e+00  0.0000000000e+00  -4.5931866544e-03  0.0000000000e+00  0.0000000000e+00
60.15  2  1.5705379539e-01  0.0000000000e+00  0.0000000000e+00  1.0466808224e+00  0.0000000000e+00  0.0000000000e+00  -6.8891503564e-03  0.0000000000e+00  0.0000000000e+00
60.20  2  2.0937826865e-01  0.0000000000e+00  0.0000000000e+00  1.0462789810e+00  0.0000000000e+00  0.0000000000e+00  -9.1843585854e-03  0.0000000000e+00  0.0000000000e+00
60.25  2  2.6167978121e-01  0.0000000000e+00  0.0000000000e+00  1.0457624033e+00  0.0000000000e+00  0.0000000000e+00  -1.1478559646e-02  0.0000000000e+00  0.0000000000e+00
60.30  2  3.1395259765e-01  0.0000000000e+00  0.0000000000e+00  1.0451311460e+00  0.0000000000e+00  0.0000000000e+00  -1.3771501953e-02  0.0000000000e+00  0.0000000000e+00
60.35  2  3.6619098564e-01  0.0000000000e+00  0.0000000000e+00  1.0443852783e+00  0.0000000000e+00  0.0000000000e+00  -1.6062934060e-02  0.0000000000e+00  0.0000000000e+00
60.40  2  4.1838921666e-01  0.0000000000e+00  0.0000000000e+00  1.0435248820e+00  0.0000000000e+00  0.0000000000e+00  -1.8352604685e-02  0.0000000000e+00  0.0000000000e+00
60.45  2  4.7054156659e-01  0.0000000000e+00  0.0000000000e+00  1.0425500514e+00  0.0000000000e+00  0.0000000000e+00  -2.0640262740e-02  0.0000000000e+00  0.0000000000e+00
60.50  2  5.2264231634e-01  0.0000000000e+00  0.0000000000e+00  1.0414608934e+00  0.0000000000e+00  0.0000000000e+00  -2.2925657358e-02  0.0000000000e+00  0.0000000000e+00
60.55  2  5.7468575246e-01  0.0000000000e+00  0.0000000000e+00  1.0402575276e+00  0.0000000000e+00  0.0000000000e+00  -2.5208537919e-02  0.0000000000e+00  0.0000000000e+00
60.60  2  6.2666616782e-01  0.0000000000e+00  0.0000000000e+00  1.0389400857e+00  0.0000000000e+00  0.0000000000e+00  -2.7488654080e-02  0.0000000000e+00  0.0000000000e+00
60.65  2  6.7857786217e-01  0.0000000000e+00  0.0000000000e+00  1.0375087124e+00  0.0000000000e+00  0.0000000000e+00  -2.9765755800e-02  0.0000000000e+00  0.0000000000e+00
60.70  2  7.3041514281e-01  0.0000000000e+00  0.0000000000e+00  1.0359635645e+00  0.0000000000e+00  0.0000000000e+00  -3.2039593369e-02  0.0000000000e+00  0.0000000000e+00
60.75  2  7.8217232520e-01  0.0000000000e+00  0.0000000000e+00  1.0343048116e+00  0.0000000000e+00  0.0000000000e+00  -3.4309917437e-02  0.0000000000e+00  0.0000000000e+00
60.80  2  8.3384373358e-01  0.0000000000e+00  0.0000000000e+00  1.0325326355e+00  0.0000000000e+00  0.0000000000e+00  -3.6576479035e-02  0.0000000000e+00  0.0000000000e+00
60.85  2  8.8542370160e-01  0.0000000000e+00  0.0000000000e+00  1.0306472306e+00  0.0000000000e+00  0.0000000000e+00  -3.8839029609e-02  0.0000000000e+00  0.0000000000e+00
60.90  2  9.3690657293e-01  0.0000000000e+00  0.0000000000e+00  1.0286488035e+00  0.0000000000e+00  0.0000000000e+00  -4.1097321047e-02  0.0000000000e+00  0.0000000000e+00
60.95  2  9.8828670190e-01  0.0000000000e+00  0.0000000000e+00  1.0265375736e+00  0.0000000000e+00  0.0000000000e+00  -4.3351105700e-02  0.0000000000e+00  0.0000000000e+00
61.00  2  1.0395584541e+00  0.0000000000e+00  0.0000000000e+00  1.0243137722e+00  0.0000000000e+00  0.0000000000e+00  -4.5600136416e-02  0.0000000000e+00  0.0000000000e+00
61.05  2  1.0907162070e+00  0.0000000000e+00  0.0000000000e+00  1.0219776433e+00  0.0000000000e+00  0.0000000000e+00  -4.7844166563e-02  0.0000000000e+00  0.0000000000e+00
61.10  2  1.1417543506e+00  0.0000000000e+00  0.0000000000e+00  1.0195294430e+00  0.0000000000e+00  0.0000000000e+00  -5.0082950059e-02  0.0000000000e+00  0.0000000000e+00
61.15  2  1.1926672879e+00  0.0000000000e+00  0.0000000000e+00  1.0169694398e+00  0.0000000000e+00  0.0000000000e+00  -5.2316241394e-02  0.0000000000e+00  0.0000000000e+00
61.20  2  1.2434494358e+00  0.0000000000e+00  0.0000000000e+00  1.0142979145e+00  0.0000000000e+00  0.0000000000e+00  -5.4543795664e-02  0.0000000000e+00  0.0000000000e+00
61.25  2  1.2940952255e+00  0.0000000000e+00  0.0000000000e+00  1.0115151599e+00  0.0000000000e+00  0.0000000000e+00  -5.6765368592e-02  0.0000000000e+00  0.0000000000e+00
61.30  2  1.3445991031e+00  0.0000000000e+00  0.0000000000e+00  1.0086214814e+00  0.0000000000e+00  0.0000000000e+00  -5.8980716557e-02  0.0000000000e+00  0.0000000000e+00
61.35  2  1.3949555302e+00  0.0000000000e+00  0.0000000000e+00  1.0056171961e+00  0.0000000000e+00  0.0000000000e+00  -6.1189596623e-02  0.0000000000e+00  0.0000000000e+00
61.40  2  1.4451589847e+00  0.0000000000e+00  0.0000000000e+00  1.0025026335e+00  0.0000000000e+00  0.0000000000e+00  -6.3391766560e-02  0.0000000000e+00  0.0000000000e+00
61.45  2  1.4952039613e+00  0.0000000000e+00  0.0000000000e+00  9.9927813528e-01  0.0000000000e+00  0.0000000000e+00  -6.5586984875e-02  0.0000000000e+00  0.0000000000e+00
61.50  2  1.5450849719e+00  0.0000000000e+00  0.0000000000e+00  9.9594405491e-01  0.0000000000e+00  0.0000000000e+00  -6.7775010838e-02  0.0000000000e+00  0.0000000000e+00
61.55  2  1.5947965465e+00  0.0000000000e+00  0.0000000000e+00  9.9250075806e-01  0.0000000000e+00  0.0000000000e+00  -6.9955604507e-02  0.0000000000e+00  0.0000000000e+00
61.60  2  1.6443332337e+00  0.0000000000e+00  0.0000000000e+00  9.8894862232e-01  0.0000000000e+00  0.0000000000e+00  -7.2128526756e-02  0.0000000000e+00  0.0000000000e+00
61.65  2  1.6936896012e+00  0.0000000000e+00  0.0000000000e+00  9.8528803722e-01  0.0000000000e+00  0.0000000000e+00  -7.4293539299e-02  0.0000000000e+00  0.0000000000e+00
61.70  2  1.7428602366e+00  0.0000000000e+00  0.0000000000e+00  9.8151940418e-01  0.0000000000e+00  0.0000000000e+00  -7.6450404719e-02  0.0000000000e+00  0.0000000000e+00
61.75  2  1.7918397477e+00  0.0000000000e+00  0.0000000000e+00  9.7764313647e-01  0.0000000000e+00  0.0000000000e+00  -7.8598886490e-02  0.0000000000e+00  0.0000000000e+00
61.80  2  1.8406227634e+00  0.0000000000e+00  0.0000000000e+00  9.7365965918e-01  0.0000000000e+00  0.0000000000e+00  -8.0738749007e-02  0.0000000000e+00  0.0000000000e+00
61.85  2  1.8892039341e+00  0.0000000000e+00  0.0000000000e+00  9.6956940914e-01  0.0000000000e+00  0.0000000000e+00  -8.2869757611e-02  0.0000000000e+00  0.0000000000e+00
61.90  2  1.9375779323e+00  0.0000000000e+00  0.0000000000e+00  9.6537283488e-01  0.0000000000e+00  0.0000000000e+00  -8.4991678612e-02  0.0000000000e+00  0.0000000000e+00
61.95  2  1.9857394532e+00  0.0000000000e+00  0.0000000000e+00  9.6107039662e-01  0.0000000000e+00  0.0000000000e+00  -8.7104279318e-02  0.0000000000e+00  0.0000000000e+00
62.00  2  2.0336832154e+00  0.0000000000e+00  0.0000000000e+00  9.5666256615e-01  0.0000000000e+00  0.0000000000e+00  -8.9207328057e-02  0.0000000000e+00  0.0000000000e+00
62.05  2  2.0814039613e+00  0.0000000000e+00  0.0000000000e+00  9.5214982685e-01  0.0000000000e+00  0.0000000000e+00  -9.1300594208e-02  0.0000000000e+00  0.0000000000e+00
62.10  2  2.1288964578e+00  0.0000000000e+00  0.0000000000e+00  9.4753267360e-01  0.0000000000e+00  0.0000000000e+00  -9.3383848221e-02  0.0000000000e+00  0.0000000000e+00
62.15  2  2.1761554969e+00  0.0000000000e+00  0.0000000000e+00  9.4281161271e-01  0.0000000000e+00  0.0000000000e+00  -9.5456861641e-02  0.0000000000e+00  0.0000000000e+00
62.20  2  2.2231758959e+00  0.0000000000e+00  0.0000000000e+00  9.3798716190e-01  0.0000000000e+00  0.0000000000e+00  -9.7519407141e-02  0.0000000000e+00  0.0000000000e+00
62.25  2  2.2699524987e+00  0.0000000000e+00  0.0000000000e+00  9.3305985023e-01  0.0000000000e+00  0.0000000000e+00  -9.9571258540e-02  0.0000000000e+00  0.0000000000e+00
62.30  2  2.3164801756e+00  0.0000000000e+00  0.0000000000e+00  9.2803021803e-01  0.0000000000e+00  0.0000000000e+00  -1.0161219083e-01  0.0000000000e+00  0.0000000000e+00
62.35  2  2.3627538243e+00  0.0000000000e+00  0.0000000000e+00  9.2289881686e-01  0.0000000000e+00  0.0000000000e+00  -1.0364198019e-01  0.0000000000e+00  0.0000000000e+00
62.40  2  2.4087683705e+00  0.0000000000e+00  0.0000000000e+00  9.1766620944e-01  0.0000000000e+00  0.0000000000e+00  -1.0566040405e-01  0.0000000000e+00  0.0000000000e+00
62.45  2  2.4545187681e+00  0.0000000000e+00  0.0000000000e+00  9.1233296957e-01  0.0000000000e+00  0.0000000000e+00  -1.0766724105e-01  0.0000000000e+00  0.0000000000e+00
62.50  2  2.5000000000e+00  0.0000000000e+00  0.0000000000e+00  9.0689968212e-01  0.0000000000e+00  0.0000000000e+00  -1.0966227112e-01  0.0000000000e+00  0.0000000000e+00
62.55  2  2.5452070788e+00  0.0000000000e+00  0.0000000000e+00  9.0136694289e-01  0.0000000000e+00  0.0000000000e+00  -1.1164527549e-01  0.0000000000e+00  0.0000000000e+00
62.60  2  2.5901350469e+00  0.0000000000e+00  0.0000000000e+00  8.9573535862e-01  0.0000000000e+00  0.0000000000e+00  -1.1361603670e-01  0.0000000000e+00  0.0000000000e+00
62.65  2  2.6347789775e+00  0.0000000000e+00  0.0000000000e+00  8.9000554688e-01  0.0000000000e+00  0.0000000000e+00  -1.1557433863e-01  0.0000000000e+00  0.0000000000e+00
62.70  2  2.6791339749e+00  0.0000000000e+00  0.0000000000e+00  8.8417813599e-01  0.0000000000e+00  0.0000000000e+00  -1.1751996653e-01  0.0000000000e+00  0.0000000000e+00
62.75  2  2.7231951751e+00  0.0000000000e+00  0.0000000000e+00  8.7825376501e-01  0.0000000000e+00  0.0000000000e+00  -1.1945270704e-01  0.0000000000e+00  0.0000000000e+00
62.80  2  2.7669577462e+00  0.0000000000e+00  0.0000000000e+00  8.7223308361e-01  0.0000000000e+00  0.0000000000e+00  -1.2137234822e-01  0.0000000000e+00  0.0000000000e+00
62.85  2  2.8104168893e+00  0.0000000000e+00  0.0000000000e+00  8.6611675202e-01  0.0000000000e+00  0.0000000000e+00  -1.2327867955e-01  0.0000000000e+00  0.0000000000e+00
62.90  2  2.8535678384e+00  0.0000000000e+00  0.0000000000e+00  8.5990544097e-01  0.0000000000e+00  0.0000000000e+00  -1.2517149199e-01  0.0000000000e+00  0.0000000000e+00
62.95  2  2.8964058617e+00  0.0000000000e+00  0.0000000000e+00  8.5359983160e-01  0.0000000000e+00  0.0000000000e+00  -1.2705057796e-01  0.0000000000e+00  0.0000000000e+00
63.00  2  2.9389262615e+00  0.0000000000e+00  0.0000000000e+00  8.4720061539e-01  0.0000000000e+00  0.0000000000e+00  -1.2891573140e-01  0.0000000000e+00  0.0000000000e+00
63.05  2  2.9811243748e+00  0.0000000000e+00  0.0000000000e+00  8.4070849408e-01  0.0000000000e+00  0.0000000000e+00  -1.3076674778e-01  0.0000000000e+00  0.0000000000e+00
63.10  2  3.0229955743e+00  0.0000000000e+00  0.0000000000e+00  8.3412417961e-01  0.0000000000e+00  0.0000000000e+00  -1.3260342411e-01  0.0000000000e+00  0.0000000000e+00
63.15  2  3.0645352683e+00  0.0000000000e+00  0.0000000000e+00  8.2744839403e-01  0.0000000000e+00  0.0000000000e+00  -1.3442555898e-01  0.0000000000e+00  0.0000000000e+00
63.20  2  3.1057389014e+00  0.0000000000e+00  0.0000000000e+00  8.2068186940e-01  0.0000000000e+00  0.0000000000e+00  -1.3623295258e-01  0.0000000000e+00  0.0000000000e+00
63.25  2  3.1466019552e+00  0.0000000000e+00  0.0000000000e+00  8.1382534776e-01  0.0000000000e+00  0.0000000000e+00  -1.3802540669e-01  0.0000000000e+00  0.0000000000e+00
63.30  2  3.1871199487e+00  0.0000000000e+00  0.0000000000e+00  8.0687958100e-01  0.0000000000e+00  0.0000000000e+00  -1.3980272477e-01  0.0000000000e+00  0.0000000000e+00
63.35  2  3.2272884386e+00  0.0000000000e+00  0.0000000000e+00  7.9984533080e-01  0.0000000000e+00  0.0000000000e+00  -1.4156471190e-01  0.0000000000e+00  0.0000000000e+00
63.40  2  3.2671030200e+00  0.0000000000e+00  0.0000000000e+00  7.9272336855e-01  0.0000000000e+00  0.0000000000e+00  -1.4331117486e-01  0.0000000000e+00  0.0000000000e+00
63.45  2  3.3065593266e+00  0.0000000000e+00  0.0000000000e+00  7.8551447524e-01  0.0000000000e+00  0.0000000000e+00  -1.4504192214e-01  0.0000000000e+00  0.0000000000e+00
63.50  2  3.3456530318e+00  0.0000000000e+00  0.0000000000e+00  7.7821944142e-01  0.0000000000e+00  0.0000000000e+00  -1.4675676394e-01  0.0000000000e+00  0.0000000000e+00
63.55  2  3.3843798484e+00  0.0000000000e+00  0.0000000000e+00  7.7083906707e-01  0.0000000000e+00  0.0000000000e+00  -1.4845551221e-01  0.0000000000e+00  0.0000000000e+00
63.60  2  3.4227355296e+00  0.0000000000e+00  0.0000000000e+00  7.6337416153e-01  0.0000000000e+00  0.0000000000e+00  -1.5013798065e-01  0.0000000000e+00  0.0000000000e+00
63.65  2  3.4607158694e+00  0.0000000000e+00  0.0000000000e+00  7.5582554342e-01  0.0000000000e+00  0.0000000000e+00  -1.5180398478e-01  0.0000000000e+00  0.0000000000e+00
63.70  2  3.4983167026e+00  0.0000000000e+00  0.0000000000e+00  7.4819404051e-01  0.0000000000e+00  0.0000000000e+00  -1.5345334188e-01  0.0000000000e+00  0.0000000000e+00
63.75  2  3.5355339059e+00  0.0000000000e+00  0.0000000000e+00  7.4048048969e-01  0.0000000000e+00  0.0000000000e+00  -1.5508587110e-01  0.0000000000e+00  0.0000000000e+00
63.80  2  3.5723633982e+00  0.0000000000e+00  0.0000000000e+00  7.3268573685e-01  0.0000000000e+00  0.0000000000e+00  -1.5670139341e-01  0.0000000000e+00  0.0000000000e+00
63.85  2  3.6088011405e+00  0.0000000000e+00  0.0000000000e+00  7.2481063675e-01  0.0000000000e+00  0.0000000000e+00  -1.5829973164e-01  0.0000000000e+00  0.0000000000e+00
63.90  2  3.6448431371e+00  0.0000000000e+00  0.0000000000e+00  7.1685605301e-01  0.0000000000e+00  0.0000000000e+00  -1.5988071052e-01  0.0000000000e+00  0.0000000000e+00
63.95  2  3.6804854356e+00  0.0000000000e+00  0.0000000000e+00  7.0882285792e-01  0.0000000000e+00  0.0000000000e+00  -1.6144415668e-01  0.0000000000e+00  0.0000000000e+00
64.00  2  3.7157241274e+00  0.0000000000e+00  0.0000000000e+00  7.0071193241e-01  0.0000000000e+00  0.0000000000e+00  -1.6298989867e-01  0.0000000000e+00  0.0000000000e+00
64.05  2  3.7505553482e+00  0.0000000000e+00  0.0000000000e+00  6.9252416594e-01  0.0000000000e+00  0.0000000000e+00  -1.6451776698e-01  0.0000000000e+00  0.0000000000e+00
64.10  2  3.7849752783e+00  0.0000000000e+00  0.0000000000e+00  6.8426045640e-01  0.0000000000e+00  0.0000000000e+00  -1.6602759406e-01  0.0000000000e+00  0.0000000000e+00
64.15  2  3.8189801432e+00  0.0000000000e+00  0.0000000000e+00  6.7592170999e-01  0.0000000000e+00  0.0000000000e+00  -1.6751921435e-01  0.0000000000e+00  0.0000000000e+00
64.20  2  3.8525662139e+00  0.0000000000e+00  0.0000000000e+00  6.6750884114e-01  0.0000000000e+00  0.0000000000e+00  -1.6899246427e-01  0.0000000000e+00  0.0000000000e+00
64.25  2  3.8857298073e+00  0.0000000000e+00  0.0000000000e+00  6.5902277243e-01  0.0000000000e+00  0.0000000000e+00  -1.7044718226e-01  0.0000000000e+00  0.0000000000e+00
64.30  2  3.9184672866e+00  0.0000000000e+00  0.0000000000e+00  6.5046443444e-01  0.0000000000e+00  0.0000000000e+00  -1.7188320879e-01  0.0000000000e+00  0.0000000000e+00
64.35  2  3.9507750619e+00  0.0000000000e+00  0.0000000000e+00  6.4183476570e-01  0.0000000000e+00  0.0000000000e+00  -1.7330038639e-01  0.0000000000e+00  0.0000000000e+00
64.40  2  3.9826495901e+00  0.0000000000e+00  0.0000000000e+00  6.3313471254e-01  0.0000000000e+00  0.0000000000e+00  -1.7469855966e-01  0.0000000000e+00  0.0000000000e+00
64.45  2  4.0140873760e+00  0.0000000000e+00  0.0000000000e+00  6.2436522903e-01  0.0000000000e+00  0.0000000000e+00  -1.7607757525e-01  0.0000000000e+00  0.0000000000e+00
64.50  2  4.0450849719e+00  0.0000000000e+00  0.0000000000e+00  6.1552727683e-01  0.0000000000e+00  0.0000000000e+00  -1.7743728196e-01  0.0000000000e+00  0.0000000000e+00
64.55  2  4.0756389786e+00  0.0000000000e+00  0.0000000000e+00  6.0662182513e-01  0.0000000000e+00  0.0000000000e+00  -1.7877753067e-01  0.0000000000e+00  0.0000000000e+00
64.60  2  4.1057460457e+00  0.0000000000e+00  0.0000000000e+00  5.9764985051e-01  0.0000000000e+00  0.0000000000e+00  -1.8009817441e-01  0.0000000000e+00  0.0000000000e+00
64.65  2  4.1354028714e+00  0.0000000000e+00  0.0000000000e+00  5.8861233686e-01  0.0000000000e+00  0.0000000000e+00  -1.8139906835e-01  0.0000000000e+00  0.0000000000e+00
64.70  2  4.1646062036e+00  0.0000000000e+00  0.0000000000e+00  5.7951027522e-01  0.0000000000e+00  0.0000000000e+00  -1.8268006985e-01  0.0000000000e+00  0.0000000000e+00
64.75  2  4.1933528397e+00  0.0000000000e+00  0.0000000000e+00  5.7034466375e-01  0.0000000000e+00  0.0000000000e+00  -1.8394103841e-01  0.0000000000e+00  0.0000000000e+00
64.80  2  4.2216396275e+00  0.0000000000e+00  0.0000000000e+00  5.6111650757e-01  0.0000000000e+00  0.0000000000e+00  -1.8518183577e-01  0.0000000000e+00  0.0000000000e+00
64.85  2  4.2494634649e+00  0.0000000000e+00  0.0000000000e+00  5.5182681863e-01  0.0000000000e+00  0.0000000000e+00  -1.8640232585e-01  0.0000000000e+00  0.0000000000e+00
64.90  2  4.2768213008e+00  0.0000000000e+00  0.0000000000e+00  5.4247661567e-01  0.0000000000e+00  0.0000000000e+00  -1.8760237481e-01  0.0000000000e+00  0.0000000000e+00
64.95  2  4.3037101350e+00  0.0000000000e+00  0.0000000000e+00  5.3306692403e-01  0.0000000000e+00  0.0000000000e+00  -1.8878185106e-01  0.0000000000e+00  0.0000000000e+00
65.00  2  4.3301270189e+00  0.0000000000e+00  0.0000000000e+00  5.2359877560e-01  0.0000000000e+00  0.0000000000e+00  -1.8994062526e-01  0.0000000000e+00  0.0000000000e+00
65.05  2  4.3560690556e+00  0.0000000000e+00  0.0000000000e+00  5.1407320866e-01  0.0000000000e+00  0.0000000000e+00  -1.9107857032e-01  0.0000000000e+00  0.0000000000e+00
65.10  2  4.3815334002e+00  0.0000000000e+00  0.0000000000e+00  5.0449126780e-01  0.0000000000e+00  0.0000000000e+00  -1.9219556147e-01  0.0000000000e+00  0.0000000000e+00
65.15  2  4.4065172603e+00  0.0000000000e+00  0.0000000000e+00  4.9485400379e-01  0.0000000000e+00  0.0000000000e+00  -1.9329147620e-01  0.0000000000e+00  0.0000000000e+00
65.20  2  4.4310178962e+00  0.0000000000e+00  0.0000000000e+00  4.8516247346e-01  0.0000000000e+00  0.0000000000e+00  -1.9436619435e-01  0.0000000000e+00  0.0000000000e+00
65.25  2  4.4550326209e+00  0.0000000000e+00  0.0000000000e+00  4.7541773959e-01  0.0000000000e+00  0.0000000000e+00  -1.9541959806e-01  0.0000000000e+00  0.0000000000e+00
65.30  2  4.4785588012e+00  0.0000000000e+00  0.0000000000e+00  4.6562087082e-01  0.0000000000e+00  0.0000000000e+00  -1.9645157180e-01  0.0000000000e+00  0.0000000000e+00
65.35  2  4.5015938570e+00  0.0000000000e+00  0.0000000000e+00  4.5577294147e-01  0.0000000000e+00  0.0000000000e+00  -1.9746200241e-01  0.0000000000e+00  0.0000000000e+00
65.40  2  4.5241352623e+00  0.0000000000e+00  0.0000000000e+00  4.4587503148e-01  0.0000000000e+00  0.0000000000e+00  -1.9845077909e-01  0.0000000000e+00  0.0000000000e+00
65.45  2  4.5461805452e+00  0.0000000000e+00  0.0000000000e+00  4.3592822627e-01  0.0000000000e+00  0.0000000000e+00  -1.9941779341e-01  0.0000000000e+00  0.0000000000e+00
65.50  2  4.5677272882e+00  0.0000000000e+00  0.0000000000e+00  4.2593361661e-01  0.0000000000e+00  0.0000000000e+00  -2.0036293932e-01  0.0000000000e+00  0.0000000000e+00
65.55  2  4.5887731284e+00  0.0000000000e+00  0.0000000000e+00  4.1589229854e-01  0.0000000000e+00  0.0000000000e+00  -2.0128611317e-01  0.0000000000e+00  0.0000000000e+00
65.60  2  4.6093157579e+00  0.0000000000e+00  0.0000000000e+00  4.0580537318e-01  0.0000000000e+00  0.0000000000e+00  -2.0218721374e-01  0.0000000000e+00  0.0000000000e+00
65.65  2  4.6293529240e+00  0.0000000000e+00  0.0000000000e+00  3.9567394670e-01  0.0000000000e+00  0.0000000000e+00  -2.0306614219e-01  0.0000000000e+00  0.0000000000e+00
65.70  2  4.6488824294e+00  0.0000000000e+00  0.0000000000e+00  3.8549913011e-01  0.0000000000e+00  0.0000000000e+00  -2.0392280216e-01  0.0000000000e+00  0.0000000000e+00
65.75  2  4.6679021325e+00  0.0000000000e+00  0.0000000000e+00  3.7528203919e-01  0.0000000000e+00  0.0000000000e+00  -2.0475709969e-01  0.0000000000e+00  0.0000000000e+00
65.80  2  4.6864099475e+00  0.0000000000e+00  0.0000000000e+00  3.6502379437e-01  0.0000000000e+00  0.0000000000e+00  -2.0556894330e-01  0.0000000000e+00  0.0000000000e+00
65.85  2  4.7044038448e+00  0.0000000000e+00  0.0000000000e+00  3.5472552058e-01  0.0000000000e+00  0.0000000000e+00  -2.0635824396e-01  0.0000000000e+00  0.0000000000e+00
65.90  2  4.7218818512e+00  0.0000000000e+00  0.0000000000e+00  3.4438834713e-01  0.0000000000e+00  0.0000000000e+00  -2.0712491511e-01  0.0000000000e+00  0.0000000000e+00
65.95  2  4.7388420500e+00  0.0000000000e+00  0.0000000000e+00  3.3401340763e-01  0.0000000000e+00  0.0000000000e+00  -2.0786887268e-01  0.0000000000e+00  0.0000000000e+00
66.00  2  4.7552825815e+00  0.0000000000e+00  0.0000000000e+00  3.2360183979e-01  0.0000000000e+00  0.0000000000e+00  -2.0859003509e-01  0.0000000000e+00  0.0000000000e+00
66.05  2  4.7712016426e+00  0.0000000000e+00  0.0000000000e+00  3.1315478536e-01  0.0000000000e+00  0.0000000000e+00  -2.0928832324e-01  0.0000000000e+00  0.0000000000e+00
66.10  2  4.7865974877e+00  0.0000000000e+00  0.0000000000e+00  3.0267338998e-01  0.0000000000e+00  0.0000000000e+00  -2.0996366058e-01  0.0000000000e+00  0.0000000000e+00
66.15  2  4.8014684284e+00  0.0000000000e+00  0.0000000000e+00  2.9215880305e-01  0.0000000000e+00  0.0000000000e+00  -2.1061597303e-01  0.0000000000e+00  0.0000000000e+00
66.20  2  4.8158128340e+00  0.0000000000e+00  0.0000000000e+00  2.8161217762e-01  0.0000000000e+00  0.0000000000e+00  -2.1124518907e-01  0.0000000000e+00  0.0000000000e+00
66.25  2  4.8296291314e+00  0.0000000000e+00  0.0000000000e+00  2.7103467023e-01  0.0000000000e+00  0.0000000000e+00  -2.1185123969e-01  0.0000000000e+00  0.0000000000e+00
66.30  2  4.8429158056e+00  0.0000000000e+00  0.0000000000e+00  2.6042744085e-01  0.0000000000e+00  0.0000000000e+00  -2.1243405844e-01  0.0000000000e+00  0.0000000000e+00
66.35  2  4.8556713995e+00  0.0000000000e+00  0.0000000000e+00  2.4979165265e-01  0.0000000000e+00  0.0000000000e+00  -2.1299358140e-01  0.0000000000e+00  0.0000000000e+00
66.40  2  4.8678945144e+00  0.0000000000e+00  0.0000000000e+00  2.3912847199e-01  0.0000000000e+00  0.0000000000e+00  -2.1352974721e-01  0.0000000000e+00  0.0000000000e+00
66.45  2  4.8795838097e+00  0.0000000000e+00  0.0000000000e+00  2.2843906820e-01  0.0000000000e+00  0.0000000000e+00  -2.1404249708e-01  0.0000000000e+00  0.0000000000e+00
66.50  2  4.8907380037e+00  0.0000000000e+00  0.0000000000e+00  2.1772461349e-01  0.0000000000e+00  0.0000000000e+00  -2.1453177478e-01  0.0000000000e+00  0.0000000000e+00
66.55  2  4.9013558731e+00  0.0000000000e+00  0.0000000000e+00  2.0698628282e-01  0.0000000000e+00  0.0000000000e+00  -2.1499752665e-01  0.0000000000e+00  0.0000000000e+00
66.60  2  4.9114362536e+00  0.0000000000e+00  0.0000000000e+00  1.9622525377e-01  0.0000000000e+00  0.0000000000e+00  -2.1543970162e-01  0.0000000000e+00  0.0000000000e+00
66.65  2  4.9209780398e+00  0.0000000000e+00  0.0000000000e+00  1.8544270642e-01  0.0000000000e+00  0.0000000000e+00  -2.1585825120e-01  0.0000000000e+00  0.0000000000e+00
66.70  2  4.9299801854e+00  0.0000000000e+00  0.0000000000e+00  1.7463982318e-01  0.0000000000e+00  0.0000000000e+00  -2.1625312949e-01  0.0000000000e+00  0.0000000000e+00
66.75  2  4.9384417030e+00  0.0000000000e+00  0.0000000000e+00  1.6381778871e-01  0.0000000000e+00  0.0000000000e+00  -2.1662429318e-01  0.0000000000e+00  0.0000000000e+00
66.80  2  4.9463616648e+00  0.0000000000e+00  0.0000000000e+00  1.5297778978e-01  0.0000000000e+00  0.0000000000e+00  -2.1697170158e-01  0.0000000000e+00  0.0000000000e+00
66.85  2  4.9537392024e+00  0.0000000000e+00  0.0000000000e+00  1.4212101511e-01  0.0000000000e+00  0.0000000000e+00  -2.1729531659e-01  0.0000000000e+00  0.0000000000e+00
66.90  2  4.9605735066e+00  0.0000000000e+00  0.0000000000e+00  1.3124865527e-01  0.0000000000e+00  0.0000000000e+00  -2.1759510272e-01  0.0000000000e+00  0.0000000000e+00
66.95  2  4.9668638280e+00  0.0000000000e+00  0.0000000000e+00  1.2036190254e-01  0.0000000000e+00  0.0000000000e+00  -2.1787102710e-01  0.0000000000e+00  0.0000000000e+00
67.00  2  4.9726094768e+00  0.0000000000e+00  0.0000000000e+00  1.0946195076e-01  0.0000000000e+00  0.0000000000e+00  -2.1812305946e-01  0.0000000000e+00  0.0000000000e+00
67.05  2  4.9778098230e+00  0.0000000000e+00  0.0000000000e+00  9.8549995254e-02  0.0000000000e+00  0.0000000000e+00  -2.1835117216e-01  0.0000000000e+00  0.0000000000e+00
67.10  2  4.9824642962e+00  0.0000000000e+00  0.0000000000e+00  8.7627232627e-02  0.0000000000e+00  0.0000000000e+00  -2.1855534021e-01  0.0000000000e+00  0.0000000000e+00
67.15  2  4.9865723861e+00  0.0000000000e+00  0.0000000000e+00  7.6694860686e-02  0.0000000000e+00  0.0000000000e+00  -2.1873554119e-01  0.0000000000e+00  0.0000000000e+00
67.20  2  4.9901336421e+00  0.0000000000e+00  0.0000000000e+00  6.5754078289e-02  0.0000000000e+00  0.0000000000e+00  -2.1889175536e-01  0.0000000000e+00  0.0000000000e+00
67.25  2  4.9931476738e+00  0.0000000000e+00  0.0000000000e+00  5.4806085217e-02  0.0000000000e+00  0.0000000000e+00  -2.1902396558e-01  0.0000000000e+00  0.0000000000e+00
67.30  2  4.9956141505e+00  0.0000000000e+00  0.0000000000e+00  4.3852082040e-02  0.0000000000e+00  0.0000000000e+00  -2.1913215736e-01  0.0000000000e+00  0.0000000000e+00
67.35  2  4.9975328018e+00  0.0000000000e+00  0.0000000000e+00  3.2893269988e-02  0.0000000000e+00  0.0000000000e+00  -2.1921631882e-01  0.0000000000e+00  0.0000000000e+00
67.40  2  4.9989034174e+00  0.0000000000e+00  0.0000000000e+00  2.1930850818e-02  0.0000000000e+00  0.0000000000e+00  -2.1927644075e-01  0.0000000000e+00  0.0000000000e+00
67.45  2  4.9997258468e+00  0.0000000000e+00  0.0000000000e+00  1.0966026683e-02  0.0000000000e+00  0.0000000000e+00  -2.1931251654e-01  0.0000000000e+00  0.0000000000e+00
67.50  2  5.0000000000e+00  0.0000000000e+00  0.0000000000e+00  5.7710120812e-16  0.0000000000e+00  0.0000000000e+00  -2.1932454225e-01  0.0000000000e+00  0.0000000000e+00
67.55  2  4.9997258468e+00  0.0000000000e+00  0.0000000000e+00  -1.0966026683e-02  0.0000000000e+00  0.0000000000e+00  -2.1931251654e-01  0.0000000000e+00  0.0000000000e+00
67.60  2  4.9989034174e+00  0.0000000000e+00  0.0000000000e+00  -2.1930850818e-02  0.0000000000e+00  0.0000000000e+00  -2.1927644075e-01  0.0000000000e+00  0.0000000000e+00
67.65  2  4.9975328018e+00  0.0000000000e+00  0.0000000000e+00  -3.2893269988e-02  0.0000000000e+00  0.0000000000e+00  -2.1921631882e-01  0.0000000000e+00  0.0000000000e+00
67.70  2  4.9956141505e+00  0.0000000000e+00  0.0000000000e+00  -4.3852082040e-02  0.0000000000e+00  0.0000000000e+00  -2.1913215736e-01  0.0000000000e+00  0.0000000000e+00
67.75  2  4.9931476738e+00  0.0000000000e+00  0.0000000000e+00  -5.4806085217e-02  0.0000000000e+00  0.0000000000e+00  -2.1902396558e-01  0.0000000000e+00  0.0000000000e+00
67.80  2  4.9901336421e+00  0.0000000000e+00  0.0000000000e+00  -6.5754078289e-02  0.0000000000e+00  0.0000000000e+00  -2.1889175536e-01  0.0000000000e+00  0.0000000000e+00
67.85  2  4.9865723861e+00  0.0000000000e+00  0.0000000000e+00  -7.6694860686e-02  0.0000000000e+00  0.0000000000e+00  -2.1873554119e-01  0.0000000000e+00  0.0000000000e+00
67.90  2  4.9824642962e+00  0.0000000000e+00  0.0000000000e+00  -8.7627232627e-02  0.0000000000e+00  0.0000000000e+00  -2.1855534021e-01  0.0000000000e+00  0.0000000000e+00
67.95  2  4.9778098230e+00  0.0000000000e+00  0.0000000000e+00  -9.8549995254e-02  0.0000000000e+00  0.0000000000e+00  -2.1835117216e-01  0.0000000000e+00  0.0000000000e+00
68.00  2  4.9726094768e+00  0.0000000000e+00  0.0000000000e+00  -1.0946195076e-01  0.0000000000e+00  0.0000000000e+00  -2.1812305946e-01  0.0000000000e+00  0.0000000000e+00
68.05  2  4.9668638280e+00  0.0000000000e+00  0.0000000000e+00  -1.2036190254e-01  0.0000000000e+00  0.0000000000e+00  -2.1787102710e-01  0.0000000000e+00  0.0000000000e+00
68.10  2  4.9605735066e+00  0.0000000000e+00  0.0000000000e+00  -1.3124865527e-01  0.0000000000e+00  0.0000000000e+00  -2.1759510272e-01  0.0000000000e+00  0.0000000000e+00
68.15  2  4.9537392024e+00  0.0000000000e+00  0.0000000000e+00  -1.4212101511e-01  0.0000000000e+00  0.0000000000e+00  -2.1729531659e-01  0.0000000000e+00  0.0000000000e+00
68.20  2  4.9463616648e+00  0.0000000000e+00  0.0000000000e+00  -1.5297778978e-01  0.0000000000e+00  0.0000000000e+00  -2.1697170158e-01  0.0000000000e+00  0.0000000000e+00
68.25  2  4.9384417030e+00  0.0000000000e+00  0.0000000000e+00  -1.6381778871e-01  0.0000000000e+00  0.0000000000e+00  -2.1662429318e-01  0.0000000000e+00  0.0000000000e+00
68.30  2  4.9299801854e+00  0.0000000000e+00  0.0000000000e+00  -1.7463982318e-01  0.0000000000e+00  0.0000000000e+00  -2.1625312949e-01  0.0000000000e+00  0.0000000000e+00
68.35  2  4.9209780398e+00  0.0000000000e+00  0.0000000000e+00  -1.8544270642e-01  0.0000000000e+00  0.0000000000e+00  -2.1585825120e-01  0.0000000000e+00  0.0000000000e+00
68.40  2  4.9114362536e+00  0.0000000000e+00  0.0000000000e+00  -1.9622525377e-01  0.0000000000e+00  0.0000000000e+00  -2.1543970162e-01  0.0000000000e+00  0.0000000000e+00
68.45  2  4.9013558731e+00  0.0000000000e+00  0.0000000000e+00  -2.0698628282e-01  0.0000000000e+00  0.0000000000e+00  -2.1499752665e-01  0.0000000000e+00  0.0000000000e+00
68.50  2  4.8907380037e+00  0.0000000000e+00  0.0000000000e+00  -2.1772461349e-01  0.0000000000e+00  0.0000000000e+00  -2.1453177478e-01  0.0000000000e+00  0.0000000000e+00
68.55  2  4.8795838097e+00  0.0000000000e+00  0.0000000000e+00  -2.2843906820e-01  0.0000000000e+00  0.0000000000e+00  -2.1404249708e-01  0.0000000000e+00  0.0000000000e+00
68.60  2  4.8678945144e+00  0.0000000000e+00  0.0000000000e+00  -2.3912847199e-01  0.0000000000e+00  0.0000000000e+00  -2.1352974721e-01  0.0000000000e+00  0.0000000000e+00
68.65  2  4.8556713995e+00  0.0000000000e+00  0.0000000000e+00  -2.4979165265e-01  0.0000000000e+00  0.0000000000e+00  -2.1299358140e-01  0.0000000000e+00  0.0000000000e+00
68.70  2  4.8429158056e+00  0.0000000000e+00  0.0000000000e+00  -2.6042744085e-01  0.0000000000e+00  0.0000000000e+00  -2.1243405844e-01  0.0000000000e+00  0.0000000000e+00
68.75  2  4.8296291314e+00  0.0000000000e+00  0.0000000000e+00  -2.7103467023e-01  0.0000000000e+00  0.0000000000e+00  -2.1185123969e-01  0.0000000000e+00  0.0000000000e+00
68.80  2  4.8158128340e+00  0.0000000000e+00  0.0000000000e+00  -2.8161217762e-01  0.0000000000e+00  0.0000000000e+00  -2.1124518907e-01  0.0000000000e+00  0.0000000000e+00
68.85  2  4.8014684284e+00  0.0000000000e+00  0.0000000000e+00  -2.9215880305e-01  0.0000000000e+00  0.0000000000e+00  -2.1061597303e-01  0.0000000000e+00  0.0000000000e+00
68.90  2  4.7865974877e+00  0.0000000000e+00  0.0000000000e+00  -3.0267338998e-01  0.0000000000e+00  0.0000000000e+00  -2.0996366058e-01  0.0000000000e+00  0.0000000000e+00
68.95  2  4.7712016426e+00  0.0000000000e+00  0.0000000000e+00  -3.1315478536e-01  0.0000000000e+00  0.0000000000e+00  -2.0928832324e-01  0.0000000000e+00  0.0000000000e+00
69.00  2  4.7552825815e+00  0.0000000000e+00  0.0000000000e+00  -3.2360183979e-01  0.0000000000e+00  0.0000000000e+00  -2.0859003509e-01  0.0000000000e+00  0.0000000000e+00
69.05  2  4.7388420500e+00  0.0000000000e+00  0.0000000000e+00  -3.3401340763e-01  0.0000000000e+00  0.0000000000e+00  -2.0786887268e-01  0.0000000000e+00  0.0000000000e+00
69.10  2  4.7218818512e+00  0.0000000000e+00  0.0000000000e+00  -3.4438834713e-01  0.0000000000e+00  0.0000000000e+00  -2.0712491511e-01  0.0000000000e+00  0.0000000000e+00
69.15  2  4.7044038448e+00  0.0000000000e+00  0.0000000000e+00  -3.5472552058e-01  0.0000000000e+00  0.0000000000e+00  -2.0635824396e-01  0.0000000000e+00  0.0000000000e+00
69.20  2  4.6864099475e+00  0.0000000000e+00  0.0000000000e+00  -3.6502379437e-01  0.0000000000e+00  0.0000000000e+00  -2.0556894330e-01  0.0000000000e+00  0.0000000000e+00
69.25  2  4.6679021325e+00  0.0000000000e+00  0.0000000000e+00  -3.7528203919e-01  0.0000000000e+00  0.0000000000e+00  -2.0475709969e-01  0.0000000000e+00  0.0000000000e+00
69.30  2  4.6488824294e+00  0.0000000000e+00  0.0000000000e+00  -3.8549913011e-01  0.0000000000e+00  0.0000000000e+00  -2.0392280216e-01  0.0000000000e+00  0.0000000000e+00
69.35  2  4.6293529240e+00  0.0000000000e+00  0.0000000000e+00  -3.9567394670e-01  0.0000000000e+00  0.0000000000e+00  -2.0306614219e-01  0.0000000000e+00  0.0000000000e+00
69.40  2  4.6093157579e+00  0.0000000000e+00  0.0000000000e+00  -4.0580537318e-01  0.0000000000e+00  0.0000000000e+00  -2.0218721374e-01  0.0000000000e+00  0.0000000000e+00
69.45  2  4.5887731284e+00  0.0000000000e+00  0.0000000000e+00  -4.1589229854e-01  0.0000000000e+00  0.0000000000e+00  -2.0128611317e-01  0.0000000000e+00  0.0000000000e+00
69.50  2  4.5677272882e+00  0.0000000000e+00  0.0000000000e+00  -4.2593361661e-01  0.0000000000e+00  0.0000000000e+00  -2.0036293932e-01  0.0000000000e+00  0.0000000000e+00
69.55  2  4.5461805452e+00  0.0000000000e+00  0.0000000000e+00  -4.3592822627e-01  0.0000000000e+00  0.0000000000e+00  -1.9941779341e-01  0.0000000000e+00  0.0000000000e+00
69.60  2  4.5241352623e+00  0.0000000000e+00  0.0000000000e+00  -4.4587503148e-01  0.0000000000e+00  0.0000000000e+00  -1.9845077909e-01  0.0000000000e+00  0.0000000000e+00
69.65  2  4.5015938570e+00  0.0000000000e+00  0.0000000000e+00  -4.5577294147e-01  0.0000000000e+00  0.0000000000e+00  -1.9746200241e-01  0.0000000000e+00  0.0000000000e+00
69.70  2  4.4785588012e+00  0.0000000000e+00  0.0000000000e+00  -4.6562087082e-01  0.0000000000e+00  0.0000000000e+00  -1.9645157180e-01  0.0000000000e+00  0.0000000000e+00
69.75  2  4.4550326209e+00  0.0000000000e+00  0.0000000000e+00  -4.7541773959e-01  0.0000000000e+00  0.0000000000e+00  -1.9541959806e-01  0.0000000000e+00  0.0000000000e+00
69.80  2  4.4310178962e+00  0.0000000000e+00  0.0000000000e+00  -4.8516247346e-01  0.0000000000e+00  0.0000000000e+00  -1.9436619435e-01  0.0000000000e+00  0.0000000000e+00
69.85  2  4.4065172603e+00  0.0000000000e+00  0.0000000000e+00  -4.9485400379e-01  0.0000000000e+00  0.0000000000e+00  -1.9329147620e-01  0.0000000000e+00  0.0000000000e+00
69.90  2  4.3815334002e+00  0.0000000000e+00  0.0000000000e+00  -5.0449126780e-01  0.0000000000e+00  0.0000000000e+00  -1.9219556147e-01  0.0000000000e+00  0.0000000000e+00
69.95  2  4.3560690556e+00  0.0000000000e+00  0.0000000000e+00  -5.1407320866e-01  0.0000000000e+00  0.0000000000e+00  -1.9107857032e-01  0.0000000000e+00  0.0000000000e+00
70.00  2  4.3301270189e+00  0.0000000000e+00  0.0000000000e+00  -5.2359877560e-01  0.0000000000e+00  0.0000000000e+00  -1.8994062526e-01  0.0000000000e+00  0.0000000000e+00
70.05  2  4.3037101350e+00  0.0000000000e+00  0.0000000000e+00  -5.3306692403e-01  0.0000000000e+00  0.0000000000e+00  -1.8878185106e-01  0.0000000000e+00  0.0000000000e+00
70.10  2  4.2768213008e+00  0.0000000000e+00  0.0000000000e+00  -5.4247661567e-01  0.0000000000e+00  0.0000000000e+00  -1.8760237481e-01  0.0000000000e+00  0.0000000000e+00
70.15  2  4.2494634649e+00  0.0000000000e+00  0.0000000000e+00  -5.5182681863e-01  0.0000000000e+00  0.0000000000e+00  -1.8640232585e-01  0.0000000000e+00  0.0000000000e+00
70.20  2  4.2216396275e+00  0.0000000000e+00  0.0000000000e+00  -5.6111650757e-01  0.0000000000e+00  0.0000000000e+00  -1.8518183577e-01  0.0000000000e+00  0.0000000000e+00
70.25  2  4.1933528397e+00  0.0000000000e+00  0.0000000000e+00  -5.7034466375e-01  0.0000000000e+00  0.0000000000e+00  -1.8394103841e-01  0.0000000000e+00  0.0000000000e+00
70.30  2  4.1646062036e+00  0.0000000000e+00  0.0000000000e+00  -5.7951027522e-01  0.0000000000e+00  0.0000000000e+00  -1.8268006985e-01  0.0000000000e+00  0.0000000000e+00
70.35  2  4.1354028714e+00  0.0000000000e+00  0.0000000000e+00  -5.8861233686e-01  0.0000000000e+00  0.0000000000e+00  -1.8139906835e-01  0.0000000000e+00  0.0000000000e+00
70.40  2  4.1057460457e+00  0.0000000000e+00  0.0000000000e+00  -5.9764985051e-01  0.0000000000e+00  0.0000000000e+00  -1.8009817441e-01  0.0000000000e+00  0.0000000000e+00
70.45  2  4.0756389786e+00  0.0000000000e+00  0.0000000000e+00  -6.0662182513e-01  0.0000000000e+00  0.0000000000e+00  -1.7877753067e-01  0.0000000000e+00  0.0000000000e+00
70.50  2  4.0450849719e+00  0.0000000000e+00  0.0000000000e+00  -6.1552727683e-01  0.0000000000e+00  0.0000000000e+00  -1.7743728196e-01  0.0000000000e+00  0.0000000000e+00
70.55  2  4.0140873760e+00  0.0000000000e+00  0.0000000000e+00  -6.2436522903e-01  0.0000000000e+00  0.0000000000e+00  -1.7607757525e-01  0.0000000000e+00  0.0000000000e+00
70.60  2  3.9826495901e+00  0.0000000000e+00  0.0000000000e+00  -6.3313471254e-01  0.0000000000e+00  0.0000000000e+00  -1.7469855966e-01  0.0000000000e+00  0.0000000000e+00
70.65  2  3.9507750619e+00  0.0000000000e+00  0.0000000000e+00  -6.4183476570e-01  0.0000000000e+00  0.0000000000e+00  -1.7330038639e-01  0.0000000000e+00  0.0000000000e+00
70.70  2  3.9184672866e+00  0.0000000000e+00  0.0000000000e+00  -6.5046443444e-01  0.0000000000e+00  0.0000000000e+00  -1.7188320879e-01  0.0000000000e+00  0.0000000000e+00
70.75  2  3.8857298073e+00  0.0000000000e+00  0.0000000000e+00  -6.5902277243e-01  0.0000000000e+00  0.0000000000e+00  -1.7044718226e-01  0.0000000000e+00  0.0000000000e+00
70.80  2  3.8525662139e+00  0.0000000000e+00  0.0000000000e+00  -6.6750884114e-01  0.0000000000e+00  0.0000000000e+00  -1.6899246427e-01  0.0000000000e+00  0.0000000000e+00
70.85  2  3.8189801432e+00  0.0000000000e+00  0.0000000000e+00  -6.7592170999e-01  0.0000000000e+00  0.0000000000e+00  -1.6751921435e-01  0.0000000000e+00  0.0000000000e+00
70.90  2  3.7849752783e+00  0.0000000000e+00  0.0000000000e+00  -6.8426045640e-01  0.0000000000e+00  0.0000000000e+00  -1.6602759406e-01  0.0000000000e+00  0.0000000000e+00
70.95  2  3.7505553482e+00  0.0000000000e+00  0.0000000000e+00  -6.9252416594e-01  0.0000000000e+00  0.0000000000e+00  -1.6451776698e-01  0.0000000000e+00  0.0000000000e+00
71.00  2  3.7157241274e+00  0.0000000000e+00  0.0000000000e+00  -7.0071193241e-01  0.0000000000e+00  0.0000000000e+00  -1.6298989867e-01  0.0000000000e+00  0.0000000000e+00
71.05  2  3.6804854356e+00  0.0000000000e+00  0.0000000000e+00  -7.0882285792e-01  0.0000000000e+00  0.0000000000e+00  -1.6144415668e-01  0.0000000000e+00  0.0000000000e+00
71.10  2  3.6448431371e+00  0.0000000000e+00  0.0000000000e+00  -7.1685605301e-01  0.0000000000e+00  0.0000000000e+00  -1.5988071052e-01  0.0000000000e+00  0.0000000000e+00
71.15  2  3.6088011405e+00  0.0000000000e+00  0.0000000000e+00  -7.2481063675e-01  0.0000000000e+00  0.0000000000e+00  -1.5829973164e-01  0.0000000000e+00  0.0000000000e+00
71.20  2  3.5723633982e+00  0.0000000000e+00  0.0000000000e+00  -7.3268573685e-01  0.0000000000e+00  0.0000000000e+00  -1.5670139341e-01  0.0000000000e+00  0.0000000000e+00
71.25  2  3.5355339059e+00  0.0000000000e+00  0.0000000000e+00  -7.4048048969e-01  0.0000000000e+00  0.0000000000e+00  -1.5508587110e-01  0.0000000000e+00  0.0000000000e+00
71.30  2  3.4983167026e+00  0.0000000000e+00  0.0000000000e+00  -7.4819404051e-01  0.0000000000e+00  0.0000000000e+00  -1.5345334188e-01  0.0000000000e+00  0.0000000000e+00
71.35  2  3.4607158694e+00  0.0000000000e+00  0.0000000000e+00  -7.5582554342e-01  0.0000000000e+00  0.0000000000e+00  -1.5180398478e-01  0.0000000000e+00  0.0000000000e+00
71.40  2  3.4227355296e+00  0.0000000000e+00  0.0000000000e+00  -7.6337416153e-01  0.0000000000e+00  0.0000000000e+00  -1.5013798065e-01  0.0000000000e+00  0.0000000000e+00
71.45  2  3.3843798484e+00  0.0000000000e+00  0.0000000000e+00  -7.7083906707e-01  0.0000000000e+00  0.0000000000e+00  -1.4845551221e-01  0.0000000000e+00  0.0000000000e+00
71.50  2  3.3456530318e+00  0.0000000000e+00  0.0000000000e+00  -7.7821944142e-01  0.0000000000e+00  0.0000000000e+00  -1.4675676394e-01  0.0000000000e+00  0.0000000000e+00
71.55  2  3.3065593266e+00  0.0000000000e+00  0.0000000000e+00  -7.8551447524e-01  0.0000000000e+00  0.0000000000e+00  -1.4504192214e-01  0.0000000000e+00  0.0000000000e+00
71.60  2  3.2671030200e+00  0.0000000000e+00  0.0000000000e+00  -7.9272336855e-01  0.0000000000e+00  0.0000000000e+00  -1.4331117486e-01  0.0000000000e+00  0.0000000000e+00
71.65  2  3.2272884386e+00  0.0000000000e+00  0.0000000000e+00  -7.9984533080e-01  0.0000000000e+00  0.0000000000e+00  -1.4156471190e-01  0.0000000000e+00  0.0000000000e+00
71.70  2  3.1871199487e+00  0.0000000000e+00  0.0000000000e+00  -8.0687958100e-01  0.0000000000e+00  0.0000000000e+00  -1.3980272477e-01  0.0000000000e+00  0.0000000000e+00
71.75  2  3.1466019552e+00  0.0000000000e+00  0.0000000000e+00  -8.1382534776e-01  0.0000000000e+00  0.0000000000e+00  -1.3802540669e-01  0.0000000000e+00  0.0000000000e+00
71.80  2  3.1057389014e+00  0.0000000000e+00  0.0000000000e+00  -8.2068186940e-01  0.0000000000e+00  0.0000000000e+00  -1.3623295258e-01  0.0000000000e+00  0.0000000000e+00
71.85  2  3.0645352683e+00  0.0000000000e+00  0.0000000000e+00  -8.2744839403e-01  0.0000000000e+00  0.0000000000e+00  -1.3442555898e-01  0.0000000000e+00  0.0000000000e+00
71.90  2  3.0229955743e+00  0.0000000000e+00  0.0000000000e+00  -8.3412417961e-01  0.0000000000e+00  0.0000000000e+00  -1.3260342411e-01  0.0000000000e+00  0.0000000000e+00
71.95  2  2.9811243748e+00  0.0000000000e+00  0.0000000000e+00  -8.4070849408e-01  0.0000000000e+00  0.0000000000e+00  -1.3076674778e-01  0.0000000000e+00  0.0000000000e+00
72.00  2  2.9389262615e+00  0.0000000000e+00  0.0000000000e+00  -8.4720061539e-01  0.0000000000e+00  0.0000000000e+00  -1.2891573140e-01  0.0000000000e+00  0.0000000000e+00
72.05  2  2.8964058617e+00  0.0000000000e+00  0.0000000000e+00  -8.5359983160e-01  0.0000000000e+00  0.0000000000e+00  -1.2705057796e-01  0.0000000000e+00  0.0000000000e+00
72.10  2  2.8535678384e+00  0.0000000000e+00  0.0000000000e+00  -8.5990544097e-01  0.0000000000e+00  0.0000000000e+00  -1.2517149199e-01  0.0000000000e+00  0.0000000000e+00
72.15  2  2.8104168893e+00  0.0000000000e+00  0.0000000000e+00  -8.6611675202e-01  0.0000000000e+00  0.0000000000e+00  -1.2327867955e-01  0.0000000000e+00  0.0000000000e+00
72.20  2  2.7669577462e+00  0.0000000000e+00  0.0000000000e+00  -8.7223308361e-01  0.0000000000e+00  0.0000000000e+00  -1.2137234822e-01  0.0000000000e+00  0.0000000000e+00
72.25  2  2.7231951751e+00  0.0000000000e+00  0.0000000000e+00  -8.7825376501e-01  0.0000000000e+00  0.0000000000e+00  -1.1945270704e-01  0.0000000000e+00  0.0000000000e+00
72.30  2  2.6791339749e+00  0.0000000000e+00  0.0000000000e+00  -8.8417813599e-01  0.0000000000e+00  0.0000000000e+00  -1.1751996653e-01  0.0000000000e+00  0.0000000000e+00
72.35  2  2.6347789775e+00  0.0000000000e+00  0.0000000000e+00  -8.9000554688e-01  0.0000000000e+00  0.0000000000e+00  -1.1557433863e-01  0.0000000000e+00  0.0000000000e+00
72.40  2  2.5901350469e+00  0.0000000000e+00  0.0000000000e+00  -8.9573535862e-01  0.0000000000e+00  0.0000000000e+00  -1.1361603670e-01  0.0000000000e+00  0.0000000000e+00
72.45  2  2.5452070788e+00  0.0000000000e+00  0.0000000000e+00  -9.0136694289e-01  0.0000000000e+00  0.0000000000e+00  -1.1164527549e-01  0.0000000000e+00  0.0000000000e+00
72.50  2  2.5000000000e+00  0.0000000000e+00  0.0000000000e+00  -9.0689968212e-01  0.0000000000e+00  0.0000000000e+00  -1.0966227112e-01  0.0000000000e+00  0.0000000000e+00
72.55  2  2.4545187681e+00  0.0000000000e+00  0.0000000000e+00  -9.1233296957e-01  0.0000000000e+00  0.0000000000e+00  -1.0766724105e-01  0.0000000000e+00  0.0000000000e+00
72.60  2  2.4087683705e+00  0.0000000000e+00  0.0000000000e+00  -9.1766620944e-01  0.0000000000e+00  0.0000000000e+00  -1.0566040405e-01  0.0000000000e+00  0.0000000000e+00
72.65  2  2.3627538243e+00  0.0000000000e+00  0.0000000000e+00  -9.2289881686e-01  0.0000000000e+00  0.0000000000e+00  -1.0364198019e-01  0.0000000000e+00  0.0000000000e+00
72.70  2  2.3164801756e+00  0.0000000000e+00  0.0000000000e+00  -9.2803021803e-01  0.0000000000e+00  0.0000000000e+00  -1.0161219083e-01  0.0000000000e+00  0.0000000000e+00
72.75  2  2.2699524987e+00  0.0000000000e+00  0.0000000000e+00  -9.3305985023e-01  0.0000000000e+00  0.0000000000e+00  -9.9571258540e-02  0.0000000000e+00  0.0000000000e+00
72.80  2  2.2231758959e+00  0.0000000000e+00  0.0000000000e+00  -9.3798716190e-01  0.0000000000e+00  0.0000000000e+00  -9.7519407141e-02  0.0000000000e+00  0.0000000000e+00
72.85  2  2.1761554969e+00  0.0000000000e+00  0.0000000000e+00  -9.4281161271e-01  0.0000000000e+00  0.0000000000e+00  -9.5456861641e-02  0.0000000000e+00  0.0000000000e+00
72.90  2  2.1288964578e+00  0.0000000000e+00  0.0000000000e+00  -9.4753267360e-01  0.0000000000e+00  0.0000000000e+00  -9.3383848221e-02  0.0000000000e+00  0.0000000000e+00
72.95  2  2.0814039613e+00  0.0000000000e+00  0.0000000000e+00  -9.5214982685e-01  0.0000000000e+00  0.0000000000e+00  -9.1300594208e-02  0.0000000000e+00  0.0000000000e+00
73.00  2  2.0336832154e+00  0.0000000000e+00  0.0000000000e+00  -9.5666256615e-01  0.0000000000e+00  0.0000000000e+00  -8.9207328057e-02  0.0000000000e+00  0.0000000000e+00
73.05  2  1.9857394532e+00  0.0000000000e+00  0.0000000000e+00  -9.6107039662e-01  0.0000000000e+00  0.0000000000e+00  -8.7104279318e-02  0.0000000000e+00  0.0000000000e+00
73.10  2  1.9375779323e+00  0.0000000000e+00  0.0000000000e+00  -9.6537283488e-01  0.0000000000e+00  0.0000000000e+00  -8.4991678612e-02  0.0000000000e+00  0.0000000000e+00
73.15  2  1.8892039341e+00  0.0000000000e+00  0.0000000000e+00  -9.6956940914e-01  0.0000000000e+00  0.0000000000e+00  -8.2869757611e-02  0.0000000000e+00  0.0000000000e+00
73.20  2  1.8406227634e+00  0.0000000000e+00  0.0000000000e+00  -9.7365965918e-01  0.0000000000e+00  0.0000000000e+00  -8.0738749007e-02  0.0000000000e+00  0.0000000000e+00
73.25  2  1.7918397477e+00  0.0000000000e+00  0.0000000000e+00  -9.7764313647e-01  0.0000000000e+00  0.0000000000e+00  -7.8598886490e-02  0.0000000000e+00  0.0000000000e+00
73.30  2  1.7428602366e+00  0.0000000000e+00  0.0000000000e+00  -9.8151940418e-01  0.0000000000e+00  0.0000000000e+00  -7.6450404719e-02  0.0000000000e+00  0.0000000000e+00
73.35  2  1.6936896012e+00  0.0000000000e+00  0.0000000000e+00  -9.8528803722e-01  0.0000000000e+00  0.0000000000e+00  -7.4293539299e-02  0.0000000000e+00  0.0000000000e+00
73.40  2  1.6443332337e+00  0.0000000000e+00  0.0000000000e+00  -9.8894862232e-01  0.0000000000e+00  0.0000000000e+00  -7.2128526756e-02  0.0000000000e+00  0.0000000000e+00
73.45  2  1.5947965465e+00  0.0000000000e+00  0.0000000000e+00  -9.9250075806e-01  0.0000000000e+00  0.0000000000e+00  -6.9955604507e-02  0.0000000000e+00  0.0000000000e+00
73.50  2  1.5450849719e+00  0.0000000000e+00  0.0000000000e+00  -9.9594405491e-01  0.0000000000e+00  0.0000000000e+00  -6.7775010838e-02  0.0000000000e+00  0.0000000000e+00
73.55  2  1.4952039613e+00  0.0000000000e+00  0.0000000000e+00  -9.9927813528e-01  0.0000000000e+00  0.0000000000e+00  -6.5586984875e-02  0.0000000000e+00  0.0000000000e+00
73.60  2  1.4451589847e+00  0.0000000000e+00  0.0000000000e+00  -1.0025026335e+00  0.0000000000e+00  0.0000000000e+00  -6.3391766560e-02  0.0000000000e+00  0.0000000000e+00
73.65  2  1.3949555302e+00  0.0000000000e+00  0.0000000000e+00  -1.0056171961e+00  0.0000000000e+00  0.0000000000e+00  -6.1189596623e-02  0.0000000000e+00  0.0000000000e+00
73.70  2  1.3445991031e+00  0.0000000000e+00  0.0000000000e+00  -1.0086214814e+00  0.0000000000e+00  0.0000000000e+00  -5.8980716557e-02  0.0000000000e+00  0.0000000000e+00
73.75  2  1.2940952255e+00  0.0000000000e+00  0.0000000000e+00  -1.0115151599e+00  0.0000000000e+00  0.0000000000e+00  -5.6765368592e-02  0.0000000000e+00  0.0000000000e+00
73.80  2  1.2434494358e+00  0.0000000000e+00  0.0000000000e+00  -1.0142979145e+00  0.0000000000e+00  0.0000000000e+00  -5.4543795664e-02  0.0000000000e+00  0.0000000000e+00
73.85  2  1.1926672879e+00  0.0000000000e+00  0.0000000000e+00  -1.0169694398e+00  0.0000000000e+00  0.0000000000e+00  -5.2316241394e-02  0.0000000000e+00  0.0000000000e+00
73.90  2  1.1417543506e+00  0.0000000000e+00  0.0000000000e+00  -1.0195294430e+00  0.0000000000e+00  0.0000000000e+00  -5.0082950059e-02  0.0000000000e+00  0.0000000000e+00
73.95  2  1.0907162070e+00  0.0000000000e+00  0.0000000000e+00  -1.0219776433e+00  0.0000000000e+00  0.0000000000e+00  -4.7844166563e-02  0.0000000000e+00  0.0000000000e+00
74.00  2  1.0395584541e+00  0.0000000000e+00  0.0000000000e+00  -1.0243137722e+00  0.0000000000e+00  0.0000000000e+00  -4.5600136416e-02  0.0000000000e+00  0.0000000000e+00
74.05  2  9.8828670190e-01  0.0000000000e+00  0.0000000000e+00  -1.0265375736e+00  0.0000000000e+00  0.0000000000e+00  -4.3351105700e-02  0.0000000000e+00  0.0000000000e+00
74.10  2  9.3690657293e-01  0.0000000000e+00  0.0000000000e+00  -1.0286488035e+00  0.0000000000e+00  0.0000000000e+00  -4.1097321047e-02  0.0000000000e+00  0.0000000000e+00
74.15  2  8.8542370160e-01  0.0000000000e+00  0.0000000000e+00  -1.0306472306e+00  0.0000000000e+00  0.0000000000e+00  -3.8839029609e-02  0.0000000000e+00  0.0000000000e+00
74.20  2  8.3384373358e-01  0.0000000000e+00  0.0000000000e+00  -1.0325326355e+00  0.0000000000e+00  0.0000000000e+00  -3.6576479035e-02  0.0000000000e+00  0.0000000000e+00
74.25  2  7.8217232520e-01  0.0000000000e+00  0.0000000000e+00  -1.0343048116e+00  0.0000000000e+00  0.0000000000e+00  -3.4309917437e-02  0.0000000000e+00  0.0000000000e+00
74.30  2  7.3041514281e-01  0.0000000000e+00  0.0000000000e+00  -1.0359635645e+00  0.0000000000e+00  0.0000000000e+00  -3.2039593369e-02  0.0000000000e+00  0.0000000000e+00
74.35  2  6.7857786217e-01  0.0000000000e+00  0.0000000000e+00  -1.0375087124e+00  0.0000000000e+00  0.0000000000e+00  -2.9765755800e-02  0.0000000000e+00  0.0000000000e+00
74.40  2  6.2666616782e-01  0.0000000000e+00  0.0000000000e+00  -1.0389400857e+00  0.0000000000e+00  0.0000000000e+00  -2.7488654080e-02  0.0000000000e+00  0.0000000000e+00
74.45  2  5.7468575246e-01  0.0000000000e+00  0.0000000000e+00  -1.0402575276e+00  0.0000000000e+00  0.0000000000e+00  -2.5208537919e-02  0.0000000000e+00  0.0000000000e+00
74.50  2  5.2264231634e-01  0.0000000000e+00  0.0000000000e+00  -1.0414608934e+00  0.0000000000e+00  0.0000000000e+00  -2.2925657358e-02  0.0000000000e+00  0.0000000000e+00
74.55  2  4.7054156659e-01  0.0000000000e+00  0.0000000000e+00  -1.0425500514e+00  0.0000000000e+00  0.0000000000e+00  -2.0640262740e-02  0.0000000000e+00  0.0000000000e+00
74.60  2  4.1838921666e-01  0.0000000000e+00  0.0000000000e+00  -1.0435248820e+00  0.0000000000e+00  0.0000000000e+00  -1.8352604685e-02  0.0000000000e+00  0.0000000000e+00
74.65  2  3.6619098564e-01  0.0000000000e+00  0.0000000000e+00  -1.0443852783e+00  0.0000000000e+00  0.0000000000e+00  -1.6062934060e-02  0.0000000000e+00  0.0000000000e+00
74.70  2  3.1395259765e-01  0.0000000000e+00  0.0000000000e+00  -1.0451311460e+00  0.0000000000e+00  0.0000000000e+00  -1.3771501953e-02  0.0000000000e+00  0.0000000000e+00
74.75  2  2.6167978121e-01  0.0000000000e+00  0.0000000000e+00  -1.0457624033e+00  0.0000000000e+00  0.0000000000e+00  -1.1478559646e-02  0.0000000000e+00  0.0000000000e+00
74.80  2  2.0937826865e-01  0.0000000000e+00  0.0000000000e+00  -1.0462789810e+00  0.0000000000e+00  0.0000000000e+00  -9.1843585854e-03  0.0000000000e+00  0.0000000000e+00
74.85  2  1.5705379539e-01  0.0000000000e+00  0.0000000000e+00  -1.0466808224e+00  0.0000000000e+00  0.0000000000e+00  -6.8891503564e-03  0.0000000000e+00  0.0000000000e+00
74.90  2  1.0471209942e-01  0.0000000000e+00  0.0000000000e+00  -1.0469678835e+00  0.0000000000e+00  0.0000000000e+00  -4.5931866544e-03  0.0000000000e+00  0.0000000000e+00
74.95  2  5.2358920581e-02  0.0000000000e+00  0.0000000000e+00  -1.0471401327e+00  0.0000000000e+00  0.0000000000e+00  -2.2967192578e-03  0.0000000000e+00  0.0000000000e+00
75.00  2  3.0616169979e-15  0.0000000000e+00  0.0000000000e+00  -1.0471975512e+00  0.0000000000e+00  0.0000000000e+00  -1.3429754932e-16  0.0000000000e+00  0.0000000000e+00
75.05  2  -5.2358920581e-02  0.0000000000e+00  0.0000000000e+00  -1.0471401327e+00  0.0000000000e+00  0.0000000000e+00  2.2967192578e-03  0.0000000000e+00  0.0000000000e+00
75.10  2  -1.0471209942e-01  0.0000000000e+00  0.0000000000e+00  -1.0469678835e+00  0.0000000000e+00  0.0000000000e+00  4.5931866544e-03  0.0000000000e+00  0.0000000000e+00
75.15  2  -1.5705379539e-01  0.0000000000e+00  0.0000000000e+00  -1.0466808224e+00  0.0000000000e+00  0.0000000000e+00  6.8891503564e-03  0.0000000000e+00  0.0000000000e+00
75.20  2  -2.0937826865e-01  0.0000000000e+00  0.0000000000e+00  -1.0462789810e+00  0.0000000000e+00  0.0000000000e+00  9.1843585854e-03  0.0000000000e+00  0.0000000000e+00
75.25  2  -2.6167978121e-01  0.0000000000e+00  0.0000000000e+00  -1.0457624033e+00  0.0000000000e+00  0.0000000000e+00  1.1478559646e-02  0.0000000000e+00  0.0000000000e+00
75.30  2  -3.1395259765e-01  0.0000000000e+00  0.0000000000e+00  -1.0451311460e+00  0.0000000000e+00  0.0000000000e+00  1.3771501953e-02  0.0000000000e+00  0.0000000000e+00
75.35  2  -3.6619098564e-01  0.0000000000e+00  0.0000000000e+00  -1.0443852783e+00  0.0000000000e+00  0.0000000000e+00  1.6062934060e-02  0.0000000000e+00  0.0000000000e+00
75.40  2  -4.1838921666e-01  0.0000000000e+00  0.0000000000e+00  -1.0435248820e+00  0.0000000000e+00  0.0000000000e+00  1.8352604685e-02  0.0000000000e+00  0.0000000000e+00
75.45  2  -4.7054156659e-01  0.0000000000e+00  0.0000000000e+00  -1.0425500514e+00  0.0000000000e+00  0.0000000000e+00  2.0640262740e-02  0.0000000000e+00  0.0000000000e+00
75.50  2  -5.2264231634e-01  0.0000000000e+00  0.0000000000e+00  -1.0414608934e+00  0.0000000000e+00  0.0000000000e+00  2.2925657358e-02  0.0000000000e+00  0.0000000000e+00
75.55  2  -5.7468575246e-01  0.0000000000e+00  0.0000000000e+00  -1.0402575276e+00  0.0000000000e+00  0.0000000000e+00  2.5208537919e-02  0.0000000000e+00  0.0000000000e+00
75.60  2  -6.2666616782e-01  0.0000000000e+00  0.0000000000e+00  -1.0389400857e+00  0.0000000000e+00  0.0000000000e+00  2.7488654080e-02  0.0000000000e+00  0.0000000000e+00
75.65  2  -6.7857786217e-01  0.0000000000e+00  0.0000000000e+00  -1.0375087124e+00  0.0000000000e+00  0.0000000000e+00  2.9765755800e-02  0.0000000000e+00  0.0000000000e+00
75.70  2  -7.3041514281e-01  0.0000000000e+00  0.0000000000e+00  -1.0359635645e+00  0.0000000000e+00  0.0000000000e+00  3.2039593369e-02  0.0000000000e+00  0.0000000000e+00
75.75  2  -7.8217232520e-01  0.0000000000e+00  0.0000000000e+00  -1.0343048116e+00  0.0000000000e+00  0.0000000000e+00  3.4309917437e-02  0.0000000000e+00  0.0000000000e+00
75.80  2  -8.3384373358e-01  0.0000000000e+00  0.0000000000e+00  -1.0325326355e+00  0.0000000000e+00  0.0000000000e+00  3.6576479035e-02  0.0000000000e+00  0.0000000000e+00
75.85  2  -8.8542370160e-01  0.0000000000e+00  0.0000000000e+00  -1.0306472306e+00  0.0000000000e+00  0.0000000000e+00  3.8839029609e-02  0.0000000000e+00  0.0000000000e+00
75.90  2  -9.3690657293e-01  0.0000000000e+00  0.0000000000e+00  -1.0286488035e+00  0.0000000000e+00  0.0000000000e+00  4.1097321047e-02  0.0000000000e+00  0.0000000000e+00
75.95  2  -9.8828670190e-01  0.0000000000e+00  0.0000000000e+00  -1.0265375736e+00  0.0000000000e+00  0.0000000000e+00  4.3351105700e-02  0.0000000000e+00  0.0000000000e+00
76.00  2  -1.0395584541e+00  0.0000000000e+00  0.0000000000e+00  -1.0243137722e+00  0.0000000000e+00  0.0000000000e+00  4.5600136416e-02  0.0000000000e+00  0.0000000000e+00
76.05  2  -1.0907162070e+00  0.0000000000e+00  0.0000000000e+00  -1.0219776433e+00  0.0000000000e+00  0.0000000000e+00  4.7844166563e-02  0.0000000000e+00  0.0000000000e+00
76.10  2  -1.1417543506e+00  0.0000000000e+00  0.0000000000e+00  -1.0195294430e+00  0.0000000000e+00  0.0000000000e+00  5.0082950059e-02  0.0000000000e+00  0.0000000000e+00
76.15  2  -1.1926672879e+00  0.0000000000e+00  0.0000000000e+00  -1.0169694398e+00  0.0000000000e+00  0.0000000000e+00  5.2316241394e-02  0.0000000000e+00  0.0000000000e+00
76.20  2  -1.2434494358e+00  0.0000000000e+00  0.0000000000e+00  -1.0142979145e+00  0.0000000000e+00  0.0000000000e+00  5.4543795664e-02  0.0000000000e+00  0.0000000000e+00
76.25  2  -1.2940952255e+00  0.0000000000e+00  0.0000000000e+00  -1.0115151599e+00  0.0000000000e+00  0.0000000000e+00  5.6765368592e-02  0.0000000000e+00  0.0000000000e+00
76.30  2  -1.3445991031e+00  0.0000000000e+00  0.0000000000e+00  -1.0086214814e+00  0.0000000000e+00  0.0000000000e+00  5.8980716557e-02  0.0000000000e+00  0.0000000000e+00
76.35  2  -1.3949555302e+00  0.0000000000e+00  0.0000000000e+00  -1.0056171961e+00  0.0000000000e+00  0.0000000000e+00  6.1189596623e-02  0.0000000000e+00  0.0000000000e+00
76.40  2  -1.4451589847e+00  0.0000000000e+00  0.0000000000e+00  -1.0025026335e+00  0.0000000000e+00  0.0000000000e+00  6.3391766560e-02  0.0000000000e+00  0.0000000000e+00
76.45  2  -1.4952039613e+00  0.0000000000e+00  0.0000000000e+00  -9.9927813528e-01  0.0000000000e+00  0.0000000000e+00  6.5586984875e-02  0.0000000000e+00  0.0000000000e+00
76.50  2  -1.5450849719e+00  0.0000000000e+00  0.0000000000e+00  -9.9594405491e-01  0.0000000000e+00  0.0000000000e+00  6.7775010838e-02  0.0000000000e+00  0.0000000000e+00
76.55  2  -1.5947965465e+00  0.0000000000e+00  0.0000000000e+00  -9.9250075806e-01  0.0000000000e+00  0.0000000000e+00  6.9955604507e-02  0.0000000000e+00  0.0000000000e+00
76.60  2  -1.6443332337e+00  0.0000000000e+00  0.0000000000e+00  -9.8894862232e-01  0.0000000000e+00  0.0000000000e+00  7.2128526756e-02  0.0000000000e+00  0.0000000000e+00
76.65  2  -1.6936896012e+00  0.0000000000e+00  0.0000000000e+00  -9.8528803722e-01  0.0000000000e+00  0.0000000000e+00  7.4293539299e-02  0.0000000000e+00  0.0000000000e+00
76.70  2  -1.7428602366e+00  0.0000000000e+00  0.0000000000e+00  -9.8151940418e-01  0.0000000000e+00  0.0000000000e+00  7.6450404719e-02  0.0000000000e+00  0.0000000000e+00
76.75  2  -1.7918397477e+00  0.0000000000e+00  0.0000000000e+00  -9.7764313647e-01  0.0000000000e+00  0.0000000000e+00  7.8598886490e-02  0.0000000000e+00  0.0000000000e+00
76.80  2  -1.8406227634e+00  0.0000000000e+00  0.0000000000e+00  -9.7365965918e-01  0.0000000000e+00  0.0000000000e+00  8.0738749007e-02  0.0000000000e+00  0.0000000000e+00
76.85  2  -1.8892039341e+00  0.0000000000e+00  0.0000000000e+00  -9.6956940914e-01  0.0000000000e+00  0.0000000000e+00  8.2869757611e-02  0.0000000000e+00  0.0000000000e+00
76.90  2  -1.9375779323e+00  0.0000000000e+00  0.0000000000e+00  -9.6537283488e-01  0.0000000000e+00  0.0000000000e+00  8.4991678612e-02  0.0000000000e+00  0.0000000000e+00
76.95  2  -1.9857394532e+00  0.0000000000e+00  0.0000000000e+00  -9.6107039662e-01  0.0000000000e+00  0.0000000000e+00  8.7104279318e-02  0.0000000000e+00  0.0000000000e+00
77.00  2  -2.0336832154e+00  0.0000000000e+00  0.0000000000e+00  -9.5666256615e-01  0.0000000000e+00  0.0000000000e+00  8.9207328057e-02  0.0000000000e+00  0.0000000000e+00
77.05  2  -2.0814039613e+00  0.0000000000e+00  0.0000000000e+00  -9.5214982685e-01  0.0000000000e+00  0.0000000000e+00  9.1300594208e-02  0.0000000000e+00  0.0000000000e+00
77.10  2  -2.1288964578e+00  0.0000000000e+00  0.0000000000e+00  -9.4753267360e-01  0.0000000000e+00  0.0000000000e+00  9.3383848221e-02  0.0000000000e+00  0.0000000000e+00
77.15  2  -2.1761554969e+00  0.0000000000e+00  0.0000000000e+00  -9.4281161271e-01  0.0000000000e+00  0.0000000000e+00  9.5456861641e-02  0.0000000000e+00  0.0000000000e+00
77.20  2  -2.2231758959e+00  0.0000000000e+00  0.0000000000e+00  -9.3798716190e-01  0.0000000000e+00  0.0000000000e+00  9.7519407141e-02  0.0000000000e+00  0.0000000000e+00
77.25  2  -2.2699524987e+00  0.0000000000e+00  0.0000000000e+00  -9.3305985023e-01  0.0000000000e+00  0.0000000000e+00  9.9571258540e-02  0.0000000000e+00  0.0000000000e+00
77.30  2  -2.3164801756e+00  0.0000000000e+00  0.0000000000e+00  -9.2803021803e-01  0.0000000000e+00  0.0000000000e+00  1.0161219083e-01  0.0000000000e+00  0.0000000000e+00
77.35  2  -2.3627538243e+00  0.0000000000e+00  0.0000000000e+00  -9.2289881686e-01  0.0000000000e+00  0.0000000000e+00  1.0364198019e-01  0.0000000000e+00  0.0000000000e+00
77.40  2  -2.4087683705e+00  0.0000000000e+00  0.0000000000e+00  -9.1766620944e-01  0.0000000000e+00  0.0000000000e+00  1.0566040405e-01  0.0000000000e+00  0.0000000000e+00
77.45  2  -2.4545187681e+00  0.0000000000e+00  0.0000000000e+00  -9.1233296957e-01  0.0000000000e+00  0.0000000000e+00  1.0766724105e-01  0.0000000000e+00  0.0000000000e+00
77.50  2  -2.5000000000e+00  0.0000000000e+00  0.0000000000e+00  -9.0689968212e-01  0.0000000000e+00  0.0000000000e+00  1.0966227112e-01  0.0000000000e+00  0.0000000000e+00
77.55  2  -2.5452070788e+00  0.0000000000e+00  0.0000000000e+00  -9.0136694289e-01  0.0000000000e+00  0.0000000000e+00  1.1164527549e-01  0.0000000000e+00  0.0000000000e+00
77.60  2  -2.5901350469e+00  0.0000000000e+00  0.0000000000e+00  -8.9573535862e-01  0.0000000000e+00  0.0000000000e+00  1.1361603670e-01  0.0000000000e+00  0.0000000000e+00
77.65  2  -2.6347789775e+00  0.0000000000e+00  0.0000000000e+00  -8.9000554688e-01  0.0000000000e+00  0.0000000000e+00  1.1557433863e-01  0.0000000000e+00  0.0000000000e+00
77.70  2  -2.6791339749e+00  0.0000000000e+00  0.0000000000e+00  -8.8417813599e-01  0.0000000000e+00  0.0000000000e+00  1.1751996653e-01  0.0000000000e+00  0.0000000000e+00
77.75  2  -2.7231951751e+00  0.0000000000e+00  0.0000000000e+00  -8.7825376501e-01  0.0000000000e+00  0.0000000000e+00  1.1945270704e-01  0.0000000000e+00  0.0000000000e+00
77.80  2  -2.7669577462e+00  0.0000000000e+00  0.0000000000e+00  -8.7223308361e-01  0.0000000000e+00  0.0000000000e+00  1.2137234822e-01  0.0000000000e+00  0.0000000000e+00
77.85  2  -2.8104168893e+00  0.0000000000e+00  0.0000000000e+00  -8.6611675202e-01  0.0000000000e+00  0.0000000000e+00  1.2327867955e-01  0.0000000000e+00  0.0000000000e+00
77.90  2  -2.8535678384e+00  0.0000000000e+00  0.0000000000e+00  -8.5990544097e-01  0.0000000000e+00  0.0000000000e+00  1.2517149199e-01  0.0000000000e+00  0.0000000000e+00
77.95  2  -2.8964058617e+00  0.0000000000e+00  0.0000000000e+00  -8.5359983160e-01  0.0000000000e+00  0.0000000000e+00  1.2705057796e-01  0.0000000000e+00  0.0000000000e+00
78.00  2  -2.9389262615e+00  0.0000000000e+00  0.0000000000e+00  -8.4720061539e-01  0.0000000000e+00  0.0000000000e+00  1.2891573140e-01  0.0000000000e+00  0.0000000000e+00
78.05  2  -2.9811243748e+00  0.0000000000e+00  0.0000000000e+00  -8.4070849408e-01  0.0000000000e+00  0.0000000000e+00  1.3076674778e-01  0.0000000000e+00  0.0000000000e+00
78.10  2  -3.0229955743e+00  0.0000000000e+00  0.0000000000e+00  -8.3412417961e-01  0.0000000000e+00  0.0000000000e+00  1.3260342411e-01  0.0000000000e+00  0.0000000000e+00
78.15  2  -3.0645352683e+00  0.0000000000e+00  0.0000000000e+00  -8.2744839403e-01  0.0000000000e+00  0.0000000000e+00  1.3442555898e-01  0.0000000000e+00  0.0000000000e+00
78.20  2  -3.1057389014e+00  0.0000000000e+00  0.0000000000e+00  -8.2068186940e-01  0.0000000000e+00  0.0000000000e+00  1.3623295258e-01  0.0000000000e+00  0.0000000000e+00
78.25  2  -3.1466019552e+00  0.0000000000e+00  0.0000000000e+00  -8.1382534776e-01  0.0000000000e+00  0.0000000000e+00  1.3802540669e-01  0.0000000000e+00  0.0000000000e+00
78.30  2  -3.1871199487e+00  0.0000000000e+00  0.0000000000e+00  -8.0687958100e-01  0.0000000000e+00  0.0000000000e+00  1.3980272477e-01  0.0000000000e+00  0.0000000000e+00
78.35  2  -3.2272884386e+00  0.0000000000e+00  0.0000000000e+00  -7.9984533080e-01  0.0000000000e+00  0.0000000000e+00  1.4156471190e-01  0.0000000000e+00  0.0000000000e+00
78.40  2  -3.2671030200e+00  0.0000000000e+00  0.0000000000e+00  -7.9272336855e-01  0.0000000000e+00  0.0000000000e+00  1.4331117486e-01  0.0000000000e+00  0.0000000000e+00
78.45  2  -3.3065593266e+00  0.0000000000e+00  0.0000000000e+00  -7.8551447524e-01  0.0000000000e+00  0.0000000000e+00  1.4504192214e-01  0.0000000000e+00  0.0000000000e+00
78.50  2  -3.3456530318e+00  0.0000000000e+00  0.0000000000e+00  -7.7821944142e-01  0.0000000000e+00  0.0000000000e+00  1.4675676394e-01  0.0000000000e+00  0.0000000000e+00
78.55  2  -3.3843798484e+00  0.0000000000e+00  0.0000000000e+00  -7.7083906707e-01  0.0000000000e+00  0.0000000000e+00  1.4845551221e-01  0.0000000000e+00  0.0000000000e+00
78.60  2  -3.4227355296e+00  0.0000000000e+00  0.0000000000e+00  -7.6337416153e-01  0.0000000000e+00  0.0000000000e+00  1.5013798065e-01  0.0000000000e+00  0.0000000000e+00
78.65  2  -3.4607158694e+00  0.0000000000e+00  0.0000000000e+00  -7.5582554342e-01  0.0000000000e+00  0.0000000000e+00  1.5180398478e-01  0.0000000000e+00  0.0000000000e+00
78.70  2  -3.4983167026e+00  0.0000000000e+00  0.0000000000e+00  -7.4819404051e-01  0.0000000000e+00  0.0000000000e+00  1.5345334188e-01  0.0000000000e+00  0.0000000000e+00
78.75  2  -3.5355339059e+00  0.0000000000e+00  0.0000000000e+00  -7.4048048969e-01  0.0000000000e+00  0.0000000000e+00  1.5508587110e-01  0.0000000000e+00  0.0000000000e+00
78.80  2  -3.5723633982e+00  0.0000000000e+00  0.0000000000e+00  -7.3268573685e-01  0.0000000000e+00  0.0000000000e+00  1.5670139341e-01  0.0000000000e+00  0.0000000000e+00
78.85  2  -3.6088011405e+00  0.0000000000e+00  0.0000000000e+00  -7.2481063675e-01  0.0000000000e+00  0.0000000000e+00  1.5829973164e-01  0.0000000000e+00  0.0000000000e+00
78.90  2  -3.6448431371e+00  0.0000000000e+00  0.0000000000e+00  -7.1685605301e-01  0.0000000000e+00  0.0000000000e+00  1.5988071052e-01  0.0000000000e+00  0.0000000000e+00
78.95  2  -3.6804854356e+00  0.0000000000e+00  0.0000000000e+00  -7.0882285792e-01  0.0000000000e+00  0.0000000000e+00  1.6144415668e-01  0.0000000000e+00  0.0000000000e+00
79.00  2  -3.7157241274e+00  0.0000000000e+00  0.0000000000e+00  -7.0071193241e-01  0.0000000000e+00  0.0000000000e+00  1.6298989867e-01  0.0000000000e+00  0.0000000000e+00
79.05  2  -3.7505553482e+00  0.0000000000e+00  0.0000000000e+00  -6.9252416594e-01  0.0000000000e+00  0.0000000000e+00  1.6451776698e-01  0.0000000000e+00  0.0000000000e+00
79.10  2  -3.7849752783e+00  0.0000000000e+00  0.0000000000e+00  -6.8426045640e-01  0.0000000000e+00  0.0000000000e+00  1.6602759406e-01  0.0000000000e+00  0.0000000000e+00
79.15  2  -3.8189801432e+00  0.0000000000e+00  0.0000000000e+00  -6.7592170999e-01  0.0000000000e+00  0.0000000000e+00  1.6751921435e-01  0.0000000000e+00  0.0000000000e+00
79.20  2  -3.8525662139e+00  0.0000000000e+00  0.0000000000e+00  -6.6750884114e-01  0.0000000000e+00  0.0000000000e+00  1.6899246427e-01  0.0000000000e+00  0.0000000000e+00
79.25  2  -3.8857298073e+00  0.0000000000e+00  0.0000000000e+00  -6.5902277243e-01  0.0000000000e+00  0.0000000000e+00  1.7044718226e-01  0.0000000000e+00  0.0000000000e+00
79.30  2  -3.9184672866e+00  0.0000000000e+00  0.0000000000e+00  -6.5046443444e-01  0.0000000000e+00  0.0000000000e+00  1.7188320879e-01  0.0000000000e+00  0.0000000000e+00
79.35  2  -3.9507750619e+00  0.0000000000e+00  0.0000000000e+00  -6.4183476570e-01  0.0000000000e+00  0.0000000000e+00  1.7330038639e-01  0.0000000000e+00  0.0000000000e+00
79.40  2  -3.9826495901e+00  0.0000000000e+00  0.0000000000e+00  -6.3313471254e-01  0.0000000000e+00  0.0000000000e+00  1.7469855966e-01  0.0000000000e+00  0.0000000000e+00
79.45  2  -4.0140873760e+00  0.0000000000e+00  0.0000000000e+00  -6.2436522903e-01  0.0000000000e+00  0.0000000000e+00  1.7607757525e-01  0.0000000000e+00  0.0000000000e+00
79.50  2  -4.0450849719e+00  0.0000000000e+00  0.0000000000e+00  -6.1552727683e-01  0.0000000000e+00  0.0000000000e+00  1.7743728196e-01  0.0000000000e+00  0.0000000000e+00
79.55  2  -4.0756389786e+00  0.0000000000e+00  0.0000000000e+00  -6.0662182513e-01  0.0000000000e+00  0.0000000000e+00  1.7877753067e-01  0.0000000000e+00  0.0000000000e+00
79.60  2  -4.1057460457e+00  0.0000000000e+00  0.0000000000e+00  -5.9764985051e-01  0.0000000000e+00  0.0000000000e+00  1.8009817441e-01  0.0000000000e+00  0.0000000000e+00
79.65  2  -4.1354028714e+00  0.0000000000e+00  0.0000000000e+00  -5.8861233686e-01  0.0000000000e+00  0.0000000000e+00  1.8139906835e-01  0.0000000000e+00  0.0000000000e+00
79.70  2  -4.1646062036e+00  0.0000000000e+00  0.0000000000e+00  -5.7951027522e-01  0.0000000000e+00  0.0000000000e+00  1.8268006985e-01  0.0000000000e+00  0.0000000000e+00
79.75  2  -4.1933528397e+00  0.0000000000e+00  0.0000000000e+00  -5.7034466375e-01  0.0000000000e+00  0.0000000000e+00  1.8394103841e-01  0.0000000000e+00  0.0000000000e+00
79.80  2  -4.2216396275e+00  0.0000000000e+00  0.0000000000e+00  -5.6111650757e-01  0.0000000000e+00  0.0000000000e+00  1.8518183577e-01  0.0000000000e+00  0.0000000000e+00
79.85  2  -4.2494634649e+00  0.0000000000e+00  0.0000000000e+00  -5.5182681863e-01  0.0000000000e+00  0.0000000000e+00  1.8640232585e-01  0.0000000000e+00  0.0000000000e+00
79.90  2  -4.2768213008e+00  0.0000000000e+00  0.0000000000e+00  -5.4247661567e-01  0.0000000000e+00  0.0000000000e+00  1.8760237481e-01  0.0000000000e+00  0.0000000000e+00
79.95  2  -4.3037101350e+00  0.0000000000e+00  0.0000000000e+00  -5.3306692403e-01  0.0000000000e+00  0.0000000000e+00  1.8878185106e-01  0.0000000000e+00  0.0000000000e+00
80.00  2  -4.3301270189e+00  0.0000000000e+00  0.0000000000e+00  -5.2359877560e-01  0.0000000000e+00  0.0000000000e+00  1.8994062526e-01  0.0000000000e+00  0.0000000000e+00
80.05  2  -4.3560690556e+00  0.0000000000e+00  0.0000000000e+00  -5.1407320866e-01  0.0000000000e+00  0.0000000000e+00  1.9107857032e-01  0.0000000000e+00  0.0000000000e+00
80.10  2  -4.3815334002e+00  0.0000000000e+00  0.0000000000e+00  -5.0449126780e-01  0.0000000000e+00  0.0000000000e+00  1.9219556147e-01  0.0000000000e+00  0.0000000000e+00
80.15  2  -4.4065172603e+00  0.0000000000e+00  0.0000000000e+00  -4.9485400379e-01  0.0000000000e+00  0.0000000000e+00  1.9329147620e-01  0.0000000000e+00  0.0000000000e+00
80.20  2  -4.4310178962e+00  0.0000000000e+00  0.0000000000e+00  -4.8516247346e-01  0.0000000000e+00  0.0000000000e+00  1.9436619435e-01  0.0000000000e+00  0.0000000000e+00
80.25  2  -4.4550326209e+00  0.0000000000e+00  0.0000000000e+00  -4.7541773959e-01  0.0000000000e+00  0.0000000000e+00  1.9541959806e-01  0.0000000000e+00  0.0000000000e+00
80.30  2  -4.4785588012e+00  0.0000000000e+00  0.0000000000e+00  -4.6562087082e-01  0.0000000000e+00  0.0000000000e+00  1.9645157180e-01  0.0000000000e+00  0.0000000000e+00
80.35  2  -4.5015938570e+00  0.0000000000e+00  0.0000000000e+00  -4.5577294147e-01  0.0000000000e+00  0.0000000000e+00  1.9746200241e-01  0.0000000000e+00  0.0000000000e+00
80.40  2  -4.5241352623e+00  0.0000000000e+00  0.0000000000e+00  -4.4587503148e-01  0.0000000000e+00  0.0000000000e+00  1.9845077909e-01  0.0000000000e+00  0.0000000000e+00
80.45  2  -4.5461805452e+00  0.0000000000e+00  0.0000000000e+00  -4.3592822627e-01  0.0000000000e+00  0.0000000000e+00  1.9941779341e-01  0.0000000000e+00  0.0000000000e+00
80.50  2  -4.5677272882e+00  0.0000000000e+00  0.0000000000e+00  -4.2593361661e-01  0.0000000000e+00  0.0000000000e+00  2.0036293932e-01  0.0000000000e+00  0.0000000000e+00
80.55  2  -4.5887731284e+00  0.0000000000e+00  0.0000000000e+00  -4.1589229854e-01  0.0000000000e+00  0.0000000000e+00  2.0128611317e-01  0.0000000000e+00  0.0000000000e+00
80.60  2  -4.6093157579e+00  0.0000000000e+00  0.0000000000e+00  -4.0580537318e-01  0.0000000000e+00  0.0000000000e+00  2.0218721374e-01  0.0000000000e+00  0.0000000000e+00
80.65  2  -4.6293529240e+00  0.0000000000e+00  0.0000000000e+00  -3.9567394670e-01  0.0000000000e+00  0.0000000000e+00  2.0306614219e-01  0.0000000000e+00  0.0000000000e+00
80.70  2  -4.6488824294e+00  0.0000000000e+00  0.0000000000e+00  -3.8549913011e-01  0.0000000000e+00  0.0000000000e+00  2.0392280216e-01  0.0000000000e+00  0.0000000000e+00
80.75  2  -4.6679021325e+00  0.0000000000e+00  0.0000000000e+00  -3.7528203919e-01  0.0000000000e+00  0.0000000000e+00  2.0475709969e-01  0.0000000000e+00  0.0000000000e+00
80.80  2  -4.6864099475e+00  0.0000000000e+00  0.0000000000e+00  -3.6502379437e-01  0.0000000000e+00  0.0000000000e+00  2.0556894330e-01  0.0000000000e+00  0.0000000000e+00
80.85  2  -4.7044038448e+00  0.0000000000e+00  0.0000000000e+00  -3.5472552058e-01  0.0000000000e+00  0.0000000000e+00  2.0635824396e-01  0.0000000000e+00  0.0000000000e+00
80.90  2  -4.7218818512e+00  0.0000000000e+00  0.0000000000e+00  -3.4438834713e-01  0.0000000000e+00  0.0000000000e+00  2.0712491511e-01  0.0000000000e+00  0.0000000000e+00
80.95  2  -4.7388420500e+00  0.0000000000e+00  0.0000000000e+00  -3.3401340763e-01  0.0000000000e+00  0.0000000000e+00  2.0786887268e-01  0.0000000000e+00  0.0000000000e+00
81.00  2  -4.7552825815e+00  0.0000000000e+00  0.0000000000e+00  -3.2360183979e-01  0.0000000000e+00  0.0000000000e+00  2.0859003509e-01  0.0000000000e+00  0.0000000000e+00
81.05  2  -4.7712016426e+00  0.0000000000e+00  0.0000000000e+00  -3.1315478536e-01  0.0000000000e+00  0.0000000000e+00  2.0928832324e-01  0.0000000000e+00  0.0000000000e+00
81.10  2  -4.7865974877e+00  0.0000000000e+00  0.0000000000e+00  -3.0267338998e-01  0.0000000000e+00  0.0000000000e+00  2.0996366058e-01  0.0000000000e+00  0.0000000000e+00
81.15  2  -4.8014684284e+00  0.0000000000e+00  0.0000000000e+00  -2.9215880305e-01  0.0000000000e+00  0.0000000000e+00  2.1061597303e-01  0.0000000000e+00  0.0000000000e+00
81.20  2  -4.8158128340e+00  0.0000000000e+00  0.0000000000e+00  -2.8161217762e-01  0.0000000000e+00  0.0000000000e+00  2.1124518907e-01  0.0000000000e+00  0.0000000000e+00
81.25  2  -4.8296291314e+00  0.0000000000e+00  0.0000000000e+00  -2.7103467023e-01  0.0000000000e+00  0.0000000000e+00  2.1185123969e-01  0.0000000000e+00  0.0000000000e+00
81.30  2  -4.8429158056e+00  0.0000000000e+00  0.0000000000e+00  -2.6042744085e-01  0.0000000000e+00  0.0000000000e+00  2.1243405844e-01  0.0000000000e+00  0.0000000000e+00
81.35  2  -4.8556713995e+00  0.0000000000e+00  0.0000000000e+00  -2.4979165265e-01  0.0000000000e+00  0.0000000000e+00  2.1299358140e-01  0.0000000000e+00  0.0000000000e+00
81.40  2  -4.8678945144e+00  0.0000000000e+00  0.0000000000e+00  -2.3912847199e-01  0.0000000000e+00  0.0000000000e+00  2.1352974721e-01  0.0000000000e+00  0.0000000000e+00
81.45  2  -4.8795838097e+00  0.0000000000e+00  0.0000000000e+00  -2.2843906820e-01  0.0000000000e+00  0.0000000000e+00  2.1404249708e-01  0.0000000000e+00  0.0000000000e+00
81.50  2  -4.8907380037e+00  0.0000000000e+00  0.0000000000e+00  -2.1772461349e-01  0.0000000000e+00  0.0000000000e+00  2.1453177478e-01  0.0000000000e+00  0.0000000000e+00
81.55  2  -4.9013558731e+00  0.0000000000e+00  0.0000000000e+00  -2.0698628282e-01  0.0000000000e+00  0.0000000000e+00  2.1499752665e-01  0.0000000000e+00  0.0000000000e+00
81.60  2  -4.9114362536e+00  0.0000000000e+00  0.0000000000e+00  -1.9622525377e-01  0.0000000000e+00  0.0000000000e+00  2.1543970162e-01  0.0000000000e+00  0.0000000000e+00
81.65  2  -4.9209780398e+00  0.0000000000e+00  0.0000000000e+00  -1.8544270642e-01  0.0000000000e+00  0.0000000000e+00  2.1585825120e-01  0.0000000000e+00  0.0000000000e+00
81.70  2  -4.9299801854e+00  0.0000000000e+00  0.0000000000e+00  -1.7463982318e-01  0.0000000000e+00  0.0000000000e+00  2.1625312949e-01  0.0000000000e+00  0.0000000000e+00
81.75  2  -4.9384417030e+00  0.0000000000e+00  0.0000000000e+00  -1.6381778871e-01  0.0000000000e+00  0.0000000000e+00  2.1662429318e-01  0.0000000000e+00  0.0000000000e+00
81.80  2  -4.9463616648e+00  0.0000000000e+00  0.0000000000e+00  -1.5297778978e-01  0.0000000000e+00  0.0000000000e+00  2.1697170158e-01  0.0000000000e+00  0.0000000000e+00
81.85  2  -4.9537392024e+00  0.0000000000e+00  0.0000000000e+00  -1.4212101511e-01  0.0000000000e+00  0.0000000000e+00  2.1729531659e-01  0.0000000000e+00  0.0000000000e+00
81.90  2  -4.9605735066e+00  0.0000000000e+00  0.0000000000e+00  -1.3124865527e-01  0.0000000000e+00  0.0000000000e+00  2.1759510272e-01  0.0000000000e+00  0.0000000000e+00
81.95  2  -4.9668638280e+00  0.0000000000e+00  0.0000000000e+00  -1.2036190254e-01  0.0000000000e+00  0.0000000000e+00  2.1787102710e-01  0.0000000000e+00  0.0000000000e+00
82.00  2  -4.9726094768e+00  0.0000000000e+00  0.0000000000e+00  -1.0946195076e-01  0.0000000000e+00  0.0000000000e+00  2.1812305946e-01  0.0000000000e+00  0.0000000000e+00
82.05  2  -4.9778098230e+00  0.0000000000e+00  0.0000000000e+00  -9.8549995254e-02  0.0000000000e+00  0.0000000000e+00  2.1835117216e-01  0.0000000000e+00  0.0000000000e+00
82.10  2  -4.9824642962e+00  0.0000000000e+00  0.0000000000e+00  -8.7627232627e-02  0.0000000000e+00  0.0000000000e+00  2.1855534021e-01  0.0000000000e+00  0.0000000000e+00
82.15  2  -4.9865723861e+00  0.0000000000e+00  0.0000000000e+00  -7.6694860686e-02  0.0000000000e+00  0.0000000000e+00  2.1873554119e-01  0.0000000000e+00  0.0000000000e+00
82.20  2  -4.9901336421e+00  0.0000000000e+00  0.0000000000e+00  -6.5754078289e-02  0.0000000000e+00  0.0000000000e+00  2.1889175536e-01  0.0000000000e+00  0.0000000000e+00
82.25  2  -4.9931476738e+00  0.0000000000e+00  0.0000000000e+00  -5.4806085217e-02  0.0000000000e+00  0.0000000000e+00  2.1902396558e-01  0.0000000000e+00  0.0000000000e+00
82.30  2  -4.9956141505e+00  0.0000000000e+00  0.0000000000e+00  -4.3852082040e-02  0.0000000000e+00  0.0000000000e+00  2.1913215736e-01  0.0000000000e+00  0.0000000000e+00
82.35  2  -4.9975328018e+00  0.0000000000e+00  0.0000000000e+00  -3.2893269988e-02  0.0000000000e+00  0.0000000000e+00  2.1921631882e-01  0.0000000000e+00  0.0000000000e+00
82.40  2  -4.9989034174e+00  0.0000000000e+00  0.0000000000e+00  -2.1930850818e-02  0.0000000000e+00  0.0000000000e+00  2.1927644075e-01  0.0000000000e+00  0.0000000000e+00
82.45  2  -4.9997258468e+00  0.0000000000e+00  0.0000000000e+00  -1.0966026683e-02  0.0000000000e+00  0.0000000000e+00  2.1931251654e-01  0.0000000000e+00  0.0000000000e+00
82.50  2  -5.0000000000e+00  0.0000000000e+00  0.0000000000e+00  -2.5655424533e-15  0.0000000000e+00  0.0000000000e+00  2.1932454225e-01  0.0000000000e+00  0.0000000000e+00
82.55  2  -4.9997258468e+00  0.0000000000e+00  0.0000000000e+00  1.0966026683e-02  0.0000000000e+00  0.0000000000e+00  2.1931251654e-01  0.0000000000e+00  0.0000000000e+00
82.60  2  -4.9989034174e+00  0.0000000000e+00  0.0000000000e+00  2.1930850818e-02  0.0000000000e+00  0.0000000000e+00  2.1927644075e-01  0.0000000000e+00  0.0000000000e+00
82.65  2  -4.9975328018e+00  0.0000000000e+00  0.0000000000e+00  3.2893269988e-02  0.0000000000e+00  0.0000000000e+00  2.1921631882e-01  0.0000000000e+00  0.0000000000e+00
82.70  2  -4.9956141505e+00  0.0000000000e+00  0.0000000000e+00  4.3852082040e-02  0.0000000000e+00  0.0000000000e+00  2.1913215736e-01  0.0000000000e+00  0.0000000000e+00
82.75  2  -4.9931476738e+00  0.0000000000e+00  0.0000000000e+00  5.4806085217e-02  0.0000000000e+00  0.0000000000e+00  2.1902396558e-01  0.0000000000e+00  0.0000000000e+00
82.80  2  -4.9901336421e+00  0.0000000000e+00  0.0000000000e+00  6.5754078289e-02  0.0000000000e+00  0.0000000000e+00  2.1889175536e-01  0.0000000000e+00  0.0000000000e+00
82.85  2  -4.9865723861e+00  0.0000000000e+00  0.0000000000e+00  7.6694860686e-02  0.0000000000e+00  0.0000000000e+00  2.1873554119e-01  0.0000000000e+00  0.0000000000e+00
82.90  2  -4.9824642962e+00  0.0000000000e+00  0.0000000000e+00  8.7627232627e-02  0.0000000000e+00  0.0000000000e+00  2.1855534021e-01  0.0000000000e+00  0.0000000000e+00
82.95  2  -4.9778098230e+00  0.0000000000e+00  0.0000000000e+00  9.8549995254e-02  0.0000000000e+00  0.0000000000e+00  2.1835117216e-01  0.0000000000e+00  0.0000000000e+00
83.00  2  -4.9726094768e+00  0.0000000000e+00  0.0000000000e+00  1.0946195076e-01  0.0000000000e+00  0.0000000000e+00  2.1812305946e-01  0.0000000000e+00  0.0000000000e+00
83.05  2  -4.9668638280e+00  0.0000000000e+00  0.0000000000e+00  1.2036190254e-01  0.0000000000e+00  0.0000000000e+00  2.1787102710e-01  0.0000000000e+00  0.0000000000e+00
83.10  2  -4.9605735066e+00  0.0000000000e+00  0.0000000000e+00  1.3124865527e-01  0.0000000000e+00  0.0000000000e+00  2.1759510272e-01  0.0000000000e+00  0.0000000000e+00
83.15  2  -4.9537392024e+00  0.0000000000e+00  0.0000000000e+00  1.4212101511e-01  0.0000000000e+00  0.0000000000e+00  2.1729531659e-01  0.0000000000e+00  0.0000000000e+00
83.20  2  -4.9463616648e+00  0.0000000000e+00  0.0000000000e+00  1.5297778978e-01  0.0000000000e+00  0.0000000000e+00  2.1697170158e-01  0.0000000000e+00  0.0000000000e+00
83.25  2  -4.9384417030e+00  0.0000000000e+00  0.0000000000e+00  1.6381778871e-01  0.0000000000e+00  0.0000000000e+00  2.1662429318e-01  0.0000000000e+00  0.0000000000e+00
83.30  2  -4.9299801854e+00  0.0000000000e+00  0.0000000000e+00  1.7463982318e-01  0.0000000000e+00  0.0000000000e+00  2.1625312949e-01  0.0000000000e+00  0.0000000000e+00
83.35  2  -4.9209780398e+00  0.0000000000e+00  0.0000000000e+00  1.8544270642e-01  0.0000000000e+00  0.0000000000e+00  2.1585825120e-01  0.0000000000e+00  0.0000000000e+00
83.40  2  -4.9114362536e+00  0.0000000000e+00  0.0000000000e+00  1.9622525377e-01  0.0000000000e+00  0.0000000000e+00  2.1543970162e-01  0.0000000000e+00  0.0000000000e+00
83.45  2  -4.9013558731e+00  0.0000000000e+00  0.0000000000e+00  2.0698628282e-01  0.0000000000e+00  0.0000000000e+00  2.1499752665e-01  0.0000000000e+00  0.0000000000e+00
83.50  2  -4.8907380037e+00  0.0000000000e+00  0.0000000000e+00  2.1772461349e-01  0.0000000000e+00  0.0000000000e+00  2.1453177478e-01  0.0000000000e+00  0.0000000000e+00
83.55  2  -4.8795838097e+00  0.0000000000e+00  0.0000000000e+00  2.2843906820e-01  0.0000000000e+00  0.0000000000e+00  2.1404249708e-01  0.0000000000e+00  0.0000000000e+00
83.60  2  -4.8678945144e+00  0.0000000000e+00  0.0000000000e+00  2.3912847199e-01  0.0000000000e+00  0.0000000000e+00  2.1352974721e-01  0.0000000000e+00  0.0000000000e+00
83.65  2  -4.8556713995e+00  0.0000000000e+00  0.0000000000e+00  2.4979165265e-01  0.0000000000e+00  0.0000000000e+00  2.1299358140e-01  0.0000000000e+00  0.0000000000e+00
83.70  2  -4.8429158056e+00  0.0000000000e+00  0.0000000000e+00  2.6042744085e-01  0.0000000000e+00  0.0000000000e+00  2.1243405844e-01  0.0000000000e+00  0.0000000000e+00
83.75  2  -4.8296291314e+00  0.0000000000e+00  0.0000000000e+00  2.7103467023e-01  0.0000000000e+00  0.0000000000e+00  2.1185123969e-01  0.0000000000e+00  0.0000000000e+00
83.80  2  -4.8158128340e+00  0.0000000000e+00  0.0000000000e+00  2.8161217762e-01  0.0000000000e+00  0.0000000000e+00  2.1124518907e-01  0.0000000000e+00  0.0000000000e+00
83.85  2  -4.8014684284e+00  0.0000000000e+00  0.0000000000e+00  2.9215880305e-01  0.0000000000e+00  0.0000000000e+00  2.1061597303e-01  0.0000000000e+00  0.0000000000e+00
83.90  2  -4.7865974877e+00  0.0000000000e+00  0.0000000000e+00  3.0267338998e-01  0.0000000000e+00  0.0000000000e+00  2.0996366058e-01  0.0000000000e+00  0.0000000000e+00
83.95  2  -4.7712016426e+00  0.0000000000e+00  0.0000000000e+00  3.1315478536e-01  0.0000000000e+00  0.0000000000e+00  2.0928832324e-01  0.0000000000e+00  0.0000000000e+00
84.00  2  -4.7552825815e+00  0.0000000000e+00  0.0000000000e+00  3.2360183979e-01  0.0000000000e+00  0.0000000000e+00  2.0859003509e-01  0.0000000000e+00  0.0000000000e+00
84.05  2  -4.7388420500e+00  0.0000000000e+00  0.0000000000e+00  3.3401340763e-01  0.0000000000e+00  0.0000000000e+00  2.0786887268e-01  0.0000000000e+00  0.0000000000e+00
84.10  2  -4.7218818512e+00  0.0000000000e+00  0.0000000000e+00  3.4438834713e-01  0.0000000000e+00  0.0000000000e+00  2.0712491511e-01  0.0000000000e+00  0.0000000000e+00
84.15  2  -4.7044038448e+00  0.0000000000e+00  0.0000000000e+00  3.5472552058e-01  0.0000000000e+00  0.0000000000e+00  2.0635824396e-01  0.0000000000e+00  0.0000000000e+00
84.20  2  -4.6864099475e+00  0.0000000000e+00  0.0000000000e+00  3.6502379437e-01  0.0000000000e+00  0.0000000000e+00  2.0556894330e-01  0.0000000000e+00  0.0000000000e+00
84.25  2  -4.6679021325e+00  0.0000000000e+00  0.0000000000e+00  3.7528203919e-01  0.0000000000e+00  0.0000000000e+00  2.0475709969e-01  0.0000000000e+00  0.0000000000e+00
84.30  2  -4.6488824294e+00  0.0000000000e+00  0.0000000000e+00  3.8549913011e-01  0.0000000000e+00  0.0000000000e+00  2.0392280216e-01  0.0000000000e+00  0.0000000000e+00
84.35  2  -4.6293529240e+00  0.0000000000e+00  0.0000000000e+00  3.9567394670e-01  0.0000000000e+00  0.0000000000e+00  2.0306614219e-01  0.0000000000e+00  0.0000000000e+00
84.40  2  -4.6093157579e+00  0.0000000000e+00  0.0000000000e+00  4.0580537318e-01  0.0000000000e+00  0.0000000000e+00  2.0218721374e-01  0.0000000000e+00  0.0000000000e+00
84.45  2  -4.5887731284e+00  0.0000000000e+00  0.0000000000e+00  4.1589229854e-01  0.0000000000e+00  0.0000000000e+00  2.0128611317e-01  0.0000000000e+00  0.0000000000e+00
84.50  2  -4.5677272882e+00  0.0000000000e+00  0.0000000000e+00  4.2593361661e-01  0.0000000000e+00  0.0000000000e+00  2.0036293932e-01  0.0000000000e+00  0.0000000000e+00
84.55  2  -4.5461805452e+00  0.0000000000e+00  0.0000000000e+00  4.3592822627e-01  0.0000000000e+00  0.0000000000e+00  1.9941779341e-01  0.0000000000e+00  0.0000000000e+00
84.60  2  -4.5241352623e+00  0.0000000000e+00  0.0000000000e+00  4.4587503148e-01  0.0000000000e+00  0.0000000000e+00  1.9845077909e-01  0.0000000000e+00  0.0000000000e+00
84.65  2  -4.5015938570e+00  0.0000000000e+00  0.0000000000e+00  4.5577294147e-01  0.0000000000e+00  0.0000000000e+00  1.9746200241e-01  0.0000000000e+00  0.0000000000e+00
84.70  2  -4.4785588012e+00  0.0000000000e+00  0.0000000000e+00  4.6562087082e-01  0.0000000000e+00  0.0000000000e+00  1.9645157180e-01  0.0000000000e+00  0.0000000000e+00
84.75  2  -4.4550326209e+00  0.0000000000e+00  0.0000000000e+00  4.7541773959e-01  0.0000000000e+00  0.0000000000e+00  1.9541959806e-01  0.0000000000e+00  0.0000000000e+00
84.80  2  -4.4310178962e+00  0.0000000000e+00  0.0000000000e+00  4.8516247346e-01  0.0000000000e+00  0.0000000000e+00  1.9436619435e-01  0.0000000000e+00  0.0000000000e+00
84.85  2  -4.4065172603e+00  0.0000000000e+00  0.0000000000e+00  4.9485400379e-01  0.0000000000e+00  0.0000000000e+00  1.9329147620e-01  0.0000000000e+00  0.0000000000e+00
84.90  2  -4.3815334002e+00  0.0000000000e+00  0.0000000000e+00  5.0449126780e-01  0.0000000000e+00  0.0000000000e+00  1.9219556147e-01  0.0000000000e+00  0.0000000000e+00
84.95  2  -4.3560690556e+00  0.0000000000e+00  0.0000000000e+00  5.1407320866e-01  0.0000000000e+00  0.0000000000e+00  1.9107857032e-01  0.0000000000e+00  0.0000000000e+00
85.00  2  -4.3301270189e+00  0.0000000000e+00  0.0000000000e+00  5.2359877560e-01  0.0000000000e+00  0.0000000000e+00  1.8994062526e-01  0.0000000000e+00  0.0000000000e+00
85.05  2  -4.3037101350e+00  0.0000000000e+00  0.0000000000e+00  5.3306692403e-01  0.0000000000e+00  0.0000000000e+00  1.8878185106e-01  0.0000000000e+00  0.0000000000e+00
85.10  2  -4.2768213008e+00  0.0000000000e+00  0.0000000000e+00  5.4247661567e-01  0.0000000000e+00  0.0000000000e+00  1.8760237481e-01  0.0000000000e+00  0.0000000000e+00
85.15  2  -4.2494634649e+00  0.0000000000e+00  0.0000000000e+00  5.5182681863e-01  0.0000000000e+00  0.0000000000e+00  1.8640232585e-01  0.0000000000e+00  0.0000000000e+00
85.20  2  -4.2216396275e+00  0.0000000000e+00  0.0000000000e+00  5.6111650757e-01  0.0000000000e+00  0.0000000000e+00  1.8518183577e-01  0.0000000000e+00  0.0000000000e+00
85.25  2  -4.1933528397e+00  0.0000000000e+00  0.0000000000e+00  5.7034466375e-01  0.0000000000e+00  0.0000000000e+00  1.8394103841e-01  0.0000000000e+00  0.0000000000e+00
85.30  2  -4.1646062036e+00  0.0000000000e+00  0.0000000000e+00  5.7951027522e-01  0.0000000000e+00  0.0000000000e+00  1.8268006985e-01  0.0000000000e+00  0.0000000000e+00
85.35  2  -4.1354028714e+00  0.0000000000e+00  0.0000000000e+00  5.8861233686e-01  0.0000000000e+00  0.0000000000e+00  1.8139906835e-01  0.0000000000e+00  0.0000000000e+00
85.40  2  -4.1057460457e+00  0.0000000000e+00  0.0000000000e+00  5.9764985051e-01  0.0000000000e+00  0.0000000000e+00  1.8009817441e-01  0.0000000000e+00  0.0000000000e+00
85.45  2  -4.0756389786e+00  0.0000000000e+00  0.0000000000e+00  6.0662182513e-01  0.0000000000e+00  0.0000000000e+00  1.7877753067e-01  0.0000000000e+00  0.0000000000e+00
85.50  2  -4.0450849719e+00  0.0000000000e+00  0.0000000000e+00  6.1552727683e-01  0.0000000000e+00  0.0000000000e+00  1.7743728196e-01  0.0000000000e+00  0.0000000000e+00
85.55  2  -4.0140873760e+00  0.0000000000e+00  0.0000000000e+00  6.2436522903e-01  0.0000000000e+00  0.0000000000e+00  1.7607757525e-01  0.0000000000e+00  0.0000000000e+00
85.60  2  -3.9826495901e+00  0.0000000000e+00  0.0000000000e+00  6.3313471254e-01  0.0000000000e+00  0.0000000000e+00  1.7469855966e-01  0.0000000000e+00  0.0000000000e+00
85.65  2  -3.9507750619e+00  0.0000000000e+00  0.0000000000e+00  6.4183476570e-01  0.0000000000e+00  0.0000000000e+00  1.7330038639e-01  0.0000000000e+00  0.0000000000e+00
85.70  2  -3.9184672866e+00  0.0000000000e+00  0.0000000000e+00  6.5046443444e-01  0.0000000000e+00  0.0000000000e+00  1.7188320879e-01  0.0000000000e+00  0.0000000000e+00
85.75  2  -3.8857298073e+00  0.0000000000e+00  0.0000000000e+00  6.5902277243e-01  0.0000000000e+00  0.0000000000e+00  1.7044718226e-01  0.0000000000e+00  0.0000000000e+00
85.80  2  -3.8525662139e+00  0.0000000000e+00  0.0000000000e+00  6.6750884114e-01  0.0000000000e+00  0.0000000000e+00  1.6899246427e-01  0.0000000000e+00  0.0000000000e+00
85.85  2  -3.8189801432e+00  0.0000000000e+00  0.0000000000e+00  6.7592170999e-01  0.0000000000e+00  0.0000000000e+00  1.6751921435e-01  0.0000000000e+00  0.0000000000e+00
85.90  2  -3.7849752783e+00  0.0000000000e+00  0.0000000000e+00  6.8426045640e-01  0.0000000000e+00  0.0000000000e+00  1.6602759406e-01  0.0000000000e+00  0.0000000000e+00
85.95  2  -3.7505553482e+00  0.0000000000e+00  0.0000000000e+00  6.9252416594e-01  0.0000000000e+00  0.0000000000e+00  1.6451776698e-01  0.0000000000e+00  0.0000000000e+00
86.00  2  -3.7157241274e+00  0.0000000000e+00  0.0000000000e+00  7.0071193241e-01  0.0000000000e+00  0.0000000000e+00  1.6298989867e-01  0.0000000000e+00  0.0000000000e+00
86.05  2  -3.6804854356e+00  0.0000000000e+00  0.0000000000e+00  7.0882285792e-01  0.0000000000e+00  0.0000000000e+00  1.6144415668e-01  0.0000000000e+00  0.0000000000e+00
86.10  2  -3.6448431371e+00  0.0000000000e+00  0.0000000000e+00  7.1685605301e-01  0.0000000000e+00  0.0000000000e+00  1.5988071052e-01  0.0000000000e+00  0.0000000000e+00
86.15  2  -3.6088011405e+00  0.0000000000e+00  0.0000000000e+00  7.2481063675e-01  0.0000000000e+00  0.0000000000e+00  1.5829973164e-01  0.0000000000e+00  0.0000000000e+00
86.20  2  -3.5723633982e+00  0.0000000000e+00  0.0000000000e+00  7.3268573685e-01  0.0000000000e+00  0.0000000000e+00  1.5670139341e-01  0.0000000000e+00  0.0000000000e+00
86.25  2  -3.5355339059e+00  0.0000000000e+00  0.0000000000e+00  7.4048048969e-01  0.0000000000e+00  0.0000000000e+00  1.5508587110e-01  0.0000000000e+00  0.0000000000e+00
86.30  2  -3.4983167026e+00  0.0000000000e+00  0.0000000000e+00  7.4819404051e-01  0.0000000000e+00  0.0000000000e+00  1.5345334188e-01  0.0000000000e+00  0.0000000000e+00
86.35  2  -3.4607158694e+00  0.0000000000e+00  0.0000000000e+00  7.5582554342e-01  0.0000000000e+00  0.0000000000e+00  1.5180398478e-01  0.0000000000e+00  0.0000000000e+00
86.40  2  -3.4227355296e+00  0.0000000000e+00  0.0000000000e+00  7.6337416153e-01  0.0000000000e+00  0.0000000000e+00  1.5013798065e-01  0.0000000000e+00  0.0000000000e+00
86.45  2  -3.3843798484e+00  0.0000000000e+00  0.0000000000e+00  7.7083906707e-01  0.0000000000e+00  0.0000000000e+00  1.4845551221e-01  0.0000000000e+00  0.0000000000e+00
86.50  2  -3.3456530318e+00  0.0000000000e+00  0.0000000000e+00  7.7821944142e-01  0.0000000000e+00  0.0000000000e+00  1.4675676394e-01  0.0000000000e+00  0.0000000000e+00
86.55  2  -3.3065593266e+00  0.0000000000e+00  0.0000000000e+00  7.8551447524e-01  0.0000000000e+00  0.0000000000e+00  1.4504192214e-01  0.0000000000e+00  0.0000000000e+00
86.60  2  -3.2671030200e+00  0.0000000000e+00  0.0000000000e+00  7.9272336855e-01  0.0000000000e+00  0.0000000000e+00  1.4331117486e-01  0.0000000000e+00  0.0000000000e+00
86.65  2  -3.2272884386e+00  0.0000000000e+00  0.0000000000e+00  7.9984533080e-01  0.0000000000e+00  0.0000000000e+00  1.4156471190e-01  0.0000000000e+00  0.0000000000e+00
86.70  2  -3.1871199487e+00  0.0000000000e+00  0.0000000000e+00  8.0687958100e-01  0.0000000000e+00  0.0000000000e+00  1.3980272477e-01  0.0000000000e+00  0.0000000000e+00
86.75  2  -3.1466019552e+00  0.0000000000e+00  0.0000000000e+00  8.1382534776e-01  0.0000000000e+00  0.0000000000e+00  1.3802540669e-01  0.0000000000e+00  0.0000000000e+00
86.80  2  -3.1057389014e+00  0.0000000000e+00  0.0000000000e+00  8.2068186940e-01  0.0000000000e+00  0.0000000000e+00  1.3623295258e-01  0.0000000000e+00  0.0000000000e+00
86.85  2  -3.0645352683e+00  0.0000000000e+00  0.0000000000e+00  8.2744839403e-01  0.0000000000e+00  0.0000000000e+00  1.3442555898e-01  0.0000000000e+00  0.0000000000e+00
86.90  2  -3.0229955743e+00  0.0000000000e+00  0.0000000000e+00  8.3412417961e-01  0.0000000000e+00  0.0000000000e+00  1.3260342411e-01  0.0000000000e+00  0.0000000000e+00
86.95  2  -2.9811243748e+00  0.0000000000e+00  0.0000000000e+00  8.4070849408e-01  0.0000000000e+00  0.0000000000e+00  1.3076674778e-01  0.0000000000e+00  0.0000000000e+00
87.00  2  -2.9389262615e+00  0.0000000000e+00  0.0000000000e+00  8.4720061539e-01  0.0000000000e+00  0.0000000000e+00  1.2891573140e-01  0.0000000000e+00  0.0000000000e+00
87.05  2  -2.8964058617e+00  0.0000000000e+00  0.0000000000e+00  8.5359983160e-01  0.0000000000e+00  0.0000000000e+00  1.2705057796e-01  0.0000000000e+00  0.0000000000e+00
87.10  2  -2.8535678384e+00  0.0000000000e+00  0.0000000000e+00  8.5990544097e-01  0.0000000000e+00  0.0000000000e+00  1.2517149199e-01  0.0000000000e+00  0.0000000000e+00
87.15  2  -2.8104168893e+00  0.0000000000e+00  0.0000000000e+00  8.6611675202e-01  0.0000000000e+00  0.0000000000e+00  1.2327867955e-01  0.0000000000e+00  0.0000000000e+00
87.20  2  -2.7669577462e+00  0.0000000000e+00  0.0000000000e+00  8.7223308361e-01  0.0000000000e+00  0.0000000000e+00  1.2137234822e-01  0.0000000000e+00  0.0000000000e+00
87.25  2  -2.7231951751e+00  0.0000000000e+00  0.0000000000e+00  8.7825376501e-01  0.0000000000e+00  0.0000000000e+00  1.1945270704e-01  0.0000000000e+00  0.0000000000e+00
87.30  2  -2.6791339749e+00  0.0000000000e+00  0.0000000000e+00  8.8417813599e-01  0.0000000000e+00  0.0000000000e+00  1.1751996653e-01  0.0000000000e+00  0.0000000000e+00
87.35  2  -2.6347789775e+00  0.0000000000e+00  0.0000000000e+00  8.9000554688e-01  0.0000000000e+00  0.0000000000e+00  1.1557433863e-01  0.0000000000e+00  0.0000000000e+00
87.40  2  -2.5901350469e+00  0.0000000000e+00  0.0000000000e+00  8.9573535862e-01  0.0000000000e+00  0.0000000000e+00  1.1361603670e-01  0.0000000000e+00  0.0000000000e+00
87.45  2  -2.5452070788e+00  0.0000000000e+00  0.0000000000e+00  9.0136694289e-01  0.0000000000e+00  0.0000000000e+00  1.1164527549e-01  0.0000000000e+00  0.0000000000e+00
87.50  2  -2.5000000000e+00  0.0000000000e+00  0.0000000000e+00  9.0689968212e-01  0.0000000000e+00  0.0000000000e+00  1.0966227112e-01  0.0000000000e+00  0.0000000000e+00
87.55  2  -2.4545187681e+00  0.0000000000e+00  0.0000000000e+00  9.1233296957e-01  0.0000000000e+00  0.0000000000e+00  1.0766724105e-01  0.0000000000e+00  0.0000000000e+00
87.60  2  -2.4087683705e+00  0.0000000000e+00  0.0000000000e+00  9.1766620944e-01  0.0000000000e+00  0.0000000000e+00  1.0566040405e-01  0.0000000000e+00  0.0000000000e+00
87.65  2  -2.3627538243e+00  0.0000000000e+00  0.0000000000e+00  9.2289881686e-01  0.0000000000e+00  0.0000000000e+00  1.0364198019e-01  0.0000000000e+00  0.0000000000e+00
87.70  2  -2.3164801756e+00  0.0000000000e+00  0.0000000000e+00  9.2803021803e-01  0.0000000000e+00  0.0000000000e+00  1.0161219083e-01  0.0000000000e+00  0.0000000000e+00
87.75  2  -2.2699524987e+00  0.0000000000e+00  0.0000000000e+00  9.3305985023e-01  0.0000000000e+00  0.0000000000e+00  9.9571258540e-02  0.0000000000e+00  0.0000000000e+00
87.80  2  -2.2231758959e+00  0.0000000000e+00  0.0000000000e+00  9.3798716190e-01  0.0000000000e+00  0.0000000000e+00  9.7519407141e-02  0.0000000000e+00  0.0000000000e+00
87.85  2  -2.1761554969e+00  0.0000000000e+00  0.0000000000e+00  9.4281161271e-01  0.0000000000e+00  0.0000000000e+00  9.5456861641e-02  0.0000000000e+00  0.0000000000e+00
87.90  2  -2.1288964578e+00  0.0000000000e+00  0.0000000000e+00  9.4753267360e-01  0.0000000000e+00  0.0000000000e+00  9.3383848221e-02  0.0000000000e+00  0.0000000000e+00
87.95  2  -2.0814039613e+00  0.0000000000e+00  0.0000000000e+00  9.5214982685e-01  0.0000000000e+00  0.0000000000e+00  9.1300594208e-02  0.0000000000e+00  0.0000000000e+00
88.00  2  -2.0336832154e+00  0.0000000000e+00  0.0000000000e+00  9.5666256615e-01  0.0000000000e+00  0.0000000000e+00  8.9207328057e-02  0.0000000000e+00  0.0000000000e+00
88.05  2  -1.9857394532e+00  0.0000000000e+00  0.0000000000e+00  9.6107039662e-01  0.0000000000e+00  0.0000000000e+00  8.7104279318e-02  0.0000000000e+00  0.0000000000e+00
88.10  2  -1.9375779323e+00  0.0000000000e+00  0.0000000000e+00  9.6537283488e-01  0.0000000000e+00  0.0000000000e+00  8.4991678612e-02  0.0000000000e+00  0.0000000000e+00
88.15  2  -1.8892039341e+00  0.0000000000e+00  0.0000000000e+00  9.6956940914e-01  0.0000000000e+00  0.0000000000e+00  8.2869757611e-02  0.0000000000e+00  0.0000000000e+00
88.20  2  -1.8406227634e+00  0.0000000000e+00  0.0000000000e+00  9.7365965918e-01  0.0000000000e+00  0.0000000000e+00  8.0738749007e-02  0.0000000000e+00  0.0000000000e+00
88.25  2  -1.7918397477e+00  0.0000000000e+00  0.0000000000e+00  9.7764313647e-01  0.0000000000e+00  0.0000000000e+00  7.8598886490e-02  0.0000000000e+00  0.0000000000e+00
88.30  2  -1.7428602366e+00  0.0000000000e+00  0.0000000000e+00  9.8151940418e-01  0.0000000000e+00  0.0000000000e+00  7.6450404719e-02  0.0000000000e+00  0.0000000000e+00
88.35  2  -1.6936896012e+00  0.0000000000e+00  0.0000000000e+00  9.8528803722e-01  0.0000000000e+00  0.0000000000e+00  7.4293539299e-02  0.0000000000e+00  0.0000000000e+00
88.40  2  -1.6443332337e+00  0.0000000000e+00  0.0000000000e+00  9.8894862232e-01  0.0000000000e+00  0.0000000000e+00  7.2128526756e-02  0.0000000000e+00  0.0000000000e+00
88.45  2  -1.5947965465e+00  0.0000000000e+00  0.0000000000e+00  9.9250075806e-01  0.0000000000e+00  0.0000000000e+00  6.9955604507e-02  0.0000000000e+00  0.0000000000e+00
88.50  2  -1.5450849719e+00  0.0000000000e+00  0.0000000000e+00  9.9594405491e-01  0.0000000000e+00  0.0000000000e+00  6.7775010838e-02  0.0000000000e+00  0.0000000000e+00
88.55  2  -1.4952039613e+00  0.0000000000e+00  0.0000000000e+00  9.9927813528e-01  0.0000000000e+00  0.0000000000e+00  6.5586984875e-02  0.0000000000e+00  0.0000000000e+00
88.60  2  -1.4451589847e+00  0.0000000000e+00  0.0000000000e+00  1.0025026335e+00  0.0000000000e+00  0.0000000000e+00  6.3391766560e-02  0.0000000000e+00  0.0000000000e+00
88.65  2  -1.3949555302e+00  0.0000000000e+00  0.0000000000e+00  1.0056171961e+00  0.0000000000e+00  0.0000000000e+00  6.1189596623e-02  0.0000000000e+00  0.0000000000e+00
88.70  2  -1.3445991031e+00  0.0000000000e+00  0.0000000000e+00  1.0086214814e+00  0.0000000000e+00  0.0000000000e+00  5.8980716557e-02  0.0000000000e+00  0.0000000000e+00
88.75  2  -1.2940952255e+00  0.0000000000e+00  0.0000000000e+00  1.0115151599e+00  0.0000000000e+00  0.0000000000e+00  5.6765368592e-02  0.0000000000e+00  0.0000000000e+00
88.80  2  -1.2434494358e+00  0.0000000000e+00  0.0000000000e+00  1.0142979145e+00  0.0000000000e+00  0.0000000000e+00  5.4543795664e-02  0.0000000000e+00  0.0000000000e+00
88.85  2  -1.1926672879e+00  0.0000000000e+00  0.0000000000e+00  1.0169694398e+00  0.0000000000e+00  0.0000000000e+00  5.2316241394e-02  0.0000000000e+00  0.0000000000e+00
88.90  2  -1.1417543506e+00  0.0000000000e+00  0.0000000000e+00  1.0195294430e+00  0.0000000000e+00  0.0000000000e+00  5.0082950059e-02  0.0000000000e+00  0.0000000000e+00
88.95  2  -1.0907162070e+00  0.0000000000e+00  0.0000000000e+00  1.0219776433e+00  0.0000000000e+00  0.0000000000e+00  4.7844166563e-02  0.0000000000e+00  0.0000000000e+00
89.00  2  -1.0395584541e+00  0.0000000000e+00  0.0000000000e+00  1.0243137722e+00  0.0000000000e+00  0.0000000000e+00  4.5600136416e-02  0.0000000000e+00  0.0000000000e+00
89.05  2  -9.8828670190e-01  0.0000000000e+00  0.0000000000e+00  1.0265375736e+00  0.0000000000e+00  0.0000000000e+00  4.3351105700e-02  0.0000000000e+00  0.0000000000e+00
89.10  2  -9.3690657293e-01  0.0000000000e+00  0.0000000000e+00  1.0286488035e+00  0.0000000000e+00  0.0000000000e+00  4.1097321047e-02  0.0000000000e+00  0.0000000000e+00
89.15  2  -8.8542370160e-01  0.0000000000e+00  0.0000000000e+00  1.0306472306e+00  0.0000000000e+00  0.0000000000e+00  3.8839029609e-02  0.0000000000e+00  0.0000000000e+00
89.20  2  -8.3384373358e-01  0.0000000000e+00  0.0000000000e+00  1.0325326355e+00  0.0000000000e+00  0.0000000000e+00  3.6576479035e-02  0.0000000000e+00  0.0000000000e+00
89.25  2  -7.8217232520e-01  0.0000000000e+00  0.0000000000e+00  1.0343048116e+00  0.0000000000e+00  0.0000000000e+00  3.4309917437e-02  0.0000000000e+00  0.0000000000e+00
89.30  2  -7.3041514281e-01  0.0000000000e+00  0.0000000000e+00  1.0359635645e+00  0.0000000000e+00  0.0000000000e+00  3.2039593369e-02  0.0000000000e+00  0.0000000000e+00
89.35  2  -6.7857786217e-01  0.0000000000e+00  0.0000000000e+00  1.0375087124e+00  0.0000000000e+00  0.0000000000e+00  2.9765755800e-02  0.0000000000e+00  0.0000000000e+00
89.40  2  -6.2666616782e-01  0.0000000000e+00  0.0000000000e+00  1.0389400857e+00  0.0000000000e+00  0.0000000000e+00  2.7488654080e-02  0.0000000000e+00  0.0000000000e+00
89.45  2  -5.7468575246e-01  0.0000000000e+00  0.0000000000e+00  1.0402575276e+00  0.0000000000e+00  0.0000000000e+00  2.5208537919e-02  0.0000000000e+00  0.0000000000e+00
89.50  2  -5.2264231634e-01  0.0000000000e+00  0.0000000000e+00  1.0414608934e+00  0.0000000000e+00  0.0000000000e+00  2.2925657358e-02  0.0000000000e+00  0.0000000000e+00
89.55  2  -4.7054156659e-01  0.0000000000e+00  0.0000000000e+00  1.0425500514e+00  0.0000000000e+00  0.0000000000e+00  2.0640262740e-02  0.0000000000e+00  0.0000000000e+00
89.60  2  -4.1838921666e-01  0.0000000000e+00  0.0000000000e+00  1.0435248820e+00  0.0000000000e+00  0.0000000000e+00  1.8352604685e-02  0.0000000000e+00  0.0000000000e+00
89.65  2  -3.6619098564e-01  0.0000000000e+00  0.0000000000e+00  1.0443852783e+00  0.0000000000e+00  0.0000000000e+00  1.6062934060e-02  0.0000000000e+00  0.0000000000e+00
89.70  2  -3.1395259765e-01  0.0000000000e+00  0.0000000000e+00  1.0451311460e+00  0.0000000000e+00  0.0000000000e+00  1.3771501953e-02  0.0000000000e+00  0.0000000000e+00
89.75  2  -2.6167978121e-01  0.0000000000e+00  0.0000000000e+00  1.0457624033e+00  0.0000000000e+00  0.0000000000e+00  1.1478559646e-02  0.0000000000e+00  0.0000000000e+00
89.80  2  -2.0937826865e-01  0.0000000000e+00  0.0000000000e+00  1.0462789810e+00  0.0000000000e+00  0.0000000000e+00  9.1843585854e-03  0.0000000000e+00  0.0000000000e+00
89.85  2  -1.5705379539e-01  0.0000000000e+00  0.0000000000e+00  1.0466808224e+00  0.0000000000e+00  0.0000000000e+00  6.8891503564e-03  0.0000000000e+00  0.0000000000e+00
89.90  2  -1.0471209942e-01  0.0000000000e+00  0.0000000000e+00  1.0469678835e+00  0.0000000000e+00  0.0000000000e+00  4.5931866544e-03  0.0000000000e+00  0.0000000000e+00
89.95  2  -5.2358920581e-02  0.0000000000e+00  0.0000000000e+00  1.0471401327e+00  0.0000000000e+00  0.0000000000e+00  2.2967192578e-03  0.0000000000e+00  0.0000000000e+00
90.00  2  -3.6739403974e-15  0.0000000000e+00  0.0000000000e+00  1.0471975512e+00  0.0000000000e+00  0.0000000000e+00  1.6115705918e-16  0.0000000000e+00  0.0000000000e+00
90.05  2  5.2358920581e-02  0.0000000000e+00  0.0000000000e+00  1.0471401327e+00  0.0000000000e+00  0.0000000000e+00  -2.2967192578e-03  0.0000000000e+00  0.0000000000e+00
90.10  2  1.0471209942e-01  0.0000000000e+00  0.0000000000e+00  1.0469678835e+00  0.0000000000e+00  0.0000000000e+00  -4.5931866545e-03  0.0000000000e+00  0.0000000000e+00
90.15  2  1.5705379539e-01  0.0000000000e+00  0.0000000000e+00  1.0466808224e+00  0.0000000000e+00  0.0000000000e+00  -6.8891503564e-03  0.0000000000e+00  0.0000000000e+00
90.20  2  2.0937826865e-01  0.0000000000e+00  0.0000000000e+00  1.0462789810e+00  0.0000000000e+00  0.0000000000e+00  -9.1843585854e-03  0.0000000000e+00  0.0000000000e+00
90.25  2  2.6167978121e-01  0.0000000000e+00  0.0000000000e+00  1.0457624033e+00  0.0000000000e+00  0.0000000000e+00  -1.1478559646e-02  0.0000000000e+00  0.0000000000e+00
90.30  2  3.1395259765e-01  0.0000000000e+00  0.0000000000e+00  1.0451311460e+00  0.0000000000e+00  0.0000000000e+00  -1.3771501953e-02  0.0000000000e+00  0.0000000000e+00
90.35  2  3.6619098564e-01  0.0000000000e+00  0.0000000000e+00  1.0443852783e+00  0.0000000000e+00  0.0000000000e+00  -1.6062934060e-02  0.0000000000e+00  0.0000000000e+00
90.40  2  4.1838921666e-01  0.0000000000e+00  0.0000000000e+00  1.0435248820e+00  0.0000000000e+00  0.0000000000e+00  -1.8352604685e-02  0.0000000000e+00  0.0000000000e+00
90.45  2  4.7054156659e-01  0.0000000000e+00  0.0000000000e+00  1.0425500514e+00  0.0000000000e+00  0.0000000000e+00  -2.0640262740e-02  0.0000000000e+00  0.0000000000e+00
90.50  2  5.2264231634e-01  0.0000000000e+00  0.0000000000e+00  1.0414608934e+00  0.0000000000e+00  0.0000000000e+00  -2.2925657358e-02  0.0000000000e+00  0.0000000000e+00
90.55  2  5.7468575246e-01  0.0000000000e+00  0.0000000000e+00  1.0402575276e+00  0.0000000000e+00  0.0000000000e+00  -2.5208537919e-02  0.0000000000e+00  0.0000000000e+00
90.60  2  6.2666616782e-01  0.0000000000e+00  0.0000000000e+00  1.0389400857e+00  0.0000000000e+00  0.0000000000e+00  -2.7488654080e-02  0.0000000000e+00  0.0000000000e+00
90.65  2  6.7857786217e-01  0.0000000000e+00  0.0000000000e+00  1.0375087124e+00  0.0000000000e+00  0.0000000000e+00  -2.9765755800e-02  0.0000000000e+00  0.0000000000e+00
90.70  2  7.3041514281e-01  0.0000000000e+00  0.0000000000e+00  1.0359635645e+00  0.0000000000e+00  0.0000000000e+00  -3.2039593369e-02  0.0000000000e+00  0.0000000000e+00
90.75  2  7.8217232520e-01  0.0000000000e+00  0.0000000000e+00  1.0343048116e+00  0.0000000000e+00  0.0000000000e+00  -3.4309917437e-02  0.0000000000e+00  0.0000000000e+00
90.80  2  8.3384373358e-01  0.0000000000e+00  0.0000000000e+00  1.0325326355e+00  0.0000000000e+00  0.0000000000e+00  -3.6576479035e-02  0.0000000000e+00  0.0000000000e+00
90.85  2  8.8542370160e-01  0.0000000000e+00  0.0000000000e+00  1.0306472306e+00  0.0000000000e+00  0.0000000000e+00  -3.8839029609e-02  0.0000000000e+00  0.0000000000e+00
90.90  2  9.3690657293e-01  0.0000000000e+00  0.0000000000e+00  1.0286488035e+00  0.0000000000e+00  0.0000000000e+00  -4.1097321047e-02  0.0000000000e+00  0.0000000000e+00
90.95  2  9.8828670190e-01  0.0000000000e+00  0.0000000000e+00  1.0265375736e+00  0.0000000000e+00  0.0000000000e+00  -4.3351105700e-02  0.0000000000e+00  0.0000000000e+00
91.00  2  1.0395584541e+00  0.0000000000e+00  0.0000000000e+00  1.0243137722e+00  0.0000000000e+00  0.0000000000e+00  -4.5600136416e-02  0.0000000000e+00  0.0000000000e+00
91.05  2  1.0907162070e+00  0.0000000000e+00  0.0000000000e+00  1.0219776433e+00  0.0000000000e+00  0.0000000000e+00  -4.7844166563e-02  0.0000000000e+00  0.0000000000e+00
91.10  2  1.1417543506e+00  0.0000000000e+00  0.0000000000e+00  1.0195294430e+00  0.0000000000e+00  0.0000000000e+00  -5.0082950059e-02  0.0000000000e+00  0.0000000000e+00
91.15  2  1.1926672879e+00  0.0000000000e+00  0.0000000000e+00  1.0169694398e+00  0.0000000000e+00  0.0000000000e+00  -5.2316241394e-02  0.0000000000e+00  0.0000000000e+00
91.20  2  1.2434494358e+00  0.0000000000e+00  0.0000000000e+00  1.0142979145e+00  0.0000000000e+00  0.0000000000e+00  -5.4543795664e-02  0.0000000000e+00  0.0000000000e+00
91.25  2  1.2940952255e+00  0.0000000000e+00  0.0000000000e+00  1.0115151599e+00  0.0000000000e+00  0.0000000000e+00  -5.6765368592e-02  0.0000000000e+00  0.0000000000e+00
91.30  2  1.3445991031e+00  0.0000000000e+00  0.0000000000e+00  1.0086214814e+00  0.0000000000e+00  0.0000000000e+00  -5.8980716557e-02  0.0000000000e+00  0.0000000000e+00
91.35  2  1.3949555302e+00  0.0000000000e+00  0.0000000000e+00  1.0056171961e+00  0.0000000000e+00  0.0000000000e+00  -6.1189596623e-02  0.0000000000e+00  0.0000000000e+00
91.40  2  1.4451589847e+00  0.0000000000e+00  0.0000000000e+00  1.0025026335e+00  0.0000000000e+00  0.0000000000e+00  -6.3391766560e-02  0.0000000000e+00  0.0000000000e+00
91.45  2  1.4952039613e+00  0.0000000000e+00  0.0000000000e+00  9.9927813528e-01  0.0000000000e+00  0.0000000000e+00  -6.5586984875e-02  0.0000000000e+00  0.0000000000e+00
91.50  2  1.5450849719e+00  0.0000000000e+00  0.0000000000e+00  9.9594405491e-01  0.0000000000e+00  0.0000000000e+00  -6.7775010838e-02  0.0000000000e+00  0.0000000000e+00
91.55  2  1.5947965465e+00  0.0000000000e+00  0.0000000000e+00  9.9250075806e-01  0.0000000000e+00  0.0000000000e+00  -6.9955604507e-02  0.0000000000e+00  0.0000000000e+00
91.60  2  1.6443332337e+00  0.0000000000e+00  0.0000000000e+00  9.8894862232e-01  0.0000000000e+00  0.0000000000e+00  -7.2128526756e-02  0.0000000000e+00  0.0000000000e+00
91.65  2  1.6936896012e+00  0.0000000000e+00  0.0000000000e+00  9.8528803722e-01  0.0000000000e+00  0.0000000000e+00  -7.4293539299e-02  0.0000000000e+00  0.0000000000e+00
91.70  2  1.7428602366e+00  0.0000000000e+00  0.0000000000e+00  9.8151940418e-01  0.0000000000e+00  0.0000000000e+00  -7.6450404719e-02  0.0000000000e+00  0.0000000000e+00
91.75  2  1.7918397477e+00  0.0000000000e+00  0.0000000000e+00  9.7764313647e-01  0.0000000000e+00  0.0000000000e+00  -7.8598886490e-02  0.0000000000e+00  0.0000000000e+00
91.80  2  1.8406227634e+00  0.0000000000e+00  0.0000000000e+00  9.7365965918e-01  0.0000000000e+00  0.0000000000e+00  -8.0738749007e-02  0.0000000000e+00  0.0000000000e+00
91.85  2  1.8892039341e+00  0.0000000000e+00  0.0000000000e+00  9.6956940914e-01  0.0000000000e+00  0.0000000000e+00  -8.2869757611e-02  0.0000000000e+00  0.0000000000e+00
91.90  2  1.9375779323e+00  0.0000000000e+00  0.0000000000e+00  9.6537283488e-01  0.0000000000e+00  0.0000000000e+00  -8.4991678612e-02  0.0000000000e+00  0.0000000000e+00
91.95  2  1.9857394532e+00  0.0000000000e+00  0.0000000000e+00  9.6107039662e-01  0.0000000000e+00  0.0000000000e+00  -8.7104279318e-02  0.0000000000e+00  0.0000000000e+00
92.00  2  2.0336832154e+00  0.0000000000e+00  0.0000000000e+00  9.5666256615e-01  0.0000000000e+00  0.0000000000e+00  -8.9207328057e-02  0.0000000000e+00  0.0000000000e+00
92.05  2  2.0814039613e+00  0.0000000000e+00  0.0000000000e+00  9.5214982685e-01  0.0000000000e+00  0.0000000000e+00  -9.1300594208e-02  0.0000000000e+00  0.0000000000e+00
92.10  2  2.1288964578e+00  0.0000000000e+00  0.0000000000e+00  9.4753267360e-01  0.0000000000e+00  0.0000000000e+00  -9.3383848221e-02  0.0000000000e+00  0.0000000000e+00
92.15  2  2.1761554969e+00  0.0000000000e+00  0.0000000000e+00  9.4281161271e-01  0.0000000000e+00  0.0000000000e+00  -9.5456861641e-02  0.0000000000e+00  0.0000000000e+00
92.20  2  2.2231758959e+00  0.0000000000e+00  0.0000000000e+00  9.3798716190e-01  0.0000000000e+00  0.0000000000e+00  -9.7519407141e-02  0.0000000000e+00  0.0000000000e+00
92.25  2  2.2699524987e+00  0.0000000000e+00  0.0000000000e+00  9.3305985023e-01  0.0000000000e+00  0.0000000000e+00  -9.9571258540e-02  0.0000000000e+00  0.0000000000e+00
92.30  2  2.3164801756e+00  0.0000000000e+00  0.0000000000e+00  9.2803021803e-01  0.0000000000e+00  0.0000000000e+00  -1.0161219083e-01  0.0000000000e+00  0.0000000000e+00
92.35  2  2.3627538243e+00  0.0000000000e+00  0.0000000000e+00  9.2289881686e-01  0.0000000000e+00  0.0000000000e+00  -1.0364198019e-01  0.0000000000e+00  0.0000000000e+00
92.40  2  2.4087683705e+00  0.0000000000e+00  0.0000000000e+00  9.1766620944e-01  0.0000000000e+00  0.0000000000e+00  -1.0566040405e-01  0.0000000000e+00  0.0000000000e+00
92.45  2  2.4545187681e+00  0.0000000000e+00  0.0000000000e+00  9.1233296957e-01  0.0000000000e+00  0.0000000000e+00  -1.0766724105e-01  0.0000000000e+00  0.0000000000e+00
92.50  2  2.5000000000e+00  0.0000000000e+00  0.0000000000e+00  9.0689968212e-01  0.0000000000e+00  0.0000000000e+00  -1.0966227112e-01  0.0000000000e+00  0.0000000000e+00
92.55  2  2.5452070788e+00  0.0000000000e+00  0.0000000000e+00  9.0136694289e-01  0.0000000000e+00  0.0000000000e+00  -1.1164527549e-01  0.0000000000e+00  0.0000000000e+00
92.60  2  2.5901350469e+00  0.0000000000e+00  0.0000000000e+00  8.9573535862e-01  0.0000000000e+00  0.0000000000e+00  -1.1361603670e-01  0.0000000000e+00  0.0000000000e+00
92.65  2  2.6347789775e+00  0.0000000000e+00  0.0000000000e+00  8.9000554688e-01  0.0000000000e+00  0.0000000000e+00  -1.1557433863e-01  0.0000000000e+00  0.0000000000e+00
92.70  2  2.6791339749e+00  0.0000000000e+00  0.0000000000e+00  8.8417813599e-01  0.0000000000e+00  0.0000000000e+00  -1.1751996653e-01  0.0000000000e+00  0.0000000000e+00
92.75  2  2.7231951751e+00  0.0000000000e+00  0.0000000000e+00  8.7825376501e-01  0.0000000000e+00  0.0000000000e+00  -1.1945270704e-01  0.0000000000e+00  0.0000000000e+00
92.80  2  2.7669577462e+00  0.0000000000e+00  0.0000000000e+00  8.7223308361e-01  0.0000000000e+00  0.0000000000e+00  -1.2137234822e-01  0.0000000000e+00  0.0000000000e+00
92.85  2  2.8104168893e+00  0.0000000000e+00  0.0000000000e+00  8.6611675202e-01  0.0000000000e+00  0.0000000000e+00  -1.2327867955e-01  0.0000000000e+00  0.0000000000e+00
92.90  2  2.8535678384e+00  0.0000000000e+00  0.0000000000e+00  8.5990544097e-01  0.0000000000e+00  0.0000000000e+00  -1.2517149199e-01  0.0000000000e+00  0.0000000000e+00
92.95  2  2.8964058617e+00  0.0000000000e+00  0.0000000000e+00  8.5359983160e-01  0.0000000000e+00  0.0000000000e+00  -1.2705057796e-01  0.0000000000e+00  0.0000000000e+00
93.00  2  2.9389262615e+00  0.0000000000e+00  0.0000000000e+00  8.4720061539e-01  0.0000000000e+00  0.0000000000e+00  -1.2891573140e-01  0.0000000000e+00  0.0000000000e+00
93.05  2  2.9811243748e+00  0.0000000000e+00  0.0000000000e+00  8.4070849408e-01  0.0000000000e+00  0.0000000000e+00  -1.3076674778e-01  0.0000000000e+00  0.0000000000e+00
93.10  2  3.0229955743e+00  0.0000000000e+00  0.0000000000e+00  8.3412417961e-01  0.0000000000e+00  0.0000000000e+00  -1.3260342411e-01  0.0000000000e+00  0.0000000000e+00
93.15  2  3.0645352683e+00  0.0000000000e+00  0.0000000000e+00  8.2744839403e-01  0.0000000000e+00  0.0000000000e+00  -1.3442555898e-01  0.0000000000e+00  0.0000000000e+00
93.20  2  3.1057389014e+00  0.0000000000e+00  0.0000000000e+00  8.2068186940e-01  0.0000000000e+00  0.0000000000e+00  -1.3623295258e-01  0.0000000000e+00  0.0000000000e+00
93.25  2  3.1466019552e+00  0.0000000000e+00  0.0000000000e+00  8.1382534776e-01  0.0000000000e+00  0.0000000000e+00  -1.3802540669e-01  0.0000000000e+00  0.0000000000e+00
93.30  2  3.1871199487e+00  0.0000000000e+00  0.0000000000e+00  8.0687958100e-01  0.0000000000e+00  0.0000000000e+00  -1.3980272477e-01  0.0000000000e+00  0.0000000000e+00
93.35  2  3.2272884386e+00  0.0000000000e+00  0.0000000000e+00  7.9984533080e-01  0.0000000000e+00  0.0000000000e+00  -1.4156471190e-01  0.0000000000e+00  0.0000000000e+00
93.40  2  3.2671030200e+00  0.0000000000e+00  0.0000000000e+00  7.9272336855e-01  0.0000000000e+00  0.0000000000e+00  -1.4331117486e-01  0.0000000000e+00  0.0000000000e+00
93.45  2  3.3065593266e+00  0.0000000000e+00  0.0000000000e+00  7.8551447524e-01  0.0000000000e+00  0.0000000000e+00  -1.4504192214e-01  0.0000000000e+00  0.0000000000e+00
93.50  2  3.3456530318e+00  0.0000000000e+00  0.0000000000e+00  7.7821944142e-01  0.0000000000e+00  0.0000000000e+00  -1.4675676394e-01  0.0000000000e+00  0.0000000000e+00
93.55  2  3.3843798484e+00  0.0000000000e+00  0.0000000000e+00  7.7083906707e-01  0.0000000000e+00  0.0000000000e+00  -1.4845551221e-01  0.0000000000e+00  0.0000000000e+00
93.60  2  3.4227355296e+00  0.0000000000e+00  0.0000000000e+00  7.6337416153e-01  0.0000000000e+00  0.0000000000e+00  -1.5013798065e-01  0.0000000000e+00  0.0000000000e+00
93.65  2  3.4607158694e+00  0.0000000000e+00  0.0000000000e+00  7.5582554342e-01  0.0000000000e+00  0.0000000000e+00  -1.5180398478e-01  0.0000000000e+00  0.0000000000e+00
93.70  2  3.4983167026e+00  0.0000000000e+00  0.0000000000e+00  7.4819404051e-01  0.0000000000e+00  0.0000000000e+00  -1.5345334188e-01  0.0000000000e+00  0.0000000000e+00
93.75  2  3.5355339059e+00  0.0000000000e+00  0.0000000000e+00  7.4048048969e-01  0.0000000000e+00  0.0000000000e+00  -1.5508587110e-01  0.0000000000e+00  0.0000000000e+00
93.80  2  3.5723633982e+00  0.0000000000e+00  0.0000000000e+00  7.3268573685e-01  0.0000000000e+00  0.0000000000e+00  -1.5670139341e-01  0.0000000000e+00  0.0000000000e+00
93.85  2  3.6088011405e+00  0.0000000000e+00  0.0000000000e+00  7.2481063675e-01  0.0000000000e+00  0.0000000000e+00  -1.5829973164e-01  0.0000000000e+00  0.0000000000e+00
93.90  2  3.6448431371e+00  0.0000000000e+00  0.0000000000e+00  7.1685605301e-01  0.0000000000e+00  0.0000000000e+00  -1.5988071052e-01  0.0000000000e+00  0.0000000000e+00
93.95  2  3.6804854356e+00  0.0000000000e+00  0.0000000000e+00  7.0882285792e-01  0.0000000000e+00  0.0000000000e+00  -1.6144415668e-01  0.0000000000e+00  0.0000000000e+00
94.00  2  3.7157241274e+00  0.0000000000e+00  0.0000000000e+00  7.0071193241e-01  0.0000000000e+00  0.0000000000e+00  -1.6298989867e-01  0.0000000000e+00  0.0000000000e+00
94.05  2  3.7505553482e+00  0.0000000000e+00  0.0000000000e+00  6.9252416594e-01  0.0000000000e+00  0.0000000000e+00  -1.6451776698e-01  0.0000000000e+00  0.0000000000e+00
94.10  2  3.7849752783e+00  0.0000000000e+00  0.0000000000e+00  6.8426045640e-01  0.0000000000e+00  0.0000000000e+00  -1.6602759406e-01  0.0000000000e+00  0.0000000000e+00
94.15  2  3.8189801432e+00  0.0000000000e+00  0.0000000000e+00  6.7592170999e-01  0.0000000000e+00  0.0000000000e+00  -1.6751921435e-01  0.0000000000e+00  0.0000000000e+00
94.20  2  3.8525662139e+00  0.0000000000e+00  0.0000000000e+00  6.6750884114e-01  0.0000000000e+00  0.0000000000e+00  -1.6899246427e-01  0.0000000000e+00  0.0000000000e+00
94.25  2  3.8857298073e+00  0.0000000000e+00  0.0000000000e+00  6.5902277243e-01  0.0000000000e+00  0.0000000000e+00  -1.7044718226e-01  0.0000000000e+00  0.0000000000e+00
94.30  2  3.9184672866e+00  0.0000000000e+00  0.0000000000e+00  6.5046443444e-01  0.0000000000e+00  0.0000000000e+00  -1.7188320879e-01  0.0000000000e+00  0.0000000000e+00
94.35  2  3.9507750619e+00  0.0000000000e+00  0.0000000000e+00  6.4183476570e-01  0.0000000000e+00  0.0000000000e+00  -1.7330038639e-01  0.0000000000e+00  0.0000000000e+00
94.40  2  3.9826495901e+00  0.0000000000e+00  0.0000000000e+00  6.3313471254e-01  0.0000000000e+00  0.0000000000e+00  -1.7469855966e-01  0.0000000000e+00  0.0000000000e+00
94.45  2  4.0140873760e+00  0.0000000000e+00  0.0000000000e+00  6.2436522903e-01  0.0000000000e+00  0.0000000000e+00  -1.7607757525e-01  0.0000000000e+00  0.0000000000e+00
94.50  2  4.0450849719e+00  0.0000000000e+00  0.0000000000e+00  6.1552727683e-01  0.0000000000e+00  0.0000000000e+00  -1.7743728196e-01  0.0000000000e+00  0.0000000000e+00
94.55  2  4.0756389786e+00  0.0000000000e+00  0.0000000000e+00  6.0662182513e-01  0.0000000000e+00  0.0000000000e+00  -1.7877753067e-01  0.0000000000e+00  0.0000000000e+00
94.60  2  4.1057460457e+00  0.0000000000e+00  0.0000000000e+00  5.9764985051e-01  0.0000000000e+00  0.0000000000e+00  -1.8009817441e-01  0.0000000000e+00  0.0000000000e+00
94.65  2  4.1354028714e+00  0.0000000000e+00  0.0000000000e+00  5.8861233686e-01  0.0000000000e+00  0.0000000000e+00  -1.8139906835e-01  0.0000000000e+00  0.0000000000e+00
94.70  2  4.1646062036e+00  0.0000000000e+00  0.0000000000e+00  5.7951027522e-01  0.0000000000e+00  0.0000000000e+00  -1.8268006985e-01  0.0000000000e+00  0.0000000000e+00
94.75  2  4.1933528397e+00  0.0000000000e+00  0.0000000000e+00  5.7034466375e-01  0.0000000000e+00  0.0000000000e+00  -1.8394103841e-01  0.0000000000e+00  0.0000000000e+00
94.80  2  4.2216396275e+00  0.0000000000e+00  0.0000000000e+00  5.6111650757e-01  0.0000000000e+00  0.0000000000e+00  -1.8518183577e-01  0.0000000000e+00  0.0000000000e+00
94.85  2  4.2494634649e+00  0.0000000000e+00  0.0000000000e+00  5.5182681863e-01  0.0000000000e+00  0.0000000000e+00  -1.8640232585e-01  0.0000000000e+00  0.0000000000e+00
94.90  2  4.2768213008e+00  0.0000000000e+00  0.0000000000e+00  5.4247661567e-01  0.0000000000e+00  0.0000000000e+00  -1.8760237481e-01  0.0000000000e+00  0.0000000000e+00
94.95  2  4.3037101350e+00  0.0000000000e+00  0.0000000000e+00  5.3306692403e-01  0.0000000000e+00  0.0000000000e+00  -1.8878185106e-01  0.0000000000e+00  0.0000000000e+00
95.00  2  4.3301270189e+00  0.0000000000e+00  0.0000000000e+00  5.2359877560e-01  0.0000000000e+00  0.0000000000e+00  -1.8994062526e-01  0.0000000000e+00  0.0000000000e+00
95.05  2  4.3560690556e+00  0.0000000000e+00  0.0000000000e+00  5.1407320866e-01  0.0000000000e+00  0.0000000000e+00  -1.9107857032e-01  0.0000000000e+00  0.0000000000e+00
95.10  2  4.3815334002e+00  0.0000000000e+00  0.0000000000e+00  5.0449126780e-01  0.0000000000e+00  0.0000000000e+00  -1.9219556147e-01  0.0000000000e+00  0.0000000000e+00
95.15  2  4.4065172603e+00  0.0000000000e+00  0.0000000000e+00  4.9485400379e-01  0.0000000000e+00  0.0000000000e+00  -1.9329147620e-01  0.0000000000e+00  0.0000000000e+00
95.20  2  4.4310178962e+00  0.0000000000e+00  0.0000000000e+00  4.8516247346e-01  0.0000000000e+00  0.0000000000e+00  -1.9436619435e-01  0.0000000000e+00  0.0000000000e+00
95.25  2  4.4550326209e+00  0.0000000000e+00  0.0000000000e+00  4.7541773959e-01  0.0000000000e+00  0.0000000000e+00  -1.9541959806e-01  0.0000000000e+00  0.0000000000e+00
95.30  2  4.4785588012e+00  0.0000000000e+00  0.0000000000e+00  4.6562087082e-01  0.0000000000e+00  0.0000000000e+00  -1.9645157180e-01  0.0000000000e+00  0.0000000000e+00
95.35  2  4.5015938570e+00  0.0000000000e+00  0.0000000000e+00  4.5577294147e-01  0.0000000000e+00  0.0000000000e+00  -1.9746200241e-01  0.0000000000e+00  0.0000000000e+00
95.40  2  4.5241352623e+00  0.0000000000e+00  0.0000000000e+00  4.4587503148e-01  0.0000000000e+00  0.0000000000e+00  -1.9845077909e-01  0.0000000000e+00  0.0000000000e+00
95.45  2  4.5461805452e+00  0.0000000000e+00  0.0000000000e+00  4.3592822627e-01  0.0000000000e+00  0.0000000000e+00  -1.9941779341e-01  0.0000000000e+00  0.0000000000e+00
95.50  2  4.5677272882e+00  0.0000000000e+00  0.0000000000e+00  4.2593361661e-01  0.0000000000e+00  0.0000000000e+00  -2.0036293932e-01  0.0000000000e+00  0.0000000000e+00
95.55  2  4.5887731284e+00  0.0000000000e+00  0.0000000000e+00  4.1589229854e-01  0.0000000000e+00  0.0000000000e+00  -2.0128611317e-01  0.0000000000e+00  0.0000000000e+00
95.60  2  4.6093157579e+00  0.0000000000e+00  0.0000000000e+00  4.0580537318e-01  0.0000000000e+00  0.0000000000e+00  -2.0218721374e-01  0.0000000000e+00  0.0000000000e+00
95.65  2  4.6293529240e+00  0.0000000000e+00  0.0000000000e+00  3.9567394670e-01  0.0000000000e+00  0.0000000000e+00  -2.0306614219e-01  0.0000000000e+00  0.0000000000e+00
95.70  2  4.6488824294e+00  0.0000000000e+00  0.0000000000e+00  3.8549913011e-01  0.0000000000e+00  0.0000000000e+00  -2.0392280216e-01  0.0000000000e+00  0.0000000000e+00
95.75  2  4.6679021325e+00  0.0000000000e+00  0.0000000000e+00  3.7528203919e-01  0.0000000000e+00  0.0000000000e+00  -2.0475709969e-01  0.0000000000e+00  0.0000000000e+00
95.80  2  4.6864099475e+00  0.0000000000e+00  0.0000000000e+00  3.6502379437e-01  0.0000000000e+00  0.0000000000e+00  -2.0556894330e-01  0.0000000000e+00  0.0000000000e+00
95.85  2  4.7044038448e+00  0.0000000000e+00  0.0000000000e+00  3.5472552058e-01  0.0000000000e+00  0.0000000000e+00  -2.0635824396e-01  0.0000000000e+00  0.0000000000e+00
95.90  2  4.7218818512e+00  0.0000000000e+00  0.0000000000e+00  3.4438834713e-01  0.0000000000e+00  0.0000000000e+00  -2.0712491511e-01  0.0000000000e+00  0.0000000000e+00
95.95  2  4.7388420500e+00  0.0000000000e+00  0.0000000000e+00  3.3401340763e-01  0.0000000000e+00  0.0000000000e+00  -2.0786887268e-01  0.0000000000e+00  0.0000000000e+00
96.00  2  4.7552825815e+00  0.0000000000e+00  0.0000000000e+00  3.2360183979e-01  0.0000000000e+00  0.0000000000e+00  -2.0859003509e-01  0.0000000000e+00  0.0000000000e+00
96.05  2  4.7712016426e+00  0.0000000000e+00  0.0000000000e+00  3.1315478536e-01  0.0000000000e+00  0.0000000000e+00  -2.0928832324e-01  0.0000000000e+00  0.0000000000e+00
96.10  2  4.7865974877e+00  0.0000000000e+00  0.0000000000e+00  3.0267338998e-01  0.0000000000e+00  0.0000000000e+00  -2.0996366058e-01  0.0000000000e+00  0.0000000000e+00
96.15  2  4.8014684284e+00  0.0000000000e+00  0.0000000000e+00  2.9215880305e-01  0.0000000000e+00  0.0000000000e+00  -2.1061597303e-01  0.0000000000e+00  0.0000000000e+00
96.20  2  4.8158128340e+00  0.0000000000e+00  0.0000000000e+00  2.8161217762e-01  0.0000000000e+00  0.0000000000e+00  -2.1124518907e-01  0.0000000000e+00  0.0000000000e+00
96.25  2  4.8296291314e+00  0.0000000000e+00  0.0000000000e+00  2.7103467023e-01  0.0000000000e+00  0.0000000000e+00  -2.1185123969e-01  0.0000000000e+00  0.0000000000e+00
96.30  2  4.8429158056e+00  0.0000000000e+00  0.0000000000e+00  2.6042744085e-01  0.0000000000e+00  0.0000000000e+00  -2.1243405844e-01  0.0000000000e+00  0.0000000000e+00
96.35  2  4.8556713995e+00  0.0000000000e+00  0.0000000000e+00  2.4979165265e-01  0.0000000000e+00  0.0000000000e+00  -2.1299358140e-01  0.0000000000e+00  0.0000000000e+00
96.40  2  4.8678945144e+00  0.0000000000e+00  0.0000000000e+00  2.3912847199e-01  0.0000000000e+00  0.0000000000e+00  -2.1352974721e-01  0.0000000000e+00  0.0000000000e+00
96.45  2  4.8795838097e+00  0.0000000000e+00  0.0000000000e+00  2.2843906820e-01  0.0000000000e+00  0.0000000000e+00  -2.1404249708e-01  0.0000000000e+00  0.0000000000e+00
96.50  2  4.8907380037e+00  0.0000000000e+00  0.0000000000e+00  2.1772461349e-01  0.0000000000e+00  0.0000000000e+00  -2.1453177478e-01  0.0000000000e+00  0.0000000000e+00
96.55  2  4.9013558731e+00  0.0000000000e+00  0.0000000000e+00  2.0698628282e-01  0.0000000000e+00  0.0000000000e+00  -2.1499752665e-01  0.0000000000e+00  0.0000000000e+00
96.60  2  4.9114362536e+00  0.0000000000e+00  0.0000000000e+00  1.9622525377e-01  0.0000000000e+00  0.0000000000e+00  -2.1543970162e-01  0.0000000000e+00  0.0000000000e+00
96.65  2  4.9209780398e+00  0.0000000000e+00  0.0000000000e+00  1.8544270642e-01  0.0000000000e+00  0.0000000000e+00  -2.1585825120e-01  0.0000000000e+00  0.0000000000e+00
96.70  2  4.9299801854e+00  0.0000000000e+00  0.0000000000e+00  1.7463982318e-01  0.0000000000e+00  0.0000000000e+00  -2.1625312949e-01  0.0000000000e+00  0.0000000000e+00
96.75  2  4.9384417030e+00  0.0000000000e+00  0.0000000000e+00  1.6381778871e-01  0.0000000000e+00  0.0000000000e+00  -2.1662429318e-01  0.0000000000e+00  0.0000000000e+00
96.80  2  4.9463616648e+00  0.0000000000e+00  0.0000000000e+00  1.5297778978e-01  0.0000000000e+00  0.0000000000e+00  -2.1697170158e-01  0.0000000000e+00  0.0000000000e+00
96.85  2  4.9537392024e+00  0.0000000000e+00  0.0000000000e+00  1.4212101511e-01  0.0000000000e+00  0.0000000000e+00  -2.1729531659e-01  0.0000000000e+00  0.0000000000e+00
96.90  2  4.9605735066e+00  0.0000000000e+00  0.0000000000e+00  1.3124865527e-01  0.0000000000e+00  0.0000000000e+00  -2.1759510272e-01  0.0000000000e+00  0.0000000000e+00
96.95  2  4.9668638280e+00  0.0000000000e+00  0.0000000000e+00  1.2036190254e-01  0.0000000000e+00  0.0000000000e+00  -2.1787102710e-01  0.0000000000e+00  0.0000000000e+00
97.00  2  4.9726094768e+00  0.0000000000e+00  0.0000000000e+00  1.0946195076e-01  0.0000000000e+00  0.0000000000e+00  -2.1812305946e-01  0.0000000000e+00  0.0000000000e+00
97.05  2  4.9778098230e+00  0.0000000000e+00  0.0000000000e+00  9.8549995254e-02  0.0000000000e+00  0.0000000000e+00  -2.1835117216e-01  0.0000000000e+00  0.0000000000e+00
97.10  2  4.9824642962e+00  0.0000000000e+00  0.0000000000e+00  8.7627232627e-02  0.0000000000e+00  0.0000000000e+00  -2.1855534021e-01  0.0000000000e+00  0.0000000000e+00
97.15  2  4.9865723861e+00  0.0000000000e+00  0.0000000000e+00  7.6694860686e-02  0.0000000000e+00  0.0000000000e+00  -2.1873554119e-01  0.0000000000e+00  0.0000000000e+00
97.20  2  4.9901336421e+00  0.0000000000e+00  0.0000000000e+00  6.5754078289e-02  0.0000000000e+00  0.0000000000e+00  -2.1889175536e-01  0.0000000000e+00  0.0000000000e+00
97.25  2  4.9931476738e+00  0.0000000000e+00  0.0000000000e+00  5.4806085217e-02  0.0000000000e+00  0.0000000000e+00  -2.1902396558e-01  0.0000000000e+00  0.0000000000e+00
97.30  2  4.9956141505e+00  0.0000000000e+00  0.0000000000e+00  4.3852082040e-02  0.0000000000e+00  0.0000000000e+00  -2.1913215736e-01  0.0000000000e+00  0.0000000000e+00
97.35  2  4.9975328018e+00  0.0000000000e+00  0.0000000000e+00  3.2893269988e-02  0.0000000000e+00  0.0000000000e+00  -2.1921631882e-01  0.0000000000e+00  0.0000000000e+00
97.40  2  4.9989034174e+00  0.0000000000e+00  0.0000000000e+00  2.1930850818e-02  0.0000000000e+00  0.0000000000e+00  -2.1927644075e-01  0.0000000000e+00  0.0000000000e+00
97.45  2  4.9997258468e+00  0.0000000000e+00  0.0000000000e+00  1.0966026683e-02  0.0000000000e+00  0.0000000000e+00  -2.1931251654e-01  0.0000000000e+00  0.0000000000e+00
97.50  2  5.0000000000e+00  0.0000000000e+00  0.0000000000e+00  2.6937871662e-15  0.0000000000e+00  0.0000000000e+00  -2.1932454225e-01  0.0000000000e+00  0.0000000000e+00
97.55  2  4.9997258468e+00  0.0000000000e+00  0.0000000000e+00  -1.0966026683e-02  0.0000000000e+00  0.0000000000e+00  -2.1931251654e-01  0.0000000000e+00  0.0000000000e+00
97.60  2  4.9989034174e+00  0.0000000000e+00  0.0000000000e+00  -2.1930850818e-02  0.0000000000e+00  0.0000000000e+00  -2.1927644075e-01  0.0000000000e+00  0.0000000000e+00
97.65  2  4.9975328018e+00  0.0000000000e+00  0.0000000000e+00  -3.2893269988e-02  0.0000000000e+00  0.0000000000e+00  -2.1921631882e-01  0.0000000000e+00  0.0000000000e+00
97.70  2  4.9956141505e+00  0.0000000000e+00  0.0000000000e+00  -4.3852082040e-02  0.0000000000e+00  0.0000000000e+00  -2.1913215736e-01  0.0000000000e+00  0.0000000000e+00
97.75  2  4.9931476738e+00  0.0000000000e+00  0.0000000000e+00  -5.4806085217e-02  0.0000000000e+00  0.0000000000e+00  -2.1902396558e-01  0.0000000000e+00  0.0000000000e+00
97.80  2  4.9901336421e+00  0.0000000000e+00  0.0000000000e+00  -6.5754078289e-02  0.0000000000e+00  0.0000000000e+00  -2.1889175536e-01  0.0000000000e+00  0.0000000000e+00
97.85  2  4.9865723861e+00  0.0000000000e+00  0.0000000000e+00  -7.6694860686e-02  0.0000000000e+00  0.0000000000e+00  -2.1873554119e-01  0.0000000000e+00  0.0000000000e+00
97.90  2  4.9824642962e+00  0.0000000000e+00  0.0000000000e+00  -8.7627232627e-02  0.0000000000e+00  0.0000000000e+00  -2.1855534021e-01  0.0000000000e+00  0.0000000000e+00
97.95  2  4.9778098230e+00  0.0000000000e+00  0.0000000000e+00  -9.8549995254e-02  0.0000000000e+00  0.0000000000e+00  -2.1835117216e-01  0.0000000000e+00  0.0000000000e+00
98.00  2  4.9726094768e+00  0.0000000000e+00  0.0000000000e+00  -1.0946195076e-01  0.0000000000e+00  0.0000000000e+00  -2.1812305946e-01  0.0000000000e+00  0.0000000000e+00
98.05  2  4.9668638280e+00  0.0000000000e+00  0.0000000000e+00  -1.2036190254e-01  0.0000000000e+00  0.0000000000e+00  -2.1787102710e-01  0.0000000000e+00  0.0000000000e+00
98.10  2  4.9605735066e+00  0.0000000000e+00  0.0000000000e+00  -1.3124865527e-01  0.0000000000e+00  0.0000000000e+00  -2.1759510272e-01  0.0000000000e+00  0.0000000000e+00
98.15  2  4.9537392024e+00  0.0000000000e+00  0.0000000000e+00  -1.4212101511e-01  0.0000000000e+00  0.0000000000e+00  -2.1729531659e-01  0.0000000000e+00  0.0000000000e+00
98.20  2  4.9463616648e+00  0.0000000000e+00  0.0000000000e+00  -1.5297778978e-01  0.0000000000e+00  0.0000000000e+00  -2.1697170158e-01  0.0000000000e+00  0.0000000000e+00
98.25  2  4.9384417030e+00  0.0000000000e+00  0.0000000000e+00  -1.6381778871e-01  0.0000000000e+00  0.0000000000e+00  -2.1662429318e-01  0.0000000000e+00  0.0000000000e+00
98.30  2  4.9299801854e+00  0.0000000000e+00  0.0000000000e+00  -1.7463982318e-01  0.0000000000e+00  0.0000000000e+00  -2.1625312949e-01  0.0000000000e+00  0.0000000000e+00
98.35  2  4.9209780398e+00  0.0000000000e+00  0.0000000000e+00  -1.8544270642e-01  0.0000000000e+00  0.0000000000e+00  -2.1585825120e-01  0.0000000000e+00  0.0000000000e+00
98.40  2  4.9114362536e+00  0.0000000000e+00  0.0000000000e+00  -1.9622525377e-01  0.0000000000e+00  0.0000000000e+00  -2.1543970162e-01  0.0000000000e+00  0.0000000000e+00
98.45  2  4.9013558731e+00  0.0000000000e+00  0.0000000000e+00  -2.0698628282e-01  0.0000000000e+00  0.0000000000e+00  -2.1499752665e-01  0.0000000000e+00  0.0000000000e+00
98.50  2  4.8907380037e+00  0.0000000000e+00  0.0000000000e+00  -2.1772461349e-01  0.0000000000e+00  0.0000000000e+00  -2.1453177478e-01  0.0000000000e+00  0.0000000000e+00
98.55  2  4.8795838097e+00  0.0000000000e+00  0.0000000000e+00  -2.2843906820e-01  0.0000000000e+00  0.0000000000e+00  -2.1404249708e-01  0.0000000000e+00  0.0000000000e+00
98.60  2  4.8678945144e+00  0.0000000000e+00  0.0000000000e+00  -2.3912847199e-01  0.0000000000e+00  0.0000000000e+00  -2.1352974721e-01  0.0000000000e+00  0.0000000000e+00
98.65  2  4.8556713995e+00  0.0000000000e+00  0.0000000000e+00  -2.4979165265e-01  0.0000000000e+00  0.0000000000e+00  -2.1299358140e-01  0.0000000000e+00  0.0000000000e+00
98.70  2  4.8429158056e+00  0.0000000000e+00  0.0000000000e+00  -2.6042744085e-01  0.0000000000e+00  0.0000000000e+00  -2.1243405844e-01  0.0000000000e+00  0.0000000000e+00
98.75  2  4.8296291314e+00  0.0000000000e+00  0.0000000000e+00  -2.7103467023e-01  0.0000000000e+00  0.0000000000e+00  -2.1185123969e-01  0.0000000000e+00  0.0000000000e+00
98.80  2  4.8158128340e+00  0.0000000000e+00  0.0000000000e+00  -2.8161217762e-01  0.0000000000e+00  0.0000000000e+00  -2.1124518907e-01  0.0000000000e+00  0.0000000000e+00
98.85  2  4.8014684284e+00  0.0000000000e+00  0.0000000000e+00  -2.9215880305e-01  0.0000000000e+00  0.0000000000e+00  -2.1061597303e-01  0.0000000000e+00  0.0000000000e+00
98.90  2  4.7865974877e+00  0.0000000000e+00  0.0000000000e+00  -3.0267338998e-01  0.0000000000e+00  0.0000000000e+00  -2.0996366058e-01  0.0000000000e+00  0.0000000000e+00
98.95  2  4.7712016426e+00  0.0000000000e+00  0.0000000000e+00  -3.1315478536e-01  0.0000000000e+00  0.0000000000e+00  -2.0928832324e-01  0.0000000000e+00  0.0000000000e+00
99.00  2  4.7552825815e+00  0.0000000000e+00  0.0000000000e+00  -3.2360183979e-01  0.0000000000e+00  0.0000000000e+00  -2.0859003509e-01  0.0000000000e+00  0.0000000000e+00
99.05  2  4.7388420500e+00  0.0000000000e+00  0.0000000000e+00  -3.3401340763e-01  0.0000000000e+00  0.0000000000e+00  -2.0786887268e-01  0.0000000000e+00  0.0000000000e+00
99.10  2  4.7218818512e+00  0.0000000000e+00  0.0000000000e+00  -3.4438834713e-01  0.0000000000e+00  0.0000000000e+00  -2.0712491511e-01  0.0000000000e+00  0.0000000000e+00
99.15  2  4.7044038448e+00  0.0000000000e+00  0.0000000000e+00  -3.5472552058e-01  0.0000000000e+00  0.0000000000e+00  -2.0635824396e-01  0.0000000000e+00  0.0000000000e+00
99.20  2  4.6864099475e+00  0.0000000000e+00  0.0000000000e+00  -3.6502379437e-01  0.0000000000e+00  0.0000000000e+00  -2.0556894330e-01  0.0000000000e+00  0.0000000000e+00
99.25  2  4.6679021325e+00  0.0000000000e+00  0.0000000000e+00  -3.7528203919e-01  0.0000000000e+00  0.0000000000e+00  -2.0475709969e-01  0.0000000000e+00  0.0000000000e+00
99.30  2  4.6488824294e+00  0.0000000000e+00  0.0000000000e+00  -3.8549913011e-01  0.0000000000e+00  0.0000000000e+00  -2.0392280216e-01  0.0000000000e+00  0.0000000000e+00
99.35  2  4.6293529240e+00  0.0000000000e+00  0.0000000000e+00  -3.9567394670e-01  0.0000000000e+00  0.0000000000e+00  -2.0306614219e-01  0.0000000000e+00  0.0000000000e+00
99.40  2  4.6093157579e+00  0.0000000000e+00  0.0000000000e+00  -4.0580537318e-01  0.0000000000e+00  0.0000000000e+00  -2.0218721374e-01  0.0000000000e+00  0.0000000000e+00
99.45  2  4.5887731284e+00  0.0000000000e+00  0.0000000000e+00  -4.1589229854e-01  0.0000000000e+00  0.0000000000e+00  -2.0128611317e-01  0.0000000000e+00  0.0000000000e+00
99.50  2  4.5677272882e+00  0.0000000000e+00  0.0000000000e+00  -4.2593361661e-01  0.0000000000e+00  0.0000000000e+00  -2.0036293932e-01  0.0000000000e+00  0.0000000000e+00
99.55  2  4.5461805452e+00  0.0000000000e+00  0.0000000000e+00  -4.3592822627e-01  0.0000000000e+00  0.0000000000e+00  -1.9941779341e-01  0.0000000000e+00  0.0000000000e+00
99.60  2  4.5241352623e+00  0.0000000000e+00  0.0000000000e+00  -4.4587503148e-01  0.0000000000e+00  0.0000000000e+00  -1.9845077909e-01  0.0000000000e+00  0.0000000000e+00
99.65  2  4.5015938570e+00  0.0000000000e+00  0.0000000000e+00  -4.5577294147e-01  0.0000000000e+00  0.0000000000e+00  -1.9746200241e-01  0.0000000000e+00  0.0000000000e+00
99.70  2  4.4785588012e+00  0.0000000000e+00  0.0000000000e+00  -4.6562087082e-01  0.0000000000e+00  0.0000000000e+00  -1.9645157180e-01  0.0000000000e+00  0.0000000000e+00
99.75  2  4.4550326209e+00  0.0000000000e+00  0.0000000000e+00  -4.7541773959e-01  0.0000000000e+00  0.0000000000e+00  -1.9541959806e-01  0.0000000000e+00  0.0000000000e+00
99.80  2  4.4310178962e+00  0.0000000000e+00  0.0000000000e+00  -4.8516247346e-01  0.0000000000e+00  0.0000000000e+00  -1.9436619435e-01  0.0000000000e+00  0.0000000000e+00
99.85  2  4.4065172603e+00  0.0000000000e+00  0.0000000000e+00  -4.9485400379e-01  0.0000000000e+00  0.0000000000e+00  -1.9329147620e-01  0.0000000000e+00  0.0000000000e+00
99.90  2  4.3815334002e+00  0.0000000000e+00  0.0000000000e+00  -5.0449126780e-01  0.0000000000e+00  0.0000000000e+00  -1.9219556147e-01  0.0000000000e+00  0.0000000000e+00
99.95  2  4.3560690556e+00  0.0000000000e+00  0.0000000000e+00  -5.1407320866e-01  0.0000000000e+00  0.0000000000e+00  -1.9107857032e-01  0.0000000000e+00  0.0000000000e+00
100.00  2  4.3301270189e+00  0.0000000000e+00  0.0000000000e+00  -5.2359877560e-01  0.0000000000e+00  0.0000000000e+00  -1.8994062526e-01  0.0000000000e+00  0.0000000000e+00
100.05  2  4.3037101350e+00  0.0000000000e+00  0.0000000000e+00  -5.3306692403e-01  0.0000000000e+00  0.0000000000e+00  -1.8878185106e-01  0.0000000000e+00  0.0000000000e+00
100.10  2  4.2768213008e+00  0.0000000000e+00  0.0000000000e+00  -5.4247661567e-01  0.0000000000e+00  0.0000000000e+00  -1.8760237481e-01  0.0000000000e+00  0.0000000000e+00
100.15  2  4.2494634649e+00  0.0000000000e+00  0.0000000000e+00  -5.5182681863e-01  0.0000000000e+00  0.0000000000e+00  -1.8640232585e-01  0.0000000000e+00  0.0000000000e+00
100.20  2  4.2216396275e+00  0.0000000000e+00  0.0000000000e+00  -5.6111650757e-01  0.0000000000e+00  0.0000000000e+00  -1.8518183577e-01  0.0000000000e+00  0.0000000000e+00
100.25  2  4.1933528397e+00  0.0000000000e+00  0.0000000000e+00  -5.7034466375e-01  0.0000000000e+00  0.0000000000e+00  -1.8394103841e-01  0.0000000000e+00  0.0000000000e+00
100.30  2  4.1646062036e+00  0.0000000000e+00  0.0000000000e+00  -5.7951027522e-01  0.0000000000e+00  0.0000000000e+00  -1.8268006985e-01  0.0000000000e+00  0.0000000000e+00
100.35  2  4.1354028714e+00  0.0000000000e+00  0.0000000000e+00  -5.8861233686e-01  0.0000000000e+00  0.0000000000e+00  -1.8139906835e-01  0.0000000000e+00  0.0000000000e+00
100.40  2  4.1057460457e+00  0.0000000000e+00  0.0000000000e+00  -5.9764985051e-01  0.0000000000e+00  0.0000000000e+00  -1.8009817441e-01  0.0000000000e+00  0.0000000000e+00
100.45  2  4.0756389786e+00  0.0000000000e+00  0.0000000000e+00  -6.0662182513e-01  0.0000000000e+00  0.0000000000e+00  -1.7877753067e-01  0.0000000000e+00  0.0000000000e+00
100.50  2  4.0450849719e+00  0.0000000000e+00  0.0000000000e+00  -6.1552727683e-01  0.0000000000e+00  0.0000000000e+00  -1.7743728196e-01  0.0000000000e+00  0.0000000000e+00
100.55  2  4.0140873760e+00  0.0000000000e+00  0.0000000000e+00  -6.2436522903e-01  0.0000000000e+00  0.0000000000e+00  -1.7607757525e-01  0.0000000000e+00  0.0000000000e+00
100.60  2  3.9826495901e+00  0.0000000000e+00  0.0000000000e+00  -6.3313471254e-01  0.0000000000e+00  0.0000000000e+00  -1.7469855966e-01  0.0000000000e+00  0.0000000000e+00
100.65  2  3.9507750619e+00  0.0000000000e+00  0.0000000000e+00  -6.4183476570e-01  0.0000000000e+00  0.0000000000e+00  -1.7330038639e-01  0.0000000000e+00  0.0000000000e+00
100.70  2  3.9184672866e+00  0.0000000000e+00  0.0000000000e+00  -6.5046443444e-01  0.0000000000e+00  0.0000000000e+00  -1.7188320879e-01  0.0000000000e+00  0.0000000000e+00
100.75  2  3.8857298073e+00  0.0000000000e+00  0.0000000000e+00  -6.5902277243e-01  0.0000000000e+00  0.0000000000e+00  -1.7044718226e-01  0.0000000000e+00  0.0000000000e+00
100.80  2  3.8525662139e+00  0.0000000000e+00  0.0000000000e+00  -6.6750884114e-01  0.0000000000e+00  0.0000000000e+00  -1.6899246427e-01  0.0000000000e+00  0.0000000000e+00
100.85  2  3.8189801432e+00  0.0000000000e+00  0.0000000000e+00  -6.7592170999e-01  0.0000000000e+00  0.0000000000e+00  -1.6751921435e-01  0.0000000000e+00  0.0000000000e+00
100.90  2  3.7849752783e+00  0.0000000000e+00  0.0000000000e+00  -6.8426045640e-01  0.0000000000e+00  0.0000000000e+00  -1.6602759406e-01  0.0000000000e+00  0.0000000000e+00
100.95  2  3.7505553482e+00  0.0000000000e+00  0.0000000000e+00  -6.9252416594e-01  0.0000000000e+00  0.0000000000e+00  -1.6451776698e-01  0.0000000000e+00  0.0000000000e+00
101.00  2  3.7157241274e+00  0.0000000000e+00  0.0000000000e+00  -7.0071193241e-01  0.0000000000e+00  0.0000000000e+00  -1.6298989867e-01  0.0000000000e+00  0.0000000000e+00
101.05  2  3.6804854356e+00  0.0000000000e+00  0.0000000000e+00  -7.0882285792e-01  0.0000000000e+00  0.0000000000e+00  -1.6144415668e-01  0.0000000000e+00  0.0000000000e+00
101.10  2  3.6448431371e+00  0.0000000000e+00  0.0000000000e+00  -7.1685605301e-01  0.0000000000e+00  0.0000000000e+00  -1.5988071052e-01  0.0000000000e+00  0.0000000000e+00
101.15  2  3.6088011405e+00  0.0000000000e+00  0.0000000000e+00  -7.2481063675e-01  0.0000000000e+00  0.0000000000e+00  -1.5829973164e-01  0.0000000000e+00  0.0000000000e+00
101.20  2  3.5723633982e+00  0.0000000000e+00  0.0000000000e+00  -7.3268573685e-01  0.0000000000e+00  0.0000000000e+00  -1.5670139341e-01  0.0000000000e+00  0.0000000000e+00
101.25  2  3.5355339059e+00  0.0000000000e+00  0.0000000000e+00  -7.4048048969e-01  0.0000000000e+00  0.0000000000e+00  -1.5508587110e-01  0.0000000000e+00  0.0000000000e+00
101.30  2  3.4983167026e+00  0.0000000000e+00  0.0000000000e+00  -7.4819404051e-01  0.0000000000e+00  0.0000000000e+00  -1.5345334188e-01  0.0000000000e+00  0.0000000000e+00
101.35  2  3.4607158694e+00  0.0000000000e+00  0.0000000000e+00  -7.5582554342e-01  0.0000000000e+00  0.0000000000e+00  -1.5180398478e-01  0.0000000000e+00  0.0000000000e+00
101.40  2  3.4227355296e+00  0.0000000000e+00  0.0000000000e+00  -7.6337416153e-01  0.0000000000e+00  0.0000000000e+00  -1.5013798065e-01  0.0000000000e+00  0.0000000000e+00
101.45  2  3.3843798484e+00  0.0000000000e+00  0.0000000000e+00  -7.7083906707e-01  0.0000000000e+00  0.0000000000e+00  -1.4845551221e-01  0.0000000000e+00  0.0000000000e+00
101.50  2  3.3456530318e+00  0.0000000000e+00  0.0000000000e+00  -7.7821944142e-01  0.0000000000e+00  0.0000000000e+00  -1.4675676394e-01  0.0000000000e+00  0.0000000000e+00
101.55  2  3.3065593266e+00  0.0000000000e+00  0.0000000000e+00  -7.8551447524e-01  0.0000000000e+00  0.0000000000e+00  -1.4504192214e-01  0.0000000000e+00  0.0000000000e+00
101.60  2  3.2671030200e+00  0.0000000000e+00  0.0000000000e+00  -7.9272336855e-01  0.0000000000e+00  0.0000000000e+00  -1.4331117486e-01  0.0000000000e+00  0.0000000000e+00
101.65  2  3.2272884386e+00  0.0000000000e+00  0.0000000000e+00  -7.9984533080e-01  0.0000000000e+00  0.0000000000e+00  -1.4156471190e-01  0.0000000000e+00  0.0000000000e+00
101.70  2  3.1871199487e+00  0.0000000000e+00  0.0000000000e+00  -8.0687958100e-01  0.0000000000e+00  0.0000000000e+00  -1.3980272477e-01  0.0000000000e+00  0.0000000000e+00
101.75  2  3.1466019552e+00  0.0000000000e+00  0.0000000000e+00  -8.1382534776e-01  0.0000000000e+00  0.0000000000e+00  -1.3802540669e-01  0.0000000000e+00  0.0000000000e+00
101.80  2  3.1057389014e+00  0.0000000000e+00  0.0000000000e+00  -8.2068186940e-01  0.0000000000e+00  0.0000000000e+00  -1.3623295258e-01  0.0000000000e+00  0.0000000000e+00
101.85  2  3.0645352683e+00  0.0000000000e+00  0.0000000000e+00  -8.2744839403e-01  0.0000000000e+00  0.0000000000e+00  -1.3442555898e-01  0.0000000000e+00  0.0000000000e+00
101.90  2  3.0229955743e+00  0.0000000000e+00  0.0000000000e+00  -8.3412417961e-01  0.0000000000e+00  0.0000000000e+00  -1.3260342411e-01  0.0000000000e+00  0.0000000000e+00
101.95  2  2.9811243748e+00  0.0000000000e+00  0.0000000000e+00  -8.4070849408e-01  0.0000000000e+00  0.0000000000e+00  -1.3076674778e-01  0.0000000000e+00  0.0000000000e+00
102.00  2  2.9389262615e+00  0.0000000000e+00  0.0000000000e+00  -8.4720061539e-01  0.0000000000e+00  0.0000000000e+00  -1.2891573140e-01  0.0000000000e+00  0.0000000000e+00
102.05  2  2.8964058617e+00  0.0000000000e+00  0.0000000000e+00  -8.5359983160e-01  0.0000000000e+00  0.0000000000e+00  -1.2705057796e-01  0.0000000000e+00  0.0000000000e+00
102.10  2  2.8535678384e+00  0.0000000000e+00  0.0000000000e+00  -8.5990544097e-01  0.0000000000e+00  0.0000000000e+00  -1.2517149199e-01  0.0000000000e+00  0.0000000000e+00
102.15  2  2.8104168893e+00  0.0000000000e+00  0.0000000000e+00  -8.6611675202e-01  0.0000000000e+00  0.0000000000e+00  -1.2327867955e-01  0.0000000000e+00  0.0000000000e+00
102.20  2  2.7669577462e+00  0.0000000000e+00  0.0000000000e+00  -8.7223308361e-01  0.0000000000e+00  0.0000000000e+00  -1.2137234822e-01  0.0000000000e+00  0.0000000000e+00
102.25  2  2.7231951751e+00  0.0000000000e+00  0.0000000000e+00  -8.7825376501e-01  0.0000000000e+00  0.0000000000e+00  -1.1945270704e-01  0.0000000000e+00  0.0000000000e+00
102.30  2  2.6791339749e+00  0.0000000000e+00  0.0000000000e+00  -8.8417813599e-01  0.0000000000e+00  0.0000000000e+00  -1.1751996653e-01  0.0000000000e+00  0.0000000000e+00
102.35  2  2.6347789775e+00  0.0000000000e+00  0.0000000000e+00  -8.9000554688e-01  0.0000000000e+00  0.0000000000e+00  -1.1557433863e-01  0.0000000000e+00  0.0000000000e+00
102.40  2  2.5901350469e+00  0.0000000000e+00  0.0000000000e+00  -8.9573535862e-01  0.0000000000e+00  0.0000000000e+00  -1.1361603670e-01  0.0000000000e+00  0.0000000000e+00
102.45  2  2.5452070788e+00  0.0000000000e+00  0.0000000000e+00  -9.0136694289e-01  0.0000000000e+00  0.0000000000e+00  -1.1164527549e-01  0.0000000000e+00  0.0000000000e+00
102.50  2  2.5000000000e+00  0.0000000000e+00  0.0000000000e+00  -9.0689968212e-01  0.0000000000e+00  0.0000000000e+00  -1.0966227112e-01  0.0000000000e+00  0.0000000000e+00
102.55  2  2.4545187681e+00  0.0000000000e+00  0.0000000000e+00  -9.1233296957e-01  0.0000000000e+00  0.0000000000e+00  -1.0766724105e-01  0.0000000000e+00  0.0000000000e+00
102.60  2  2.4087683705e+00  0.0000000000e+00  0.0000000000e+00  -9.1766620944e-01  0.0000000000e+00  0.0000000000e+00  -1.0566040405e-01  0.0000000000e+00  0.0000000000e+00
102.65  2  2.3627538243e+00  0.0000000000e+00  0.0000000000e+00  -9.2289881686e-01  0.0000000000e+00  0.0000000000e+00  -1.0364198019e-01  0.0000000000e+00  0.0000000000e+00
102.70  2  2.3164801756e+00  0.0000000000e+00  0.0000000000e+00  -9.2803021803e-01  0.0000000000e+00  0.0000000000e+00  -1.0161219083e-01  0.0000000000e+00  0.0000000000e+00
102.75  2  2.2699524987e+00  0.0000000000e+00  0.0000000000e+00  -9.3305985023e-01  0.0000000000e+00  0.0000000000e+00  -9.9571258540e-02  0.0000000000e+00  0.0000000000e+00
102.80  2  2.2231758959e+00  0.0000000000e+00  0.0000000000e+00  -9.3798716190e-01  0.0000000000e+00  0.0000000000e+00  -9.7519407141e-02  0.0000000000e+00  0.0000000000e+00
102.85  2  2.1761554969e+00  0.0000000000e+00  0.0000000000e+00  -9.4281161271e-01  0.0000000000e+00  0.0000000000e+00  -9.5456861641e-02  0.0000000000e+00  0.0000000000e+00
102.90  2  2.1288964578e+00  0.0000000000e+00  0.0000000000e+00  -9.4753267360e-01  0.0000000000e+00  0.0000000000e+00  -9.3383848221e-02  0.0000000000e+00  0.0000000000e+00
102.95  2  2.0814039613e+00  0.0000000000e+00  0.0000000000e+00  -9.5214982685e-01  0.0000000000e+00  0.0000000000e+00  -9.1300594208e-02  0.0000000000e+00  0.0000000000e+00
103.00  2  2.0336832154e+00  0.0000000000e+00  0.0000000000e+00  -9.5666256615e-01  0.0000000000e+00  0.0000000000e+00  -8.9207328057e-02  0.0000000000e+00  0.0000000000e+00
103.05  2  1.9857394532e+00  0.0000000000e+00  0.0000000000e+00  -9.6107039662e-01  0.0000000000e+00  0.0000000000e+00  -8.7104279318e-02  0.0000000000e+00  0.0000000000e+00
103.10  2  1.9375779323e+00  0.0000000000e+00  0.0000000000e+00  -9.6537283488e-01  0.0000000000e+00  0.0000000000e+00  -8.4991678612e-02  0.0000000000e+00  0.0000000000e+00
103.15  2  1.8892039341e+00  0.0000000000e+00  0.0000000000e+00  -9.6956940914e-01  0.0000000000e+00  0.0000000000e+00  -8.2869757611e-02  0.0000000000e+00  0.0000000000e+00
103.20  2  1.8406227634e+00  0.0000000000e+00  0.0000000000e+00  -9.7365965918e-01  0.0000000000e+00  0.0000000000e+00  -8.0738749007e-02  0.0000000000e+00  0.0000000000e+00
103.25  2  1.7918397477e+00  0.0000000000e+00  0.0000000000e+00  -9.7764313647e-01  0.0000000000e+00  0.0000000000e+00  -7.8598886490e-02  0.0000000000e+00  0.0000000000e+00
103.30  2  1.7428602366e+00  0.0000000000e+00  0.0000000000e+00  -9.8151940418e-01  0.0000000000e+00  0.0000000000e+00  -7.6450404719e-02  0.0000000000e+00  0.0000000000e+00
103.35  2  1.6936896012e+00  0.0000000000e+00  0.0000000000e+00  -9.8528803722e-01  0.0000000000e+00  0.0000000000e+00  -7.4293539299e-02  0.0000000000e+00  0.0000000000e+00
103.40  2  1.6443332337e+00  0.0000000000e+00  0.0000000000e+00  -9.8894862232e-01  0.0000000000e+00  0.0000000000e+00  -7.2128526756e-02  0.0000000000e+00  0.0000000000e+00
103.45  2  1.5947965465e+00  0.0000000000e+00  0.0000000000e+00  -9.9250075806e-01  0.0000000000e+00  0.0000000000e+00  -6.9955604507e-02  0.0000000000e+00  0.0000000000e+00
103.50  2  1.5450849719e+00  0.0000000000e+00  0.0000000000e+00  -9.9594405491e-01  0.0000000000e+00  0.0000000000e+00  -6.7775010838e-02  0.0000000000e+00  0.0000000000e+00
103.55  2  1.4952039613e+00  0.0000000000e+00  0.0000000000e+00  -9.9927813528e-01  0.0000000000e+00  0.0000000000e+00  -6.5586984875e-02  0.0000000000e+00  0.0000000000e+00
103.60  2  1.4451589847e+00  0.0000000000e+00  0.0000000000e+00  -1.0025026335e+00  0.0000000000e+00  0.0000000000e+00  -6.3391766560e-02  0.0000000000e+00  0.0000000000e+00
103.65  2  1.3949555302e+00  0.0000000000e+00  0.0000000000e+00  -1.0056171961e+00  0.0000000000e+00  0.0000000000e+00  -6.1189596623e-02  0.0000000000e+00  0.0000000000e+00
103.70  2  1.3445991031e+00  0.0000000000e+00  0.0000000000e+00  -1.0086214814e+00  0.0000000000e+00  0.0000000000e+00  -5.8980716557e-02  0.0000000000e+00  0.0000000000e+00
103.75  2  1.2940952255e+00  0.0000000000e+00  0.0000000000e+00  -1.0115151599e+00  0.0000000000e+00  0.0000000000e+00  -5.6765368592e-02  0.0000000000e+00  0.0000000000e+00
103.80  2  1.2434494358e+00  0.0000000000e+00  0.0000000000e+00  -1.0142979145e+00  0.0000000000e+00  0.0000000000e+00  -5.4543795664e-02  0.0000000000e+00  0.0000000000e+00
103.85  2  1.1926672879e+00  0.0000000000e+00  0.0000000000e+00  -1.0169694398e+00  0.0000000000e+00  0.0000000000e+00  -5.2316241394e-02  0.0000000000e+00  0.0000000000e+00
103.90  2  1.1417543506e+00  0.0000000000e+00  0.0000000000e+00  -1.0195294430e+00  0.0000000000e+00  0.0000000000e+00  -5.0082950059e-02  0.0000000000e+00  0.0000000000e+00
103.95  2  1.0907162070e+00  0.0000000000e+00  0.0000000000e+00  -1.0219776433e+00  0.0000000000e+00  0.0000000000e+00  -4.7844166563e-02  0.0000000000e+00  0.0000000000e+00
104.00  2  1.0395584541e+00  0.0000000000e+00  0.0000000000e+00  -1.0243137722e+00  0.0000000000e+00  0.0000000000e+00  -4.5600136416e-02  0.0000000000e+00  0.0000000000e+00
104.05  2  9.8828670190e-01  0.0000000000e+00  0.0000000000e+00  -1.0265375736e+00  0.0000000000e+00  0.0000000000e+00  -4.3351105700e-02  0.0000000000e+00  0.0000000000e+00
104.10  2  9.3690657293e-01  0.0000000000e+00  0.0000000000e+00  -1.0286488035e+00  0.0000000000e+00  0.0000000000e+00  -4.1097321047e-02  0.0000000000e+00  0.0000000000e+00
104.15  2  8.8542370160e-01  0.0000000000e+00  0.0000000000e+00  -1.0306472306e+00  0.0000000000e+00  0.0000000000e+00  -3.8839029609e-02  0.0000000000e+00  0.0000000000e+00
104.20  2  8.3384373358e-01  0.0000000000e+00  0.0000000000e+00  -1.0325326355e+00  0.0000000000e+00  0.0000000000e+00  -3.6576479035e-02  0.0000000000e+00  0.0000000000e+00
104.25  2  7.8217232520e-01  0.0000000000e+00  0.0000000000e+00  -1.0343048116e+00  0.0000000000e+00  0.0000000000e+00  -3.4309917437e-02  0.0000000000e+00  0.0000000000e+00
104.30  2  7.3041514281e-01  0.0000000000e+00  0.0000000000e+00  -1.0359635645e+00  0.0000000000e+00  0.0000000000e+00  -3.2039593369e-02  0.0000000000e+00  0.0000000000e+00
104.35  2  6.7857786217e-01  0.0000000000e+00  0.0000000000e+00  -1.0375087124e+00  0.0000000000e+00  0.0000000000e+00  -2.9765755800e-02  0.0000000000e+00  0.0000000000e+00
104.40  2  6.2666616782e-01  0.0000000000e+00  0.0000000000e+00  -1.0389400857e+00  0.0000000000e+00  0.0000000000e+00  -2.7488654080e-02  0.0000000000e+00  0.0000000000e+00
104.45  2  5.7468575246e-01  0.0000000000e+00  0.0000000000e+00  -1.0402575276e+00  0.0000000000e+00  0.0000000000e+00  -2.5208537919e-02  0.0000000000e+00  0.0000000000e+00
104.50  2  5.2264231634e-01  0.0000000000e+00  0.0000000000e+00  -1.0414608934e+00  0.0000000000e+00  0.0000000000e+00  -2.2925657358e-02  0.0000000000e+00  0.0000000000e+00
104.55  2  4.7054156659e-01  0.0000000000e+00  0.0000000000e+00  -1.0425500514e+00  0.0000000000e+00  0.0000000000e+00  -2.0640262740e-02  0.0000000000e+00  0.0000000000e+00
104.60  2  4.1838921666e-01  0.0000000000e+00  0.0000000000e+00  -1.0435248820e+00  0.0000000000e+00  0.0000000000e+00  -1.8352604685e-02  0.0000000000e+00  0.0000000000e+00
104.65  2  3.6619098564e-01  0.0000000000e+00  0.0000000000e+00  -1.0443852783e+00  0.0000000000e+00  0.0000000000e+00  -1.6062934060e-02  0.0000000000e+00  0.0000000000e+00
104.70  2  3.1395259765e-01  0.0000000000e+00  0.0000000000e+00  -1.0451311460e+00  0.0000000000e+00  0.0000000000e+00  -1.3771501953e-02  0.0000000000e+00  0.0000000000e+00
104.75  2  2.6167978121e-01  0.0000000000e+00  0.0000000000e+00  -1.0457624033e+00  0.0000000000e+00  0.0000000000e+00  -1.1478559646e-02  0.0000000000e+00  0.0000000000e+00
104.80  2  2.0937826865e-01  0.0000000000e+00  0.0000000000e+00  -1.0462789810e+00  0.0000000000e+00  0.0000000000e+00  -9.1843585854e-03  0.0000000000e+00  0.0000000000e+00
104.85  2  1.5705379539e-01  0.0000000000e+00  0.0000000000e+00  -1.0466808224e+00  0.0000000000e+00  0.0000000000e+00  -6.8891503564e-03  0.0000000000e+00  0.0000000000e+00
104.90  2  1.0471209942e-01  0.0000000000e+00  0.0000000000e+00  -1.0469678835e+00  0.0000000000e+00  0.0000000000e+00  -4.5931866544e-03  0.0000000000e+00  0.0000000000e+00
104.95  2  5.2358920581e-02  0.0000000000e+00  0.0000000000e+00  -1.0471401327e+00  0.0000000000e+00  0.0000000000e+00  -2.2967192578e-03  0.0000000000e+00  0.0000000000e+00
105.00  2  4.2862637970e-15  0.0000000000e+00  0.0000000000e+00  -1.0471975512e+00  0.0000000000e+00  0.0000000000e+00  -1.8801656905e-16  0.0000000000e+00  0.0000000000e+00
105.05  2  -5.2358920581e-02  0.0000000000e+00  0.0000000000e+00  -1.0471401327e+00  0.0000000000e+00  0.0000000000e+00  2.2967192578e-03  0.0000000000e+00  0.0000000000e+00
105.10  2  -1.0471209942e-01  0.0000000000e+00  0.0000000000e+00  -1.0469678835e+00  0.0000000000e+00  0.0000000000e+00  4.5931866545e-03  0.0000000000e+00  0.0000000000e+00
105.15  2  -1.5705379539e-01  0.0000000000e+00  0.0000000000e+00  -1.0466808224e+00  0.0000000000e+00  0.0000000000e+00  6.8891503564e-03  0.0000000000e+00  0.0000000000e+00
105.20  2  -2.0937826865e-01  0.0000000000e+00  0.0000000000e+00  -1.0462789810e+00  0.0000000000e+00  0.0000000000e+00  9.1843585854e-03  0.0000000000e+00  0.0000000000e+00
105.25  2  -2.6167978121e-01  0.0000000000e+00  0.0000000000e+00  -1.0457624033e+00  0.0000000000e+00  0.0000000000e+00  1.1478559646e-02  0.0000000000e+00  0.0000000000e+00
105.30  2  -3.1395259765e-01  0.0000000000e+00  0.0000000000e+00  -1.0451311460e+00  0.0000000000e+00  0.0000000000e+00  1.3771501953e-02  0.0000000000e+00  0.0000000000e+00
105.35  2  -3.6619098564e-01  0.0000000000e+00  0.0000000000e+00  -1.0443852783e+00  0.0000000000e+00  0.0000000000e+00  1.6062934060e-02  0.0000000000e+00  0.0000000000e+00
105.40  2  -4.1838921666e-01  0.0000000000e+00  0.0000000000e+00  -1.0435248820e+00  0.0000000000e+00  0.0000000000e+00  1.8352604685e-02  0.0000000000e+00  0.0000000000e+00
105.45  2  -4.7054156659e-01  0.0000000000e+00  0.0000000000e+00  -1.0425500514e+00  0.0000000000e+00  0.0000000000e+00  2.0640262740e-02  0.0000000000e+00  0.0000000000e+00
105.50  2  -5.2264231634e-01  0.0000000000e+00  0.0000000000e+00  -1.0414608934e+00  0.0000000000e+00  0.0000000000e+00  2.2925657358e-02  0.0000000000e+00  0.0000000000e+00
105.55  2  -5.7468575246e-01  0.0000000000e+00  0.0000000000e+00  -1.0402575276e+00  0.0000000000e+00  0.0000000000e+00  2.5208537919e-02  0.0000000000e+00  0.0000000000e+00
105.60  2  -6.2666616782e-01  0.0000000000e+00  0.0000000000e+00  -1.0389400857e+00  0.0000000000e+00  0.0000000000e+00  2.7488654080e-02  0.0000000000e+00  0.0000000000e+00
105.65  2  -6.7857786217e-01  0.0000000000e+00  0.0000000000e+00  -1.0375087124e+00  0.0000000000e+00  0.0000000000e+00  2.9765755800e-02  0.0000000000e+00  0.0000000000e+00
105.70  2  -7.3041514281e-01  0.0000000000e+00  0.0000000000e+00  -1.0359635645e+00  0.0000000000e+00  0.0000000000e+00  3.2039593369e-02  0.0000000000e+00  0.0000000000e+00
105.75  2  -7.8217232520e-01  0.0000000000e+00  0.0000000000e+00  -1.0343048116e+00  0.0000000000e+00  0.0000000000e+00  3.4309917437e-02  0.0000000000e+00  0.0000000000e+00
105.80  2  -8.3384373358e-01  0.0000000000e+00  0.0000000000e+00  -1.0325326355e+00  0.0000000000e+00  0.0000000000e+00  3.6576479035e-02  0.0000000000e+00  0.0000000000e+00
105.85  2  -8.8542370160e-01  0.0000000000e+00  0.0000000000e+00  -1.0306472306e+00  0.0000000000e+00  0.0000000000e+00  3.8839029609e-02  0.0000000000e+00  0.0000000000e+00
105.90  2  -9.3690657293e-01  0.0000000000e+00  0.0000000000e+00  -1.0286488035e+00  0.0000000000e+00  0.0000000000e+00  4.1097321047e-02  0.0000000000e+00  0.0000000000e+00
105.95  2  -9.8828670190e-01  0.0000000000e+00  0.0000000000e+00  -1.0265375736e+00  0.0000000000e+00  0.0000000000e+00  4.3351105700e-02  0.0000000000e+00  0.0000000000e+00
106.00  2  -1.0395584541e+00  0.0000000000e+00  0.0000000000e+00  -1.0243137722e+00  0.0000000000e+00  0.0000000000e+00  4.5600136416e-02  0.0000000000e+00  0.0000000000e+00
106.05  2  -1.0907162070e+00  0.0000000000e+00  0.0000000000e+00  -1.0219776433e+00  0.0000000000e+00  0.0000000000e+00  4.7844166563e-02  0.0000000000e+00  0.0000000000e+00
106.10  2  -1.1417543506e+00  0.0000000000e+00  0.0000000000e+00  -1.0195294430e+00  0.0000000000e+00  0.0000000000e+00  5.0082950059e-02  0.0000000000e+00  0.0000000000e+00
106.15  2  -1.1926672879e+00  0.0000000000e+00  0.0000000000e+00  -1.0169694398e+00  0.0000000000e+00  0.0000000000e+00  5.2316241394e-02  0.0000000000e+00  0.0000000000e+00
106.20  2  -1.2434494358e+00  0.0000000000e+00  0.0000000000e+00  -1.0142979145e+00  0.0000000000e+00  0.0000000000e+00  5.4543795664e-02  0.0000000000e+00  0.0000000000e+00
106.25  2  -1.2940952255e+00  0.0000000000e+00  0.0000000000e+00  -1.0115151599e+00  0.0000000000e+00  0.0000000000e+00  5.6765368592e-02  0.0000000000e+00  0.0000000000e+00
106.30  2  -1.3445991031e+00  0.0000000000e+00  0.0000000000e+00  -1.0086214814e+00  0.0000000000e+00  0.0000000000e+00  5.8980716557e-02  0.0000000000e+00  0.0000000000e+00
106.35  2  -1.3949555302e+00  0.0000000000e+00  0.0000000000e+00  -1.0056171961e+00  0.0000000000e+00  0.0000000000e+00  6.1189596623e-02  0.0000000000e+00  0.0000000000e+00
106.40  2  -1.4451589847e+00  0.0000000000e+00  0.0000000000e+00  -1.0025026335e+00  0.0000000000e+00  0.0000000000e+00  6.3391766560e-02  0.0000000000e+00  0.0000000000e+00
106.45  2  -1.4952039613e+00  0.0000000000e+00  0.0000000000e+00  -9.9927813528e-01  0.0000000000e+00  0.0000000000e+00  6.5586984875e-02  0.0000000000e+00  0.0000000000e+00
106.50  2  -1.5450849719e+00  0.0000000000e+00  0.0000000000e+00  -9.9594405491e-01  0.0000000000e+00  0.0000000000e+00  6.7775010838e-02  0.0000000000e+00  0.0000000000e+00
106.55  2  -1.5947965465e+00  0.0000000000e+00  0.0000000000e+00  -9.9250075806e-01  0.0000000000e+00  0.0000000000e+00  6.9955604507e-02  0.0000000000e+00  0.0000000000e+00
106.60  2  -1.6443332337e+00  0.0000000000e+00  0.0000000000e+00  -9.8894862232e-01  0.0000000000e+00  0.0000000000e+00  7.2128526756e-02  0.0000000000e+00  0.0000000000e+00
106.65  2  -1.6936896012e+00  0.0000000000e+00  0.0000000000e+00  -9.8528803722e-01  0.0000000000e+00  0.0000000000e+00  7.4293539299e-02  0.0000000000e+00  0.0000000000e+00
106.70  2  -1.7428602366e+00  0.0000000000e+00  0.0000000000e+00  -9.8151940418e-01  0.0000000000e+00  0.0000000000e+00  7.6450404719e-02  0.0000000000e+00  0.0000000000e+00
106.75  2  -1.7918397477e+00  0.0000000000e+00  0.0000000000e+00  -9.7764313647e-01  0.0000000000e+00  0.0000000000e+00  7.8598886490e-02  0.0000000000e+00  0.0000000000e+00
106.80  2  -1.8406227634e+00  0.0000000000e+00  0.0000000000e+00  -9.7365965918e-01  0.0000000000e+00  0.0000000000e+00  8.0738749007e-02  0.0000000000e+00  0.0000000000e+00
106.85  2  -1.8892039341e+00  0.0000000000e+00  0.0000000000e+00  -9.6956940914e-01  0.0000000000e+00  0.0000000000e+00  8.2869757611e-02  0.0000000000e+00  0.0000000000e+00
106.90  2  -1.9375779323e+00  0.0000000000e+00  0.0000000000e+00  -9.6537283488e-01  0.0000000000e+00  0.0000000000e+00  8.4991678612e-02  0.0000000000e+00  0.0000000000e+00
106.95  2  -1.9857394532e+00  0.0000000000e+00  0.0000000000e+00  -9.6107039662e-01  0.0000000000e+00  0.0000000000e+00  8.7104279318e-02  0.0000000000e+00  0.0000000000e+00
107.00  2  -2.0336832154e+00  0.0000000000e+00  0.0000000000e+00  -9.5666256615e-01  0.0000000000e+00  0.0000000000e+00  8.9207328057e-02  0.0000000000e+00  0.0000000000e+00
107.05  2  -2.0814039613e+00  0.0000000000e+00  0.0000000000e+00  -9.5214982685e-01  0.0000000000e+00  0.0000000000e+00  9.1300594208e-02  0.0000000000e+00  0.0000000000e+00
107.10  2  -2.1288964578e+00  0.0000000000e+00  0.0000000000e+00  -9.4753267360e-01  0.0000000000e+00  0.0000000000e+00  9.3383848221e-02  0.0000000000e+00  0.0000000000e+00
107.15  2  -2.1761554969e+00  0.0000000000e+00  0.0000000000e+00  -9.4281161271e-01  0.0000000000e+00  0.0000000000e+00  9.5456861641e-02  0.0000000000e+00  0.0000000000e+00
107.20  2  -2.2231758959e+00  0.0000000000e+00  0.0000000000e+00  -9.3798716190e-01  0.0000000000e+00  0.0000000000e+00  9.7519407141e-02  0.0000000000e+00  0.0000000000e+00
107.25  2  -2.2699524987e+00  0.0000000000e+00  0.0000000000e+00  -9.3305985023e-01  0.0000000000e+00  0.0000000000e+00  9.9571258540e-02  0.0000000000e+00  0.0000000000e+00
107.30  2  -2.3164801756e+00  0.0000000000e+00  0.0000000000e+00  -9.2803021803e-01  0.0000000000e+00  0.0000000000e+00  1.0161219083e-01  0.0000000000e+00  0.0000000000e+00
107.35  2  -2.3627538243e+00  0.0000000000e+00  0.0000000000e+00  -9.2289881686e-01  0.0000000000e+00  0.0000000000e+00  1.0364198019e-01  0.0000000000e+00  0.0000000000e+00
107.40  2  -2.4087683705e+00  0.0000000000e+00  0.0000000000e+00  -9.1766620944e-01  0.0000000000e+00  0.0000000000e+00  1.0566040405e-01  0.0000000000e+00  0.0000000000e+00
107.45  2  -2.4545187681e+00  0.0000000000e+00  0.0000000000e+00  -9.1233296957e-01  0.0000000000e+00  0.0000000000e+00  1.0766724105e-01  0.0000000000e+00  0.0000000000e+00
107.50  2  -2.5000000000e+00  0.0000000000e+00  0.0000000000e+00  -9.0689968212e-01  0.0000000000e+00  0.0000000000e+00  1.0966227112e-01  0.0000000000e+00  0.0000000000e+00
107.55  2  -2.5452070788e+00  0.0000000000e+00  0.0000000000e+00  -9.0136694289e-01  0.0000000000e+00  0.0000000000e+00  1.1164527549e-01  0.0000000000e+00  0.0000000000e+00
107.60  2  -2.5901350469e+00  0.0000000000e+00  0.0000000000e+00  -8.9573535862e-01  0.0000000000e+00  0.0000000000e+00  1.1361603670e-01  0.0000000000e+00  0.0000000000e+00
107.65  2  -2.6347789775e+00  0.0000000000e+00  0.0000000000e+00  -8.9000554688e-01  0.0000000000e+00  0.0000000000e+00  1.1557433863e-01  0.0000000000e+00  0.0000000000e+00
107.70  2  -2.6791339749e+00  0.0000000000e+00  0.0000000000e+00  -8.8417813599e-01  0.0000000000e+00  0.0000000000e+00  1.1751996653e-01  0.0000000000e+00  0.0000000000e+00
107.75  2  -2.7231951751e+00  0.0000000000e+00  0.0000000000e+00  -8.7825376501e-01  0.0000000000e+00  0.0000000000e+00  1.1945270704e-01  0.0000000000e+00  0.0000000000e+00
107.80  2  -2.7669577462e+00  0.0000000000e+00  0.0000000000e+00  -8.7223308361e-01  0.0000000000e+00  0.0000000000e+00  1.2137234822e-01  0.0000000000e+00  0.0000000000e+00
107.85  2  -2.8104168893e+00  0.0000000000e+00  0.0000000000e+00  -8.6611675202e-01  0.0000000000e+00  0.0000000000e+00  1.2327867955e-01  0.0000000000e+00  0.0000000000e+00
107.90  2  -2.8535678384e+00  0.0000000000e+00  0.0000000000e+00  -8.5990544097e-01  0.0000000000e+00  0.0000000000e+00  1.2517149199e-01  0.0000000000e+00  0.0000000000e+00
107.95  2  -2.8964058617e+00  0.0000000000e+00  0.0000000000e+00  -8.5359983160e-01  0.0000000000e+00  0.0000000000e+00  1.2705057796e-01  0.0000000000e+00  0.0000000000e+00
108.00  2  -2.9389262615e+00  0.0000000000e+00  0.0000000000e+00  -8.4720061539e-01  0.0000000000e+00  0.0000000000e+00  1.2891573140e-01  0.0000000000e+00  0.0000000000e+00
108.05  2  -2.9811243748e+00  0.0000000000e+00  0.0000000000e+00  -8.4070849408e-01  0.0000000000e+00  0.0000000000e+00  1.3076674778e-01  0.0000000000e+00  0.0000000000e+00
108.10  2  -3.0229955743e+00  0.0000000000e+00  0.0000000000e+00  -8.3412417961e-01  0.0000000000e+00  0.0000000000e+00  1.3260342411e-01  0.0000000000e+00  0.0000000000e+00
108.15  2  -3.0645352683e+00  0.0000000000e+00  0.0000000000e+00  -8.2744839403e-01  0.0000000000e+00  0.0000000000e+00  1.3442555898e-01  0.0000000000e+00  0.0000000000e+00
108.20  2  -3.1057389014e+00  0.0000000000e+00  0.0000000000e+00  -8.2068186940e-01  0.0000000000e+00  0.0000000000e+00  1.3623295258e-01  0.0000000000e+00  0.0000000000e+00
108.25  2  -3.1466019552e+00  0.0000000000e+00  0.0000000000e+00  -8.1382534776e-01  0.0000000000e+00  0.0000000000e+00  1.3802540669e-01  0.0000000000e+00  0.0000000000e+00
108.30  2  -3.1871199487e+00  0.0000000000e+00  0.0000000000e+00  -8.0687958100e-01  0.0000000000e+00  0.0000000000e+00  1.3980272477e-01  0.0000000000e+00  0.0000000000e+00
108.35  2  -3.2272884386e+00  0.0000000000e+00  0.0000000000e+00  -7.9984533080e-01  0.0000000000e+00  0.0000000000e+00  1.4156471190e-01  0.0000000000e+00  0.0000000000e+00
108.40  2  -3.2671030200e+00  0.0000000000e+00  0.0000000000e+00  -7.9272336855e-01  0.0000000000e+00  0.0000000000e+00  1.4331117486e-01  0.0000000000e+00  0.0000000000e+00
108.45  2  -3.3065593266e+00  0.0000000000e+00  0.0000000000e+00  -7.8551447524e-01  0.0000000000e+00  0.0000000000e+00  1.4504192214e-01  0.0000000000e+00  0.0000000000e+00
108.50  2  -3.3456530318e+00  0.0000000000e+00  0.0000000000e+00  -7.7821944142e-01  0.0000000000e+00  0.0000000000e+00  1.4675676394e-01  0.0000000000e+00  0.0000000000e+00
108.55  2  -3.3843798484e+00  0.0000000000e+00  0.0000000000e+00  -7.7083906707e-01  0.0000000000e+00  0.0000000000e+00  1.4845551221e-01  0.0000000000e+00  0.0000000000e+00
108.60  2  -3.4227355296e+00  0.0000000000e+00  0.0000000000e+00  -7.6337416153e-01  0.0000000000e+00  0.0000000000e+00  1.5013798065e-01  0.0000000000e+00  0.0000000000e+00
108.65  2  -3.4607158694e+00  0.0000000000e+00  0.0000000000e+00  -7.5582554342e-01  0.0000000000e+00  0.0000000000e+00  1.5180398478e-01  0.0000000000e+00  0.0000000000e+00
108.70  2  -3.4983167026e+00  0.0000000000e+00  0.0000000000e+00  -7.4819404051e-01  0.0000000000e+00  0.0000000000e+00  1.5345334188e-01  0.0000000000e+00  0.0000000000e+00
108.75  2  -3.5355339059e+00  0.0000000000e+00  0.0000000000e+00  -7.4048048969e-01  0.0000000000e+00  0.0000000000e+00  1.5508587110e-01  0.0000000000e+00  0.0000000000e+00
108.80  2  -3.5723633982e+00  0.0000000000e+00  0.0000000000e+00  -7.3268573685e-01  0.0000000000e+00  0.0000000000e+00  1.5670139341e-01  0.0000000000e+00  0.0000000000e+00
108.85  2  -3.6088011405e+00  0.0000000000e+00  0.0000000000e+00  -7.2481063675e-01  0.0000000000e+00  0.0000000000e+00  1.5829973164e-01  0.0000000000e+00  0.0000000000e+00
108.90  2  -3.6448431371e+00  0.0000000000e+00  0.0000000000e+00  -7.1685605301e-01  0.0000000000e+00  0.0000000000e+00  1.5988071052e-01  0.0000000000e+00  0.0000000000e+00
108.95  2  -3.6804854356e+00  0.0000000000e+00  0.0000000000e+00  -7.0882285792e-01  0.0000000000e+00  0.0000000000e+00  1.6144415668e-01  0.0000000000e+00  0.0000000000e+00
109.00  2  -3.7157241274e+00  0.0000000000e+00  0.0000000000e+00  -7.0071193241e-01  0.0000000000e+00  0.0000000000e+00  1.6298989867e-01  0.0000000000e+00  0.0000000000e+00
109.05  2  -3.7505553482e+00  0.0000000000e+00  0.0000000000e+00  -6.9252416594e-01  0.0000000000e+00  0.0000000000e+00  1.6451776698e-01  0.0000000000e+00  0.0000000000e+00
109.10  2  -3.7849752783e+00  0.0000000000e+00  0.0000000000e+00  -6.8426045640e-01  0.0000000000e+00  0.0000000000e+00  1.6602759406e-01  0.0000000000e+00  0.0000000000e+00
109.15  2  -3.8189801432e+00  0.0000000000e+00  0.0000000000e+00  -6.7592170999e-01  0.0000000000e+00  0.0000000000e+00  1.6751921435e-01  0.0000000000e+00  0.0000000000e+00
109.20  2  -3.8525662139e+00  0.0000000000e+00  0.0000000000e+00  -6.6750884114e-01  0.0000000000e+00  0.0000000000e+00  1.6899246427e-01  0.0000000000e+00  0.0000000000e+00
109.25  2  -3.8857298073e+00  0.0000000000e+00  0.0000000000e+00  -6.5902277243e-01  0.0000000000e+00  0.0000000000e+00  1.7044718226e-01  0.0000000000e+00  0.0000000000e+00
109.30  2  -3.9184672866e+00  0.0000000000e+00  0.0000000000e+00  -6.5046443444e-01  0.0000000000e+00  0.0000000000e+00  1.7188320879e-01  0.0000000000e+00  0.0000000000e+00
109.35  2  -3.9507750619e+00  0.0000000000e+00  0.0000000000e+00  -6.4183476570e-01  0.0000000000e+00  0.0000000000e+00  1.7330038639e-01  0.0000000000e+00  0.0000000000e+00
109.40  2  -3.9826495901e+00  0.0000000000e+00  0.0000000000e+00  -6.3313471254e-01  0.0000000000e+00  0.0000000000e+00  1.7469855966e-01  0.0000000000e+00  0.0000000000e+00
109.45  2  -4.0140873760e+00  0.0000000000e+00  0.0000000000e+00  -6.2436522903e-01  0.0000000000e+00  0.0000000000e+00  1.7607757525e-01  0.0000000000e+00  0.0000000000e+00
109.50  2  -4.0450849719e+00  0.0000000000e+00  0.0000000000e+00  -6.1552727683e-01  0.0000000000e+00  0.0000000000e+00  1.7743728196e-01  0.0000000000e+00  0.0000000000e+00
109.55  2  -4.0756389786e+00  0.0000000000e+00  0.0000000000e+00  -6.0662182513e-01  0.0000000000e+00  0.0000000000e+00  1.7877753067e-01  0.0000000000e+00  0.0000000000e+00
109.60  2  -4.1057460457e+00  0.0000000000e+00  0.0000000000e+00  -5.9764985051e-01  0.0000000000e+00  0.0000000000e+00  1.8009817441e-01  0.0000000000e+00  0.0000000000e+00
109.65  2  -4.1354028714e+00  0.0000000000e+00  0.0000000000e+00  -5.8861233686e-01  0.0000000000e+00  0.0000000000e+00  1.8139906835e-01  0.0000000000e+00  0.0000000000e+00
109.70  2  -4.1646062036e+00  0.0000000000e+00  0.0000000000e+00  -5.7951027522e-01  0.0000000000e+00  0.0000000000e+00  1.8268006985e-01  0.0000000000e+00  0.0000000000e+00
109.75  2  -4.1933528397e+00  0.0000000000e+00  0.0000000000e+00  -5.7034466375e-01  0.0000000000e+00  0.0000000000e+00  1.8394103841e-01  0.0000000000e+00  0.0000000000e+00
109.80  2  -4.2216396275e+00  0.0000000000e+00  0.0000000000e+00  -5.6111650757e-01  0.0000000000e+00  0.0000000000e+00  1.8518183577e-01  0.0000000000e+00  0.0000000000e+00
109.85  2  -4.2494634649e+00  0.0000000000e+00  0.0000000000e+00  -5.5182681863e-01  0.0000000000e+00  0.0000000000e+00  1.8640232585e-01  0.0000000000e+00  0.0000000000e+00
109.90  2  -4.2768213008e+00  0.0000000000e+00  0.0000000000e+00  -5.4247661567e-01  0.0000000000e+00  0.0000000000e+00  1.8760237481e-01  0.0000000000e+00  0.0000000000e+00
109.95  2  -4.3037101350e+00  0.0000000000e+00  0.0000000000e+00  -5.3306692403e-01  0.0000000000e+00  0.0000000000e+00  1.8878185106e-01  0.0000000000e+00  0.0000000000e+00
110.00  2  -4.3301270189e+00  0.0000000000e+00  0.0000000000e+00  -5.2359877560e-01  0.0000000000e+00  0.0000000000e+00  1.8994062526e-01  0.0000000000e+00  0.0000000000e+00
110.05  2  -4.3560690556e+00  0.0000000000e+00  0.0000000000e+00  -5.1407320866e-01  0.0000000000e+00  0.0000000000e+00  1.9107857032e-01  0.0000000000e+00  0.0000000000e+00
110.10  2  -4.3815334002e+00  0.0000000000e+00  0.0000000000e+00  -5.0449126780e-01  0.0000000000e+00  0.0000000000e+00  1.9219556147e-01  0.0000000000e+00  0.0000000000e+00
110.15  2  -4.4065172603e+00  0.0000000000e+00  0.0000000000e+00  -4.9485400379e-01  0.0000000000e+00  0.0000000000e+00  1.9329147620e-01  0.0000000000e+00  0.0000000000e+00
110.20  2  -4.4310178962e+00  0.0000000000e+00  0.0000000000e+00  -4.8516247346e-01  0.0000000000e+00  0.0000000000e+00  1.9436619435e-01  0.0000000000e+00  0.0000000000e+00
110.25  2  -4.4550326209e+00  0.0000000000e+00  0.0000000000e+00  -4.7541773959e-01  0.0000000000e+00  0.0000000000e+00  1.9541959806e-01  0.0000000000e+00  0.0000000000e+00
110.30  2  -4.4785588012e+00  0.0000000000e+00  0.0000000000e+00  -4.6562087082e-01  0.0000000000e+00  0.0000000000e+00  1.9645157180e-01  0.0000000000e+00  0.0000000000e+00
110.35  2  -4.5015938570e+00  0.0000000000e+00  0.0000000000e+00  -4.5577294147e-01  0.0000000000e+00  0.0000000000e+00  1.9746200241e-01  0.0000000000e+00  0.0000000000e+00
110.40  2  -4.5241352623e+00  0.0000000000e+00  0.0000000000e+00  -4.4587503148e-01  0.0000000000e+00  0.0000000000e+00  1.9845077909e-01  0.0000000000e+00  0.0000000000e+00
110.45  2  -4.5461805452e+00  0.0000000000e+00  0.0000000000e+00  -4.3592822627e-01  0.0000000000e+00  0.0000000000e+00  1.9941779341e-01  0.0000000000e+00  0.0000000000e+00
110.50  2  -4.5677272882e+00  0.0000000000e+00  0.0000000000e+00  -4.2593361661e-01  0.0000000000e+00  0.0000000000e+00  2.0036293932e-01  0.0000000000e+00  0.0000000000e+00
110.55  2  -4.5887731284e+00  0.0000000000e+00  0.0000000000e+00  -4.1589229854e-01  0.0000000000e+00  0.0000000000e+00  2.0128611317e-01  0.0000000000e+00  0.0000000000e+00
110.60  2  -4.6093157579e+00  0.0000000000e+00  0.0000000000e+00  -4.0580537318e-01  0.0000000000e+00  0.0000000000e+00  2.0218721374e-01  0.0000000000e+00  0.0000000000e+00
110.65  2  -4.6293529240e+00  0.0000000000e+00  0.0000000000e+00  -3.9567394670e-01  0.0000000000e+00  0.0000000000e+00  2.0306614219e-01  0.0000000000e+00  0.0000000000e+00
110.70  2  -4.6488824294e+00  0.0000000000e+00  0.0000000000e+00  -3.8549913011e-01  0.0000000000e+00  0.0000000000e+00  2.0392280216e-01  0.0000000000e+00  0.0000000000e+00
110.75  2  -4.6679021325e+00  0.0000000000e+00  0.0000000000e+00  -3.7528203919e-01  0.0000000000e+00  0.0000000000e+00  2.0475709969e-01  0.0000000000e+00  0.0000000000e+00
110.80  2  -4.6864099475e+00  0.0000000000e+00  0.0000000000e+00  -3.6502379437e-01  0.0000000000e+00  0.0000000000e+00  2.0556894330e-01  0.0000000000e+00  0.0000000000e+00
110.85  2  -4.7044038448e+00  0.0000000000e+00  0.0000000000e+00  -3.5472552058e-01  0.0000000000e+00  0.0000000000e+00  2.0635824396e-01  0.0000000000e+00  0.0000000000e+00
110.90  2  -4.7218818512e+00  0.0000000000e+00  0.0000000000e+00  -3.4438834713e-01  0.0000000000e+00  0.0000000000e+00  2.0712491511e-01  0.0000000000e+00  0.0000000000e+00
110.95  2  -4.7388420500e+00  0.0000000000e+00  0.0000000000e+00  -3.3401340763e-01  0.0000000000e+00  0.0000000000e+00  2.0786887268e-01  0.0000000000e+00  0.0000000000e+00
111.00  2  -4.7552825815e+00  0.0000000000e+00  0.0000000000e+00  -3.2360183979e-01  0.0000000000e+00  0.0000000000e+00  2.0859003509e-01  0.0000000000e+00  0.0000000000e+00
111.05  2  -4.7712016426e+00  0.0000000000e+00  0.0000000000e+00  -3.1315478536e-01  0.0000000000e+00  0.0000000000e+00  2.0928832324e-01  0.0000000000e+00  0.0000000000e+00
111.10  2  -4.7865974877e+00  0.0000000000e+00  0.0000000000e+00  -3.0267338998e-01  0.0000000000e+00  0.0000000000e+00  2.0996366058e-01  0.0000000000e+00  0.0000000000e+00
111.15  2  -4.8014684284e+00  0.0000000000e+00  0.0000000000e+00  -2.9215880305e-01  0.0000000000e+00  0.0000000000e+00  2.1061597303e-01  0.0000000000e+00  0.0000000000e+00
111.20  2  -4.8158128340e+00  0.0000000000e+00  0.0000000000e+00  -2.8161217762e-01  0.0000000000e+00  0.0000000000e+00  2.1124518907e-01  0.0000000000e+00  0.0000000000e+00
111.25  2  -4.8296291314e+00  0.0000000000e+00  0.0000000000e+00  -2.7103467023e-01  0.0000000000e+00  0.0000000000e+00  2.1185123969e-01  0.0000000000e+00  0.0000000000e+00
111.30  2  -4.8429158056e+00  0.0000000000e+00  0.0000000000e+00  -2.6042744085e-01  0.0000000000e+00  0.0000000000e+00  2.1243405844e-01  0.0000000000e+00  0.0000000000e+00
111.35  2  -4.8556713995e+00  0.0000000000e+00  0.0000000000e+00  -2.4979165265e-01  0.0000000000e+00  0.0000000000e+00  2.1299358140e-01  0.0000000000e+00  0.0000000000e+00
111.40  2  -4.8678945144e+00  0.0000000000e+00  0.0000000000e+00  -2.3912847199e-01  0.0000000000e+00  0.0000000000e+00  2.1352974721e-01  0.0000000000e+00  0.0000000000e+00
111.45  2  -4.8795838097e+00  0.0000000000e+00  0.0000000000e+00  -2.2843906820e-01  0.0000000000e+00  0.0000000000e+00  2.1404249708e-01  0.0000000000e+00  0.0000000000e+00
111.50  2  -4.8907380037e+00  0.0000000000e+00  0.0000000000e+00  -2.1772461349e-01  0.0000000000e+00  0.0000000000e+00  2.1453177478e-01  0.0000000000e+00  0.0000000000e+00
111.55  2  -4.9013558731e+00  0.0000000000e+00  0.0000000000e+00  -2.0698628282e-01  0.0000000000e+00  0.0000000000e+00  2.1499752665e-01  0.0000000000e+00  0.0000000000e+00
111.60  2  -4.9114362536e+00  0.0000000000e+00  0.0000000000e+00  -1.9622525377e-01  0.0000000000e+00  0.0000000000e+00  2.1543970162e-01  0.0000000000e+00  0.0000000000e+00
111.65  2  -4.9209780398e+00  0.0000000000e+00  0.0000000000e+00  -1.8544270642e-01  0.0000000000e+00  0.0000000000e+00  2.1585825120e-01  0.0000000000e+00  0.0000000000e+00
111.70  2  -4.9299801854e+00  0.0000000000e+00  0.0000000000e+00  -1.7463982318e-01  0.0000000000e+00  0.0000000000e+00  2.1625312949e-01  0.0000000000e+00  0.0000000000e+00
111.75  2  -4.9384417030e+00  0.0000000000e+00  0.0000000000e+00  -1.6381778871e-01  0.0000000000e+00  0.0000000000e+00  2.1662429318e-01  0.0000000000e+00  0.0000000000e+00
111.80  2  -4.9463616648e+00  0.0000000000e+00  0.0000000000e+00  -1.5297778978e-01  0.0000000000e+00  0.0000000000e+00  2.1697170158e-01  0.0000000000e+00  0.0000000000e+00
111.85  2  -4.9537392024e+00  0.0000000000e+00  0.0000000000e+00  -1.4212101511e-01  0.0000000000e+00  0.0000000000e+00  2.1729531659e-01  0.0000000000e+00  0.0000000000e+00
111.90  2  -4.9605735066e+00  0.0000000000e+00  0.0000000000e+00  -1.3124865527e-01  0.0000000000e+00  0.0000000000e+00  2.1759510272e-01  0.0000000000e+00  0.0000000000e+00
111.95  2  -4.9668638280e+00  0.0000000000e+00  0.0000000000e+00  -1.2036190254e-01  0.0000000000e+00  0.0000000000e+00  2.1787102710e-01  0.0000000000e+00  0.0000000000e+00
112.00  2  -4.9726094768e+00  0.0000000000e+00  0.0000000000e+00  -1.0946195076e-01  0.0000000000e+00  0.0000000000e+00  2.1812305946e-01  0.0000000000e+00  0.0000000000e+00
112.05  2  -4.9778098230e+00  0.0000000000e+00  0.0000000000e+00  -9.8549995254e-02  0.0000000000e+00  0.0000000000e+00  2.1835117216e-01  0.0000000000e+00  0.0000000000e+00
112.10  2  -4.9824642962e+00  0.0000000000e+00  0.0000000000e+00  -8.7627232627e-02  0.0000000000e+00  0.0000000000e+00  2.1855534021e-01  0.0000000000e+00  0.0000000000e+00
112.15  2  -4.9865723861e+00  0.0000000000e+00  0.0000000000e+00  -7.6694860686e-02  0.0000000000e+00  0.0000000000e+00  2.1873554119e-01  0.0000000000e+00  0.0000000000e+00
112.20  2  -4.9901336421e+00  0.0000000000e+00  0.0000000000e+00  -6.5754078289e-02  0.0000000000e+00  0.0000000000e+00  2.1889175536e-01  0.0000000000e+00  0.0000000000e+00
112.25  2  -4.9931476738e+00  0.0000000000e+00  0.0000000000e+00  -5.4806085217e-02  0.0000000000e+00  0.0000000000e+00  2.1902396558e-01  0.0000000000e+00  0.0000000000e+00
112.30  2  -4.9956141505e+00  0.0000000000e+00  0.0000000000e+00  -4.3852082040e-02  0.0000000000e+00  0.0000000000e+00  2.1913215736e-01  0.0000000000e+00  0.0000000000e+00
112.35  2  -4.9975328018e+00  0.0000000000e+00  0.0000000000e+00  -3.2893269988e-02  0.0000000000e+00  0.0000000000e+00  2.1921631882e-01  0.0000000000e+00  0.0000000000e+00
112.40  2  -4.9989034174e+00  0.0000000000e+00  0.0000000000e+00  -2.1930850818e-02  0.0000000000e+00  0.0000000000e+00  2.1927644075e-01  0.0000000000e+00  0.0000000000e+00
112.45  2  -4.9997258468e+00  0.0000000000e+00  0.0000000000e+00  -1.0966026683e-02  0.0000000000e+00  0.0000000000e+00  2.1931251654e-01  0.0000000000e+00  0.0000000000e+00
112.50  2  -5.0000000000e+00  0.0000000000e+00  0.0000000000e+00  -2.8220318791e-15  0.0000000000e+00  0.0000000000e+00  2.1932454225e-01  0.0000000000e+00  0.0000000000e+00
112.55  2  -4.9997258468e+00  0.0000000000e+00  0.0000000000e+00  1.0966026683e-02  0.0000000000e+00  0.0000000000e+00  2.1931251654e-01  0.0000000000e+00  0.0000000000e+00
112.60  2  -4.9989034174e+00  0.0000000000e+00  0.0000000000e+00  2.1930850818e-02  0.0000000000e+00  0.0000000000e+00  2.1927644075e-01  0.0000000000e+00  0.0000000000e+00
112.65  2  -4.9975328018e+00  0.0000000000e+00  0.0000000000e+00  3.2893269988e-02  0.0000000000e+00  0.0000000000e+00  2.1921631882e-01  0.0000000000e+00  0.0000000000e+00
112.70  2  -4.9956141505e+00  0.0000000000e+00  0.0000000000e+00  4.3852082040e-02  0.0000000000e+00  0.0000000000e+00  2.1913215736e-01  0.0000000000e+00  0.0000000000e+00
112.75  2  -4.9931476738e+00  0.0000000000e+00  0.0000000000e+00  5.4806085217e-02  0.0000000000e+00  0.0000000000e+00  2.1902396558e-01  0.0000000000e+00  0.0000000000e+00
112.80  2  -4.9901336421e+00  0.0000000000e+00  0.0000000000e+00  6.5754078289e-02  0.0000000000e+00  0.0000000000e+00  2.1889175536e-01  0.0000000000e+00  0.0000000000e+00
112.85  2  -4.9865723861e+00  0.0000000000e+00  0.0000000000e+00  7.6694860686e-02  0.0000000000e+00  0.0000000000e+00  2.1873554119e-01  0.0000000000e+00  0.0000000000e+00
112.90  2  -4.9824642962e+00  0.0000000000e+00  0.0000000000e+00  8.7627232627e-02  0.0000000000e+00  0.0000000000e+00  2.1855534021e-01  0.0000000000e+00  0.0000000000e+00
112.95  2  -4.9778098230e+00  0.0000000000e+00  0.0000000000e+00  9.8549995254e-02  0.0000000000e+00  0.0000000000e+00  2.1835117216e-01  0.0000000000e+00  0.0000000000e+00
113.00  2  -4.9726094768e+00  0.0000000000e+00  0.0000000000e+00  1.0946195076e-01  0.0000000000e+00  0.0000000000e+00  2.1812305946e-01  0.0000000000e+00  0.0000000000e+00
113.05  2  -4.9668638280e+00  0.0000000000e+00  0.0000000000e+00  1.2036190254e-01  0.0000000000e+00  0.0000000000e+00  2.1787102710e-01  0.0000000000e+00  0.0000000000e+00
113.10  2  -4.9605735066e+00  0.0000000000e+00  0.0000000000e+00  1.3124865527e-01  0.0000000000e+00  0.0000000000e+00  2.1759510272e-01  0.0000000000e+00  0.0000000000e+00
113.15  2  -4.9537392024e+00  0.0000000000e+00  0.0000000000e+00  1.4212101511e-01  0.0000000000e+00  0.0000000000e+00  2.1729531659e-01  0.0000000000e+00  0.0000000000e+00
113.20  2  -4.9463616648e+00  0.0000000000e+00  0.0000000000e+00  1.5297778978e-01  0.0000000000e+00  0.0000000000e+00  2.1697170158e-01  0.0000000000e+00  0.0000000000e+00
113.25  2  -4.9384417030e+00  0.0000000000e+00  0.0000000000e+00  1.6381778871e-01  0.0000000000e+00  0.0000000000e+00  2.1662429318e-01  0.0000000000e+00  0.0000000000e+00
113.30  2  -4.9299801854e+00  0.0000000000e+00  0.0000000000e+00  1.7463982318e-01  0.0000000000e+00  0.0000000000e+00  2.1625312949e-01  0.0000000000e+00  0.0000000000e+00
113.35  2  -4.9209780398e+00  0.0000000000e+00  0.0000000000e+00  1.8544270642e-01  0.0000000000e+00  0.0000000000e+00  2.1585825120e-01  0.0000000000e+00  0.0000000000e+00
113.40  2  -4.9114362536e+00  0.0000000000e+00  0.0000000000e+00  1.9622525377e-01  0.0000000000e+00  0.0000000000e+00  2.1543970162e-01  0.0000000000e+00  0.0000000000e+00
113.45  2  -4.9013558731e+00  0.0000000000e+00  0.0000000000e+00  2.0698628282e-01  0.0000000000e+00  0.0000000000e+00  2.1499752665e-01  0.0000000000e+00  0.0000000000e+00
113.50  2  -4.8907380037e+00  0.0000000000e+00  0.0000000000e+00  2.1772461349e-01  0.0000000000e+00  0.0000000000e+00  2.1453177478e-01  0.0000000000e+00  0.0000000000e+00
113.55  2  -4.8795838097e+00  0.0000000000e+00  0.0000000000e+00  2.2843906820e-01  0.0000000000e+00  0.0000000000e+00  2.1404249708e-01  0.0000000000e+00  0.0000000000e+00
113.60  2  -4.8678945144e+00  0.0000000000e+00  0.0000000000e+00  2.3912847199e-01  0.0000000000e+00  0.0000000000e+00  2.1352974721e-01  0.0000000000e+00  0.0000000000e+00
113.65  2  -4.8556713995e+00  0.0000000000e+00  0.0000000000e+00  2.4979165265e-01  0.0000000000e+00  0.0000000000e+00  2.1299358140e-01  0.0000000000e+00  0.0000000000e+00
113.70  2  -4.8429158056e+00  0.0000000000e+00  0.0000000000e+00  2.6042744085e-01  0.0000000000e+00  0.0000000000e+00  2.1243405844e-01  0.0000000000e+00  0.0000000000e+00
113.75  2  -4.8296291314e+00  0.0000000000e+00  0.0000000000e+00  2.7103467023e-01  0.0000000000e+00  0.0000000000e+00  2.1185123969e-01  0.0000000000e+00  0.0000000000e+00
113.80  2  -4.8158128340e+00  0.0000000000e+00  0.0000000000e+00  2.8161217762e-01  0.0000000000e+00  0.0000000000e+00  2.1124518907e-01  0.0000000000e+00  0.0000000000e+00
113.85  2  -4.8014684284e+00  0.0000000000e+00  0.0000000000e+00  2.9215880305e-01  0.0000000000e+00  0.0000000000e+00  2.1061597303e-01  0.0000000000e+00  0.0000000000e+00
113.90  2  -4.7865974877e+00  0.0000000000e+00  0.0000000000e+00  3.0267338998e-01  0.0000000000e+00  0.0000000000e+00  2.0996366058e-01  0.0000000000e+00  0.0000000000e+00
113.95  2  -4.7712016426e+00  0.0000000000e+00  0.0000000000e+00  3.1315478536e-01  0.0000000000e+00  0.0000000000e+00  2.0928832324e-01  0.0000000000e+00  0.0000000000e+00
114.00  2  -4.7552825815e+00  0.0000000000e+00  0.0000000000e+00  3.2360183979e-01  0.0000000000e+00  0.0000000000e+00  2.0859003509e-01  0.0000000000e+00  0.0000000000e+00
114.05  2  -4.7388420500e+00  0.0000000000e+00  0.0000000000e+00  3.3401340763e-01  0.0000000000e+00  0.0000000000e+00  2.0786887268e-01  0.0000000000e+00  0.0000000000e+00
114.10  2  -4.7218818512e+00  0.0000000000e+00  0.0000000000e+00  3.4438834713e-01  0.0000000000e+00  0.0000000000e+00  2.0712491511e-01  0.0000000000e+00  0.0000000000e+00
114.15  2  -4.7044038448e+00  0.0000000000e+00  0.0000000000e+00  3.5472552058e-01  0.0000000000e+00  0.0000000000e+00  2.0635824396e-01  0.0000000000e+00  0.0000000000e+00
114.20  2  -4.6864099475e+00  0.0000000000e+00  0.0000000000e+00  3.6502379437e-01  0.0000000000e+00  0.0000000000e+00  2.0556894330e-01  0.0000000000e+00  0.0000000000e+00
114.25  2  -4.6679021325e+00  0.0000000000e+00  0.0000000000e+00  3.7528203919e-01  0.0000000000e+00  0.0000000000e+00  2.0475709969e-01  0.0000000000e+00  0.0000000000e+00
114.30  2  -4.6488824294e+00  0.0000000000e+00  0.0000000000e+00  3.8549913011e-01  0.0000000000e+00  0.0000000000e+00  2.0392280216e-01  0.0000000000e+00  0.0000000000e+00
114.35  2  -4.6293529240e+00  0.0000000000e+00  0.0000000000e+00  3.9567394670e-01  0.0000000000e+00  0.0000000000e+00  2.0306614219e-01  0.0000000000e+00  0.0000000000e+00
114.40  2  -4.6093157579e+00  0.0000000000e+00  0.0000000000e+00  4.0580537318e-01  0.0000000000e+00  0.0000000000e+00  2.0218721374e-01  0.0000000000e+00  0.0000000000e+00
114.45  2  -4.5887731284e+00  0.0000000000e+00  0.0000000000e+00  4.1589229854e-01  0.0000000000e+00  0.0000000000e+00  2.0128611317e-01  0.0000000000e+00  0.0000000000e+00
114.50  2  -4.5677272882e+00  0.0000000000e+00  0.0000000000e+00  4.2593361661e-01  0.0000000000e+00  0.0000000000e+00  2.0036293932e-01  0.0000000000e+00  0.0000000000e+00
114.55  2  -4.5461805452e+00  0.0000000000e+00  0.0000000000e+00  4.3592822627e-01  0.0000000000e+00  0.0000000000e+00  1.9941779341e-01  0.0000000000e+00  0.0000000000e+00
114.60  2  -4.5241352623e+00  0.0000000000e+00  0.0000000000e+00  4.4587503148e-01  0.0000000000e+00  0.0000000000e+00  1.9845077909e-01  0.0000000000e+00  0.0000000000e+00
114.65  2  -4.5015938570e+00  0.0000000000e+00  0.0000000000e+00  4.5577294147e-01  0.0000000000e+00  0.0000000000e+00  1.9746200241e-01  0.0000000000e+00  0.0000000000e+00
114.70  2  -4.4785588012e+00  0.0000000000e+00  0.0000000000e+00  4.6562087082e-01  0.0000000000e+00  0.0000000000e+00  1.9645157180e-01  0.0000000000e+00  0.0000000000e+00
114.75  2  -4.4550326209e+00  0.0000000000e+00  0.0000000000e+00  4.7541773959e-01  0.0000000000e+00  0.0000000000e+00  1.9541959806e-01  0.0000000000e+00  0.0000000000e+00
114.80  2  -4.4310178962e+00  0.0000000000e+00  0.0000000000e+00  4.8516247346e-01  0.0000000000e+00  0.0000000000e+00  1.9436619435e-01  0.0000000000e+00  0.0000000000e+00
114.85  2  -4.4065172603e+00  0.0000000000e+00  0.0000000000e+00  4.9485400379e-01  0.0000000000e+00  0.0000000000e+00  1.9329147620e-01  0.0000000000e+00  0.0000000000e+00
114.90  2  -4.3815334002e+00  0.0000000000e+00  0.0000000000e+00  5.0449126780e-01  0.0000000000e+00  0.0000000000e+00  1.9219556147e-01  0.0000000000e+00  0.0000000000e+00
114.95  2  -4.3560690556e+00  0.0000000000e+00  0.0000000000e+00  5.1407320866e-01  0.0000000000e+00  0.0000000000e+00  1.9107857032e-01  0.0000000000e+00  0.0000000000e+00
115.00  2  -4.3301270189e+00  0.0000000000e+00  0.0000000000e+00  5.2359877560e-01  0.0000000000e+00  0.0000000000e+00  1.8994062526e-01  0.0000000000e+00  0.0000000000e+00
115.05  2  -4.3037101350e+00  0.0000000000e+00  0.0000000000e+00  5.3306692403e-01  0.0000000000e+00  0.0000000000e+00  1.8878185106e-01  0.0000000000e+00  0.0000000000e+00
115.10  2  -4.2768213008e+00  0.0000000000e+00  0.0000000000e+00  5.4247661567e-01  0.0000000000e+00  0.0000000000e+00  1.8760237481e-01  0.0000000000e+00  0.0000000000e+00
115.15  2  -4.2494634649e+00  0.0000000000e+00  0.0000000000e+00  5.5182681863e-01  0.0000000000e+00  0.0000000000e+00  1.8640232585e-01  0.0000000000e+00  0.0000000000e+00
115.20  2  -4.2216396275e+00  0.0000000000e+00  0.0000000000e+00  5.6111650757e-01  0.0000000000e+00  0.0000000000e+00  1.8518183577e-01  0.0000000000e+00  0.0000000000e+00
115.25  2  -4.1933528397e+00  0.0000000000e+00  0.0000000000e+00  5.7034466375e-01  0.0000000000e+00  0.0000000000e+00  1.8394103841e-01  0.0000000000e+00  0.0000000000e+00
115.30  2  -4.1646062036e+00  0.0000000000e+00  0.0000000000e+00  5.7951027522e-01  0.0000000000e+00  0.0000000000e+00  1.8268006985e-01  0.0000000000e+00  0.0000000000e+00
115.35  2  -4.1354028714e+00  0.0000000000e+00  0.0000000000e+00  5.8861233686e-01  0.0000000000e+00  0.0000000000e+00  1.8139906835e-01  0.0000000000e+00  0.0000000000e+00
115.40  2  -4.1057460457e+00  0.0000000000e+00  0.0000000000e+00  5.9764985051e-01  0.0000000000e+00  0.0000000000e+00  1.8009817441e-01  0.0000000000e+00  0.0000000000e+00
115.45  2  -4.0756389786e+00  0.0000000000e+00  0.0000000000e+00  6.0662182513e-01  0.0000000000e+00  0.0000000000e+00  1.7877753067e-01  0.0000000000e+00  0.0000000000e+00
115.50  2  -4.0450849719e+00  0.0000000000e+00  0.0000000000e+00  6.1552727683e-01  0.0000000000e+00  0.0000000000e+00  1.7743728196e-01  0.0000000000e+00  0.0000000000e+00
115.55  2  -4.0140873760e+00  0.0000000000e+00  0.0000000000e+00  6.2436522903e-01  0.0000000000e+00  0.0000000000e+00  1.7607757525e-01  0.0000000000e+00  0.0000000000e+00
115.60  2  -3.9826495901e+00  0.0000000000e+00  0.0000000000e+00  6.3313471254e-01  0.0000000000e+00  0.0000000000e+00  1.7469855966e-01  0.0000000000e+00  0.0000000000e+00
115.65  2  -3.9507750619e+00  0.0000000000e+00  0.0000000000e+00  6.4183476570e-01  0.0000000000e+00  0.0000000000e+00  1.7330038639e-01  0.0000000000e+00  0.0000000000e+00
115.70  2  -3.9184672866e+00  0.0000000000e+00  0.0000000000e+00  6.5046443444e-01  0.0000000000e+00  0.0000000000e+00  1.7188320879e-01  0.0000000000e+00  0.0000000000e+00
115.75  2  -3.8857298073e+00  0.0000000000e+00  0.0000000000e+00  6.5902277243e-01  0.0000000000e+00  0.0000000000e+00  1.7044718226e-01  0.0000000000e+00  0.0000000000e+00
115.80  2  -3.8525662139e+00  0.0000000000e+00  0.0000000000e+00  6.6750884114e-01  0.0000000000e+00  0.0000000000e+00  1.6899246427e-01  0.0000000000e+00  0.0000000000e+00
115.85  2  -3.8189801432e+00  0.0000000000e+00  0.0000000000e+00  6.7592170999e-01  0.0000000000e+00  0.0000000000e+00  1.6751921435e-01  0.0000000000e+00  0.0000000000e+00
115.90  2  -3.7849752783e+00  0.0000000000e+00  0.0000000000e+00  6.8426045640e-01  0.0000000000e+00  0.0000000000e+00  1.6602759406e-01  0.0000000000e+00  0.0000000000e+00
115.95  2  -3.7505553482e+00  0.0000000000e+00  0.0000000000e+00  6.9252416594e-01  0.0000000000e+00  0.0000000000e+00  1.6451776698e-01  0.0000000000e+00  0.0000000000e+00
116.00  2  -3.7157241274e+00  0.0000000000e+00  0.0000000000e+00  7.0071193241e-01  0.0000000000e+00  0.0000000000e+00  1.6298989867e-01  0.0000000000e+00  0.0000000000e+00
116.05  2  -3.6804854356e+00  0.0000000000e+00  0.0000000000e+00  7.0882285792e-01  0.0000000000e+00  0.0000000000e+00  1.6144415668e-01  0.0000000000e+00  0.0000000000e+00
116.10  2  -3.6448431371e+00  0.0000000000e+00  0.0000000000e+00  7.1685605301e-01  0.0000000000e+00  0.0000000000e+00  1.5988071052e-01  0.0000000000e+00  0.0000000000e+00
116.15  2  -3.6088011405e+00  0.0000000000e+00  0.0000000000e+00  7.2481063675e-01  0.0000000000e+00  0.0000000000e+00  1.5829973164e-01  0.0000000000e+00  0.0000000000e+00
116.20  2  -3.5723633982e+00  0.0000000000e+00  0.0000000000e+00  7.3268573685e-01  0.0000000000e+00  0.0000000000e+00  1.5670139341e-01  0.0000000000e+00  0.0000000000e+00
116.25  2  -3.5355339059e+00  0.0000000000e+00  0.0000000000e+00  7.4048048969e-01  0.0000000000e+00  0.0000000000e+00  1.5508587110e-01  0.0000000000e+00  0.0000000000e+00
116.30  2  -3.4983167026e+00  0.0000000000e+00  0.0000000000e+00  7.4819404051e-01  0.0000000000e+00  0.0000000000e+00  1.5345334188e-01  0.0000000000e+00  0.0000000000e+00
116.35  2  -3.4607158694e+00  0.0000000000e+00  0.0000000000e+00  7.5582554342e-01  0.0000000000e+00  0.0000000000e+00  1.5180398478e-01  0.0000000000e+00  0.0000000000e+00
116.40  2  -3.4227355296e+00  0.0000000000e+00  0.0000000000e+00  7.6337416153e-01  0.0000000000e+00  0.0000000000e+00  1.5013798065e-01  0.0000000000e+00  0.0000000000e+00
116.45  2  -3.3843798484e+00  0.0000000000e+00  0.0000000000e+00  7.7083906707e-01  0.0000000000e+00  0.0000000000e+00  1.4845551221e-01  0.0000000000e+00  0.0000000000e+00
116.50  2  -3.3456530318e+00  0.0000000000e+00  0.0000000000e+00  7.7821944142e-01  0.0000000000e+00  0.0000000000e+00  1.4675676394e-01  0.0000000000e+00  0.0000000000e+00
116.55  2  -3.3065593266e+00  0.0000000000e+00  0.0000000000e+00  7.8551447524e-01  0.0000000000e+00  0.0000000000e+00  1.4504192214e-01  0.0000000000e+00  0.0000000000e+00
116.60  2  -3.2671030200e+00  0.0000000000e+00  0.0000000000e+00  7.9272336855e-01  0.0000000000e+00  0.0000000000e+00  1.4331117486e-01  0.0000000000e+00  0.0000000000e+00
116.65  2  -3.2272884386e+00  0.0000000000e+00  0.0000000000e+00  7.9984533080e-01  0.0000000000e+00  0.0000000000e+00  1.4156471190e-01  0.0000000000e+00  0.0000000000e+00
116.70  2  -3.1871199487e+00  0.0000000000e+00  0.0000000000e+00  8.0687958100e-01  0.0000000000e+00  0.0000000000e+00  1.3980272477e-01  0.0000000000e+00  0.0000000000e+00
116.75  2  -3.1466019552e+00  0.0000000000e+00  0.0000000000e+00  8.1382534776e-01  0.0000000000e+00  0.0000000000e+00  1.3802540669e-01  0.0000000000e+00  0.0000000000e+00
116.80  2  -3.1057389014e+00  0.0000000000e+00  0.0000000000e+00  8.2068186940e-01  0.0000000000e+00  0.0000000000e+00  1.3623295258e-01  0.0000000000e+00  0.0000000000e+00
116.85  2  -3.0645352683e+00  0.0000000000e+00  0.0000000000e+00  8.2744839403e-01  0.0000000000e+00  0.0000000000e+00  1.3442555898e-01  0.0000000000e+00  0.0000000000e+00
116.90  2  -3.0229955743e+00  0.0000000000e+00  0.0000000000e+00  8.3412417961e-01  0.0000000000e+00  0.0000000000e+00  1.3260342411e-01  0.0000000000e+00  0.0000000000e+00
116.95  2  -2.9811243748e+00  0.0000000000e+00  0.0000000000e+00  8.4070849408e-01  0.0000000000e+00  0.0000000000e+00  1.3076674778e-01  0.0000000000e+00  0.0000000000e+00
117.00  2  -2.9389262615e+00  0.0000000000e+00  0.0000000000e+00  8.4720061539e-01  0.0000000000e+00  0.0000000000e+00  1.2891573140e-01  0.0000000000e+00  0.0000000000e+00
117.05  2  -2.8964058617e+00  0.0000000000e+00  0.0000000000e+00  8.5359983160e-01  0.0000000000e+00  0.0000000000e+00  1.2705057796e-01  0.0000000000e+00  0.0000000000e+00
117.10  2  -2.8535678384e+00  0.0000000000e+00  0.0000000000e+00  8.5990544097e-01  0.0000000000e+00  0.0000000000e+00  1.2517149199e-01  0.0000000000e+00  0.0000000000e+00
117.15  2  -2.8104168893e+00  0.0000000000e+00  0.0000000000e+00  8.6611675202e-01  0.0000000000e+00  0.0000000000e+00  1.2327867955e-01  0.0000000000e+00  0.0000000000e+00
117.20  2  -2.7669577462e+00  0.0000000000e+00  0.0000000000e+00  8.7223308361e-01  0.0000000000e+00  0.0000000000e+00  1.2137234822e-01  0.0000000000e+00  0.0000000000e+00
117.25  2  -2.7231951751e+00  0.0000000000e+00  0.0000000000e+00  8.7825376501e-01  0.0000000000e+00  0.0000000000e+00  1.1945270704e-01  0.0000000000e+00  0.0000000000e+00
117.30  2  -2.6791339749e+00  0.0000000000e+00  0.0000000000e+00  8.8417813599e-01  0.0000000000e+00  0.0000000000e+00  1.1751996653e-01  0.0000000000e+00  0.0000000000e+00
117.35  2  -2.6347789775e+00  0.0000000000e+00  0.0000000000e+00  8.9000554688e-01  0.0000000000e+00  0.0000000000e+00  1.1557433863e-01  0.0000000000e+00  0.0000000000e+00
117.40  2  -2.5901350469e+00  0.0000000000e+00  0.0000000000e+00  8.9573535862e-01  0.0000000000e+00  0.0000000000e+00  1.1361603670e-01  0.0000000000e+00  0.0000000000e+00
117.45  2  -2.5452070788e+00  0.0000000000e+00  0.0000000000e+00  9.0136694289e-01  0.0000000000e+00  0.0000000000e+00  1.1164527549e-01  0.0000000000e+00  0.0000000000e+00
117.50  2  -2.5000000000e+00  0.0000000000e+00  0.0000000000e+00  9.0689968212e-01  0.0000000000e+00  0.0000000000e+00  1.0966227112e-01  0.0000000000e+00  0.0000000000e+00
117.55  2  -2.4545187681e+00  0.0000000000e+00  0.0000000000e+00  9.1233296957e-01  0.0000000000e+00  0.0000000000e+00  1.0766724105e-01  0.0000000000e+00  0.0000000000e+00
117.60  2  -2.4087683705e+00  0.0000000000e+00  0.0000000000e+00  9.1766620944e-01  0.0000000000e+00  0.0000000000e+00  1.0566040405e-01  0.0000000000e+00  0.0000000000e+00
117.65  2  -2.3627538243e+00  0.0000000000e+00  0.0000000000e+00  9.2289881686e-01  0.0000000000e+00  0.0000000000e+00  1.0364198019e-01  0.0000000000e+00  0.0000000000e+00
117.70  2  -2.3164801756e+00  0.0000000000e+00  0.0000000000e+00  9.2803021803e-01  0.0000000000e+00  0.0000000000e+00  1.0161219083e-01  0.0000000000e+00  0.0000000000e+00
117.75  2  -2.2699524987e+00  0.0000000000e+00  0.0000000000e+00  9.3305985023e-01  0.0000000000e+00  0.0000000000e+00  9.9571258540e-02  0.0000000000e+00  0.0000000000e+00
117.80  2  -2.2231758959e+00  0.0000000000e+00  0.0000000000e+00  9.3798716190e-01  0.0000000000e+00  0.0000000000e+00  9.7519407141e-02  0.0000000000e+00  0.0000000000e+00
117.85  2  -2.1761554969e+00  0.0000000000e+00  0.0000000000e+00  9.4281161271e-01  0.0000000000e+00  0.0000000000e+00  9.5456861641e-02  0.0000000000e+00  0.0000000000e+00
117.90  2  -2.1288964578e+00  0.0000000000e+00  0.0000000000e+00  9.4753267360e-01  0.0000000000e+00  0.0000000000e+00  9.3383848221e-02  0.0000000000e+00  0.0000000000e+00
117.95  2  -2.0814039613e+00  0.0000000000e+00  0.0000000000e+00  9.5214982685e-01  0.0000000000e+00  0.0000000000e+00  9.1300594208e-02  0.0000000000e+00  0.0000000000e+00
118.00  2  -2.0336832154e+00  0.0000000000e+00  0.0000000000e+00  9.5666256615e-01  0.0000000000e+00  0.0000000000e+00  8.9207328057e-02  0.0000000000e+00  0.0000000000e+00
118.05  2  -1.9857394532e+00  0.0000000000e+00  0.0000000000e+00  9.6107039662e-01  0.0000000000e+00  0.0000000000e+00  8.7104279318e-02  0.0000000000e+00  0.0000000000e+00
118.10  2  -1.9375779323e+00  0.0000000000e+00  0.0000000000e+00  9.6537283488e-01  0.0000000000e+00  0.0000000000e+00  8.4991678612e-02  0.0000000000e+00  0.0000000000e+00
118.15  2  -1.8892039341e+00  0.0000000000e+00  0.0000000000e+00  9.6956940914e-01  0.0000000000e+00  0.0000000000e+00  8.2869757611e-02  0.0000000000e+00  0.0000000000e+00
118.20  2  -1.8406227634e+00  0.0000000000e+00  0.0000000000e+00  9.7365965918e-01  0.0000000000e+00  0.0000000000e+00  8.0738749007e-02  0.0000000000e+00  0.0000000000e+00
118.25  2  -1.7918397477e+00  0.0000000000e+00  0.0000000000e+00  9.7764313647e-01  0.0000000000e+00  0.0000000000e+00  7.8598886490e-02  0.0000000000e+00  0.0000000000e+00
118.30  2  -1.7428602366e+00  0.0000000000e+00  0.0000000000e+00  9.8151940418e-01  0.0000000000e+00  0.0000000000e+00  7.6450404719e-02  0.0000000000e+00  0.0000000000e+00
118.35  2  -1.6936896012e+00  0.0000000000e+00  0.0000000000e+00  9.8528803722e-01  0.0000000000e+00  0.0000000000e+00  7.4293539299e-02  0.0000000000e+00  0.0000000000e+00
118.40  2  -1.6443332337e+00  0.0000000000e+00  0.0000000000e+00  9.8894862232e-01  0.0000000000e+00  0.0000000000e+00  7.2128526756e-02  0.0000000000e+00  0.0000000000e+00
118.45  2  -1.5947965465e+00  0.0000000000e+00  0.0000000000e+00  9.9250075806e-01  0.0000000000e+00  0.0000000000e+00  6.9955604507e-02  0.0000000000e+00  0.0000000000e+00
118.50  2  -1.5450849719e+00  0.0000000000e+00  0.0000000000e+00  9.9594405491e-01  0.0000000000e+00  0.0000000000e+00  6.7775010838e-02  0.0000000000e+00  0.0000000000e+00
118.55  2  -1.4952039613e+00  0.0000000000e+00  0.0000000000e+00  9.9927813528e-01  0.0000000000e+00  0.0000000000e+00  6.5586984875e-02  0.0000000000e+00  0.0000000000e+00
118.60  2  -1.4451589847e+00  0.0000000000e+00  0.0000000000e+00  1.0025026335e+00  0.0000000000e+00  0.0000000000e+00  6.3391766560e-02  0.0000000000e+00  0.0000000000e+00
118.65  2  -1.3949555302e+00  0.0000000000e+00  0.0000000000e+00  1.0056171961e+00  0.0000000000e+00  0.0000000000e+00  6.1189596623e-02  0.0000000000e+00  0.0000000000e+00
118.70  2  -1.3445991031e+00  0.0000000000e+00  0.0000000000e+00  1.0086214814e+00  0.0000000000e+00  0.0000000000e+00  5.8980716557e-02  0.0000000000e+00  0.0000000000e+00
118.75  2  -1.2940952255e+00  0.0000000000e+00  0.0000000000e+00  1.0115151599e+00  0.0000000000e+00  0.0000000000e+00  5.6765368592e-02  0.0000000000e+00  0.0000000000e+00
118.80  2  -1.2434494358e+00  0.0000000000e+00  0.0000000000e+00  1.0142979145e+00  0.0000000000e+00  0.0000000000e+00  5.4543795664e-02  0.0000000000e+00  0.0000000000e+00
118.85  2  -1.1926672879e+00  0.0000000000e+00  0.0000000000e+00  1.0169694398e+00  0.0000000000e+00  0.0000000000e+00  5.2316241394e-02  0.0000000000e+00  0.0000000000e+00
118.90  2  -1.1417543506e+00  0.0000000000e+00  0.0000000000e+00  1.0195294430e+00  0.0000000000e+00  0.0000000000e+00  5.0082950059e-02  0.0000000000e+00  0.0000000000e+00
118.95  2  -1.0907162070e+00  0.0000000000e+00  0.0000000000e+00  1.0219776433e+00  0.0000000000e+00  0.0000000000e+00  4.7844166563e-02  0.0000000000e+00  0.0000000000e+00
119.00  2  -1.0395584541e+00  0.0000000000e+00  0.0000000000e+00  1.0243137722e+00  0.0000000000e+00  0.0000000000e+00  4.5600136416e-02  0.0000000000e+00  0.0000000000e+00
119.05  2  -9.8828670190e-01  0.0000000000e+00  0.0000000000e+00  1.0265375736e+00  0.0000000000e+00  0.0000000000e+00  4.3351105700e-02  0.0000000000e+00  0.0000000000e+00
119.10  2  -9.3690657293e-01  0.0000000000e+00  0.0000000000e+00  1.0286488035e+00  0.0000000000e+00  0.0000000000e+00  4.1097321047e-02  0.0000000000e+00  0.0000000000e+00
119.15  2  -8.8542370160e-01  0.0000000000e+00  0.0000000000e+00  1.0306472306e+00  0.0000000000e+00  0.0000000000e+00  3.8839029609e-02  0.0000000000e+00  0.0000000000e+00
119.20  2  -8.3384373358e-01  0.0000000000e+00  0.0000000000e+00  1.0325326355e+00  0.0000000000e+00  0.0000000000e+00  3.6576479035e-02  0.0000000000e+00  0.0000000000e+00
119.25  2  -7.8217232520e-01  0.0000000000e+00  0.0000000000e+00  1.0343048116e+00  0.0000000000e+00  0.0000000000e+00  3.4309917437e-02  0.0000000000e+00  0.0000000000e+00
119.30  2  -7.3041514281e-01  0.0000000000e+00  0.0000000000e+00  1.0359635645e+00  0.0000000000e+00  0.0000000000e+00  3.2039593369e-02  0.0000000000e+00  0.0000000000e+00
119.35  2  -6.7857786217e-01  0.0000000000e+00  0.0000000000e+00  1.0375087124e+00  0.0000000000e+00  0.0000000000e+00  2.9765755800e-02  0.0000000000e+00  0.0000000000e+00
119.40  2  -6.2666616782e-01  0.0000000000e+00  0.0000000000e+00  1.0389400857e+00  0.0000000000e+00  0.0000000000e+00  2.7488654080e-02  0.0000000000e+00  0.0000000000e+00
119.45  2  -5.7468575246e-01  0.0000000000e+00  0.0000000000e+00  1.0402575276e+00  0.0000000000e+00  0.0000000000e+00  2.5208537919e-02  0.0000000000e+00  0.0000000000e+00
119.50  2  -5.2264231634e-01  0.0000000000e+00  0.0000000000e+00  1.0414608934e+00  0.0000000000e+00  0.0000000000e+00  2.2925657358e-02  0.0000000000e+00  0.0000000000e+00
119.55  2  -4.7054156659e-01  0.0000000000e+00  0.0000000000e+00  1.0425500514e+00  0.0000000000e+00  0.0000000000e+00  2.0640262740e-02  0.0000000000e+00  0.0000000000e+00
119.60  2  -4.1838921666e-01  0.0000000000e+00  0.0000000000e+00  1.0435248820e+00  0.0000000000e+00  0.0000000000e+00  1.8352604685e-02  0.0000000000e+00  0.0000000000e+00
119.65  2  -3.6619098564e-01  0.0000000000e+00  0.0000000000e+00  1.0443852783e+00  0.0000000000e+00  0.0000000000e+00  1.6062934060e-02  0.0000000000e+00  0.0000000000e+00
119.70  2  -3.1395259765e-01  0.0000000000e+00  0.0000000000e+00  1.0451311460e+00  0.0000000000e+00  0.0000000000e+00  1.3771501953e-02  0.0000000000e+00  0.0000000000e+00
119.75  2  -2.6167978121e-01  0.0000000000e+00  0.0000000000e+00  1.0457624033e+00  0.0000000000e+00  0.0000000000e+00  1.1478559646e-02  0.0000000000e+00  0.0000000000e+00
119.80  2  -2.0937826865e-01  0.0000000000e+00  0.0000000000e+00  1.0462789810e+00  0.0000000000e+00  0.0000000000e+00  9.1843585854e-03  0.0000000000e+00  0.0000000000e+00
119.85  2  -1.5705379539e-01  0.0000000000e+00  0.0000000000e+00  1.0466808224e+00  0.0000000000e+00  0.0000000000e+00  6.8891503564e-03  0.0000000000e+00  0.0000000000e+00
119.90  2  -1.0471209942e-01  0.0000000000e+00  0.0000000000e+00  1.0469678835e+00  0.0000000000e+00  0.0000000000e+00  4.5931866544e-03  0.0000000000e+00  0.0000000000e+00
119.95  2  -5.2358920581e-02  0.0000000000e+00  0.0000000000e+00  1.0471401327e+00  0.0000000000e+00  0.0000000000e+00  2.2967192578e-03  0.0000000000e+00  0.0000000000e+00
120.00  2  -4.8985871966e-15  0.0000000000e+00  0.0000000000e+00  1.0471975512e+00  0.0000000000e+00  0.0000000000e+00  2.1487607891e-16  0.0000000000e+00  0.0000000000e+00
