# File: examples/data/vessel/vessel_surge_heave_pitch_12s_dt005.txt
# 6-DOF vessel record for lazy_wave_vessel_motion.dat, written by generate_vessel_motion.py.
# Surge 1.5 m, heave 2.0 m and pitch 3.0 deg at a 12 s period about the reference point,
# reaching full amplitude after a 12 s C2 quintic ramp; roll, sway and yaw are zero.
# Columns: time(s) x y z(m) roll pitch yaw(deg) vx vy vz(m/s) wx wy wz(rad/s) ax ay az(m/s2) alx aly alz(rad/s2)
0.00 0.000000000e+00 0.000000000e+00 0.000000000e+00 0.000000000e+00 0.000000000e+00 0.000000000e+00 0.000000000e+00 0.000000000e+00 0.000000000e+00 0.000000000e+00 0.000000000e+00 0.000000000e+00 0.000000000e+00 0.000000000e+00 0.000000000e+00 0.000000000e+00 0.000000000e+00 0.000000000e+00
0.05 1.077929557e-06 0.000000000e+00 3.763543845e-08 0.000000000e+00 -2.155859114e-06 0.000000000e+00 6.452585878e-05 0.000000000e+00 3.005944914e-06 0.000000000e+00 -2.252377377e-06 0.000000000e+00 2.568758404e-03 0.000000000e+00 1.798645984e-04 0.000000000e+00 -8.966658366e-05 0.000000000e+00
0.10 8.560662111e-06 0.000000000e+00 5.981937205e-07 0.000000000e+00 -1.712132422e-05 0.000000000e+00 2.555085947e-04 0.000000000e+00 2.384706847e-05 0.000000000e+00 -8.918932489e-06 0.000000000e+00 5.055505505e-03 0.000000000e+00 7.113298132e-04 0.000000000e+00 -1.764704328e-04 0.000000000e+00
0.15 2.866167758e-05 0.000000000e+00 3.007630595e-06 0.000000000e+00 -5.732335516e-05 0.000000000e+00 5.684381457e-04 0.000000000e+00 7.978296757e-05 0.000000000e+00 -1.984223447e-05 0.000000000e+00 7.443981290e-03 0.000000000e+00 1.581403502e-03 0.000000000e+00 -2.598439659e-04 0.000000000e+00
0.20 6.734893067e-05 0.000000000e+00 9.438210472e-06 0.000000000e+00 -1.346978613e-04 0.000000000e+00 9.980096876e-04 0.000000000e+00 1.873978914e-04 0.000000000e+00 -3.483711003e-05 0.000000000e+00 9.718660390e-03 0.000000000e+00 2.776073488e-03 0.000000000e+00 -3.392452454e-04 0.000000000e+00
0.25 1.303060436e-04 0.000000000e+00 2.287348812e-05 0.000000000e+00 -2.606120872e-04 0.000000000e+00 1.538161114e-03 0.000000000e+00 3.625511897e-04 0.000000000e+00 -5.369195172e-05 0.000000000e+00 1.186478162e-02 0.000000000e+00 4.280365792e-03 0.000000000e+00 -4.141590085e-04 0.000000000e+00
0.30 2.228954088e-04 0.000000000e+00 4.707088610e-05 0.000000000e+00 -4.457908176e-04 0.000000000e+00 2.182111936e-03 0.000000000e+00 6.203307050e-04 0.000000000e+00 -7.617007587e-05 0.000000000e+00 1.386837528e-02 0.000000000e+00 6.078404103e-03 0.000000000e+00 -4.840976211e-04 0.000000000e+00
0.35 3.501232700e-04 0.000000000e+00 8.652201663e-05 0.000000000e+00 -7.002465400e-04 0.000000000e+00 2.922403497e-03 0.000000000e+00 9.750091664e-04 0.000000000e+00 -1.020111262e-04 0.000000000e+00 1.571628823e-02 0.000000000e+00 8.153470388e-03 0.000000000e+00 -5.486019514e-04 0.000000000e+00
0.40 5.166068439e-04 0.000000000e+00 1.464108993e-04 0.000000000e+00 -1.033213688e-03 0.000000000e+00 3.750940372e-03 0.000000000e+00 1.440003639e-03 0.000000000e+00 -1.309325191e-04 0.000000000e+00 1.739620661e-02 0.000000000e+00 1.048806647e-02 0.000000000e+00 -6.072421654e-04 0.000000000e+00
0.45 7.265435401e-04 0.000000000e+00 2.325702287e-04 0.000000000e+00 -1.453087080e-03 0.000000000e+00 4.659032860e-03 0.000000000e+00 2.027838075e-03 0.000000000e+00 -1.626309267e-04 0.000000000e+00 1.889667640e-02 0.000000000e+00 1.306397644e-02 0.000000000e+00 -6.596184416e-04 0.000000000e+00
0.50 9.836823295e-04 0.000000000e+00 3.514358477e-04 0.000000000e+00 -1.967364659e-03 0.000000000e+00 5.637440437e-03 0.000000000e+00 2.750109001e-03 0.000000000e+00 -1.967837940e-04 0.000000000e+00 2.020712151e-02 0.000000000e+00 1.586232981e-02 0.000000000e+00 -7.053616055e-04 0.000000000e+00
0.55 1.291297308e-03 0.000000000e+00 5.099995847e-04 0.000000000e+00 -2.582594615e-03 0.000000000e+00 6.676416059e-03 0.000000000e+00 3.617454383e-03 0.000000000e+00 -2.330508849e-04 0.000000000e+00 2.131785976e-02 0.000000000e+00 1.886366520e-02 0.000000000e+00 -7.441336846e-04 0.000000000e+00
0.60 1.652163492e-03 0.000000000e+00 7.157606132e-04 0.000000000e+00 -3.304326984e-03 0.000000000e+00 7.765751208e-03 0.000000000e+00 4.639525676e-03 0.000000000e+00 -2.710758549e-04 0.000000000e+00 2.222011635e-02 0.000000000e+00 2.204799446e-02 0.000000000e+00 -7.756283810e-04 0.000000000e+00
0.65 2.068534887e-03 0.000000000e+00 9.766754952e-04 0.000000000e+00 -4.137069774e-03 0.000000000e+00 8.894821550e-03 0.000000000e+00 5.824963106e-03 0.000000000e+00 -3.104878448e-04 0.000000000e+00 2.290603520e-02 0.000000000e+00 2.539486709e-02 0.000000000e+00 -7.995714657e-04 0.000000000e+00
0.70 2.542124847e-03 0.000000000e+00 1.301107068e-03 0.000000000e+00 -5.084249693e-03 0.000000000e+00 1.005263311e-02 0.000000000e+00 7.181374156e-03 0.000000000e+00 -3.509030924e-04 0.000000000e+00 2.336868789e-02 0.000000000e+00 2.888343486e-02 0.000000000e+00 -8.157210912e-04 0.000000000e+00
0.75 3.074088754e-03 0.000000000e+00 1.697772338e-03 0.000000000e+00 -6.148177507e-03 0.000000000e+00 1.122786881e-02 0.000000000e+00 8.715315304e-03 0.000000000e+00 -3.919265576e-04 0.000000000e+00 2.360208036e-02 0.000000000e+00 3.249251639e-02 0.000000000e+00 -8.238680250e-04 0.000000000e+00
0.80 3.665009036e-03 0.000000000e+00 2.175689540e-03 0.000000000e+00 -7.330018072e-03 0.000000000e+00 1.240893536e-02 0.000000000e+00 1.043227697e-02 0.000000000e+00 -4.331535574e-04 0.000000000e+00 2.360115729e-02 0.000000000e+00 3.620066167e-02 0.000000000e+00 -8.238358039e-04 0.000000000e+00
0.85 4.314882529e-03 0.000000000e+00 2.744124524e-03 0.000000000e+00 -8.629765058e-03 0.000000000e+00 1.358401019e-02 0.000000000e+00 1.233667171e-02 0.000000000e+00 -4.741714068e-04 0.000000000e+00 2.336180433e-02 0.000000000e+00 3.998621636e-02 0.000000000e+00 -8.154808095e-04 0.000000000e+00
0.90 5.023110189e-03 0.000000000e+00 3.412536636e-03 0.000000000e+00 -1.004622038e-02 0.000000000e+00 1.474108855e-02 0.000000000e+00 1.443182556e-02 0.000000000e+00 -5.145610610e-04 0.000000000e+00 2.288084800e-02 0.000000000e+00 4.382738564e-02 0.000000000e+00 -7.986922664e-04 0.000000000e+00
0.95 5.788489159e-03 0.000000000e+00 4.190524242e-03 0.000000000e+00 -1.157697832e-02 0.000000000e+00 1.586803050e-02 0.000000000e+00 1.671997266e-02 0.000000000e+00 -5.538987560e-04 0.000000000e+00 2.215605343e-02 0.000000000e+00 4.770229770e-02 0.000000000e+00 -7.733921633e-04 0.000000000e+00
1.00 6.609207183e-03 0.000000000e+00 5.087770062e-03 0.000000000e+00 -1.321841437e-02 0.000000000e+00 1.695260773e-02 0.000000000e+00 1.920225292e-02 0.000000000e+00 -5.917576433e-04 0.000000000e+00 2.118611997e-02 0.000000000e+00 5.158906654e-02 0.000000000e+00 -7.395350985e-04 0.000000000e+00
1.05 7.482839349e-03 0.000000000e+00 6.113986467e-03 0.000000000e+00 -1.496567870e-02 0.000000000e+00 1.798255012e-02 0.000000000e+00 2.187871289e-02 0.000000000e+00 -6.277094150e-04 0.000000000e+00 1.997067460e-02 0.000000000e+00 5.546585399e-02 0.000000000e+00 -6.971080511e-04 0.000000000e+00
1.10 8.406347157e-03 0.000000000e+00 7.278860900e-03 0.000000000e+00 -1.681269431e-02 0.000000000e+00 1.894559192e-02 0.000000000e+00 2.474830971e-02 0.000000000e+00 -6.613259154e-04 0.000000000e+00 1.851026327e-02 0.000000000e+00 5.931093100e-02 0.000000000e+00 -6.461300789e-04 0.000000000e+00
1.15 9.376079883e-03 0.000000000e+00 8.592001560e-03 0.000000000e+00 -1.875215977e-02 0.000000000e+00 1.982951742e-02 0.000000000e+00 2.780891803e-02 0.000000000e+00 -6.921807361e-04 0.000000000e+00 1.680634024e-02 0.000000000e+00 6.310273787e-02 0.000000000e+00 -5.866519448e-04 0.000000000e+00
1.20 1.038777821e-02 0.000000000e+00 1.006288352e-02 0.000000000e+00 -2.077555642e-02 0.000000000e+00 2.062220609e-02 0.000000000e+00 3.105733999e-02 0.000000000e+00 -7.198507905e-04 0.000000000e+00 1.486125534e-02 0.000000000e+00 6.681994341e-02 0.000000000e+00 -5.187556732e-04 0.000000000e+00
1.25 1.143658009e-02 0.000000000e+00 1.170079541e-02 0.000000000e+00 -2.287316019e-02 0.000000000e+00 2.131167695e-02 0.000000000e+00 3.448931808e-02 0.000000000e+00 -7.439178640e-04 0.000000000e+00 1.267823929e-02 0.000000000e+00 7.044150292e-02 0.000000000e+00 -4.425540378e-04 0.000000000e+00
1.30 1.251702885e-02 0.000000000e+00 1.351478681e-02 0.000000000e+00 -2.503405770e-02 0.000000000e+00 2.188613228e-02 0.000000000e+00 3.809955093e-02 0.000000000e+00 -7.639701375e-04 0.000000000e+00 1.026138713e-02 0.000000000e+00 7.394671490e-02 0.000000000e+00 -3.581899826e-04 0.000000000e+00
1.35 1.362308338e-02 0.000000000e+00 1.551361653e-02 0.000000000e+00 -2.724616677e-02 0.000000000e+00 2.233400029e-02 0.000000000e+00 4.188171181e-02 0.000000000e+00 -7.796036804e-04 0.000000000e+00 7.615639826e-03 0.000000000e+00 7.731527631e-02 0.000000000e+00 -2.658359792e-04 0.000000000e+00
1.40 1.474813052e-02 0.000000000e+00 1.770570182e-02 0.000000000e+00 -2.949626104e-02 0.000000000e+00 2.264397700e-02 0.000000000e+00 4.582846992e-02 0.000000000e+00 -7.904239089e-04 0.000000000e+00 4.746763974e-03 0.000000000e+00 8.052733634e-02 0.000000000e+00 -1.656933203e-04 0.000000000e+00
1.45 1.588499944e-02 0.000000000e+00 2.009906882e-02 0.000000000e+00 -3.176999889e-02 0.000000000e+00 2.280506695e-02 0.000000000e+00 4.993151434e-02 0.000000000e+00 -7.960470088e-04 0.000000000e+00 1.661329897e-03 0.000000000e+00 8.356354863e-02 0.000000000e+00 -5.799135333e-05 0.000000000e+00
1.50 1.702597810e-02 0.000000000e+00 2.270130413e-02 0.000000000e+00 -3.405195620e-02 0.000000000e+00 2.280662278e-02 0.000000000e+00 5.418158047e-02 0.000000000e+00 -7.961013174e-04 0.000000000e+00 -1.633312007e-03 0.000000000e+00 8.640512174e-02 0.000000000e+00 5.701334445e-05 0.000000000e+00
1.55 1.816283157e-02 0.000000000e+00 2.551950790e-02 0.000000000e+00 -3.632566314e-02 0.000000000e+00 2.263838363e-02 0.000000000e+00 5.856847904e-02 0.000000000e+00 -7.902286635e-04 0.000000000e+00 -5.129056501e-03 0.000000000e+00 8.903386790e-02 0.000000000e+00 1.790378469e-04 0.000000000e+00
1.60 1.928682234e-02 0.000000000e+00 2.856024834e-02 0.000000000e+00 -3.857364467e-02 0.000000000e+00 2.229051225e-02 0.000000000e+00 6.308112747e-02 0.000000000e+00 -7.780856614e-04 0.000000000e+00 -8.817070284e-03 0.000000000e+00 9.143224986e-02 0.000000000e+00 3.077738137e-04 0.000000000e+00
1.65 2.038873235e-02 0.000000000e+00 3.182951790e-02 0.000000000e+00 -4.077746470e-02 0.000000000e+00 2.175363063e-02 0.000000000e+00 6.770758351e-02 0.000000000e+00 -7.593449576e-04 0.000000000e+00 -1.268782024e-02 0.000000000e+00 9.358342583e-02 0.000000000e+00 4.428884760e-04 0.000000000e+00
1.70 2.145888686e-02 0.000000000e+00 3.533269116e-02 0.000000000e+00 -4.291777373e-02 0.000000000e+00 2.101885432e-02 0.000000000e+00 7.243508113e-02 0.000000000e+00 -7.336964259e-04 0.000000000e+00 -1.673110305e-02 0.000000000e+00 9.547129239e-02 0.000000000e+00 5.840256715e-04 0.000000000e+00
1.75 2.248717993e-02 0.000000000e+00 3.907448459e-02 0.000000000e+00 -4.497435985e-02 0.000000000e+00 2.007782515e-02 0.000000000e+00 7.725006840e-02 0.000000000e+00 -7.008483110e-04 0.000000000e+00 -2.093607620e-02 0.000000000e+00 9.708052538e-02 0.000000000e+00 7.308069244e-04 0.000000000e+00
1.80 2.346310149e-02 0.000000000e+00 4.305891825e-02 0.000000000e+00 -4.692620298e-02 0.000000000e+00 1.892274237e-02 0.000000000e+00 8.213824752e-02 0.000000000e+00 -6.605283158e-04 0.000000000e+00 -2.529129015e-02 0.000000000e+00 9.839661851e-02 0.000000000e+00 8.828325705e-04 0.000000000e+00
1.85 2.437576603e-02 0.000000000e+00 4.728927954e-02 0.000000000e+00 -4.875153206e-02 0.000000000e+00 1.754639221e-02 0.000000000e+00 8.708461656e-02 0.000000000e+00 -6.124846318e-04 0.000000000e+00 -2.978472171e-02 0.000000000e+00 9.940591992e-02 0.000000000e+00 1.039682921e-03 0.000000000e+00
1.90 2.521394258e-02 0.000000000e+00 5.176808904e-02 0.000000000e+00 -5.042788517e-02 0.000000000e+00 1.594217567e-02 0.000000000e+00 9.207351309e-02 0.000000000e+00 -5.564869106e-04 0.000000000e+00 -3.440380850e-02 0.000000000e+00 1.000956664e-01 0.000000000e+00 1.200919467e-03 0.000000000e+00
1.95 2.596608615e-02 0.000000000e+00 5.649706866e-02 0.000000000e+00 -5.193217231e-02 0.000000000e+00 1.410413461e-02 0.000000000e+00 9.708865938e-02 0.000000000e+00 -4.923271743e-04 0.000000000e+00 -3.913548444e-02 0.000000000e+00 1.004540151e-01 0.000000000e+00 1.366086116e-03 0.000000000e+00
2.00 2.662037037e-02 0.000000000e+00 6.147711200e-02 0.000000000e+00 -5.324074074e-02 0.000000000e+00 1.202697605e-02 0.000000000e+00 1.021132092e-01 0.000000000e+00 -4.198206624e-04 0.000000000e+00 -4.396621611e-02 0.000000000e+00 1.004700736e-01 0.000000000e+00 1.534710462e-03 0.000000000e+00
2.05 2.716472132e-02 0.000000000e+00 6.670825713e-02 0.000000000e+00 -5.432944263e-02 0.000000000e+00 9.706094579e-03 0.000000000e+00 1.071297961e-01 0.000000000e+00 -3.388066158e-04 0.000000000e+00 -4.888204003e-02 0.000000000e+00 1.001339264e-01 0.000000000e+00 1.706305087e-03 0.000000000e+00
2.10 2.758685242e-02 0.000000000e+00 7.218966183e-02 0.000000000e+00 -5.517370484e-02 0.000000000e+00 7.137592911e-03 0.000000000e+00 1.121205826e-01 0.000000000e+00 -2.491489939e-04 0.000000000e+00 -5.386860061e-02 0.000000000e+00 9.943666001e-02 0.000000000e+00 1.880368888e-03 0.000000000e+00
2.15 2.787430035e-02 0.000000000e+00 7.791958130e-02 0.000000000e+00 -5.574860070e-02 0.000000000e+00 4.318300550e-03 0.000000000e+00 1.170673114e-01 0.000000000e+00 -1.507371254e-04 0.000000000e+00 -5.891118884e-02 0.000000000e+00 9.837038510e-02 0.000000000e+00 2.056388423e-03 0.000000000e+00
2.20 2.801446176e-02 0.000000000e+00 8.389534842e-02 0.000000000e+00 -5.602892352e-02 0.000000000e+00 1.245790466e-03 0.000000000e+00 1.219513563e-01 0.000000000e+00 -4.348629086e-05 0.000000000e+00 -6.399478155e-02 0.000000000e+00 9.692825620e-02 0.000000000e+00 2.233839284e-03 0.000000000e+00
2.25 2.799463086e-02 0.000000000e+00 9.011335665e-02 0.000000000e+00 -5.598926172e-02 0.000000000e+00 -2.081606184e-03 0.000000000e+00 1.267537758e-01 0.000000000e+00 7.266176328e-05 0.000000000e+00 -6.910408117e-02 0.000000000e+00 9.510448895e-02 0.000000000e+00 2.412187486e-03 0.000000000e+00
2.30 2.780203763e-02 0.000000000e+00 9.656904561e-02 0.000000000e+00 -5.560407526e-02 0.000000000e+00 -5.664787344e-03 0.000000000e+00 1.314553655e-01 0.000000000e+00 1.977383811e-04 0.000000000e+00 -7.422355591e-02 0.000000000e+00 9.289437473e-02 0.000000000e+00 2.590890866e-03 0.000000000e+00
2.35 2.742388667e-02 0.000000000e+00 1.032568893e-01 0.000000000e+00 -5.484777334e-02 0.000000000e+00 -9.503869354e-03 0.000000000e+00 1.360367132e-01 0.000000000e+00 3.317476238e-04 0.000000000e+00 -7.933748027e-02 0.000000000e+00 9.029429276e-02 0.000000000e+00 2.769400502e-03 0.000000000e+00
2.40 2.684739647e-02 0.000000000e+00 1.101703868e-01 0.000000000e+00 -5.369479294e-02 0.000000000e+00 -1.359817829e-02 0.000000000e+00 1.404782526e-01 0.000000000e+00 4.746659667e-04 0.000000000e+00 -8.442997579e-02 0.000000000e+00 8.730171972e-02 0.000000000e+00 2.947162130e-03 0.000000000e+00
2.45 2.605983913e-02 0.000000000e+00 1.173020567e-01 0.000000000e+00 -5.211967826e-02 0.000000000e+00 -1.794624332e-02 0.000000000e+00 1.447603193e-01 0.000000000e+00 6.264420685e-04 0.000000000e+00 -8.948505196e-02 0.000000000e+00 8.391523665e-02 0.000000000e+00 3.123617576e-03 0.000000000e+00
2.50 2.504858030e-02 0.000000000e+00 1.246434324e-01 0.000000000e+00 -5.009716059e-02 0.000000000e+00 -2.254579215e-02 0.000000000e+00 1.488632054e-01 0.000000000e+00 7.869966110e-04 0.000000000e+00 -9.448664725e-02 0.000000000e+00 8.013453346e-02 0.000000000e+00 3.298206187e-03 0.000000000e+00
2.55 2.380111934e-02 0.000000000e+00 1.321850626e-01 0.000000000e+00 -4.760223868e-02 0.000000000e+00 -2.739374849e-02 0.000000000e+00 1.527672151e-01 0.000000000e+00 9.562222113e-04 0.000000000e+00 -9.941867002e-02 0.000000000e+00 7.596041080e-02 0.000000000e+00 3.470366260e-03 0.000000000e+00
2.60 2.230512956e-02 0.000000000e+00 1.399165121e-01 0.000000000e+00 -4.461025911e-02 0.000000000e+00 -3.248623157e-02 0.000000000e+00 1.564527207e-01 0.000000000e+00 1.133983405e-03 0.000000000e+00 -1.042650395e-01 0.000000000e+00 7.139477935e-02 0.000000000e+00 3.639536466e-03 0.000000000e+00
2.65 2.054849836e-02 0.000000000e+00 1.478263677e-01 0.000000000e+00 -4.109699671e-02 0.000000000e+00 -3.781855768e-02 0.000000000e+00 1.599002175e-01 0.000000000e+00 1.320116700e-03 0.000000000e+00 -1.090097262e-01 0.000000000e+00 6.644065671e-02 0.000000000e+00 3.805157279e-03 0.000000000e+00
2.70 1.851936735e-02 0.000000000e+00 1.559022448e-01 0.000000000e+00 -3.703873469e-02 0.000000000e+00 -4.338524379e-02 0.000000000e+00 1.630903795e-01 0.000000000e+00 1.514430702e-03 0.000000000e+00 -1.136367930e-01 0.000000000e+00 6.110216164e-02 0.000000000e+00 3.966672379e-03 0.000000000e+00
2.75 1.620617215e-02 0.000000000e+00 1.641307984e-01 0.000000000e+00 -3.241234431e-02 0.000000000e+00 -4.918001313e-02 0.000000000e+00 1.660041138e-01 0.000000000e+00 1.716706311e-03 0.000000000e+00 -1.181304345e-01 0.000000000e+00 5.538450596e-02 0.000000000e+00 4.123530056e-03 0.000000000e+00
2.80 1.359768193e-02 0.000000000e+00 1.724977355e-01 0.000000000e+00 -2.719536386e-02 0.000000000e+00 -5.519580280e-02 0.000000000e+00 1.686226151e-01 0.000000000e+00 1.926696984e-03 0.000000000e+00 -1.224750169e-01 0.000000000e+00 4.929398393e-02 0.000000000e+00 4.275184594e-03 0.000000000e+00
2.85 1.068303843e-02 0.000000000e+00 1.809878314e-01 0.000000000e+00 -2.136607687e-02 0.000000000e+00 -6.142477332e-02 0.000000000e+00 1.709274199e-01 0.000000000e+00 2.144129074e-03 0.000000000e+00 -1.266551177e-01 0.000000000e+00 4.283795920e-02 0.000000000e+00 4.421097638e-03 0.000000000e+00
2.90 7.451794575e-03 0.000000000e+00 1.895849478e-01 0.000000000e+00 -1.490358915e-02 0.000000000e+00 -6.785832016e-02 0.000000000e+00 1.729004590e-01 0.000000000e+00 2.368702223e-03 0.000000000e+00 -1.306555635e-01 0.000000000e+00 3.602484947e-02 0.000000000e+00 4.560739538e-03 0.000000000e+00
2.95 3.893952339e-03 0.000000000e+00 1.982720539e-01 0.000000000e+00 -7.787904679e-03 0.000000000e+00 -7.448708714e-02 0.000000000e+00 1.745241104e-01 0.000000000e+00 2.600089842e-03 0.000000000e+00 -1.344614683e-01 0.000000000e+00 2.886410874e-02 0.000000000e+00 4.693590679e-03 0.000000000e+00
3.00 1.901551182e-17 0.000000000e+00 2.070312500e-01 0.000000000e+00 0.000000000e+00 0.000000000e+00 -8.130098176e-02 0.000000000e+00 1.757812500e-01 0.000000000e+00 2.837939634e-03 0.000000000e+00 -1.380582709e-01 0.000000000e+00 2.136620733e-02 0.000000000e+00 4.819142774e-03 0.000000000e+00
3.05 -4.239051491e-03 0.000000000e+00 2.158437938e-01 0.000000000e+00 8.478102982e-03 0.000000000e+00 -8.828919230e-02 0.000000000e+00 1.766553023e-01 0.000000000e+00 3.081874199e-03 0.000000000e+00 -1.414317708e-01 0.000000000e+00 1.354260965e-02 0.000000000e+00 4.936900133e-03 0.000000000e+00
3.10 -8.831633007e-03 0.000000000e+00 2.246901288e-01 0.000000000e+00 1.766326601e-02 0.000000000e+00 -9.544020682e-02 0.000000000e+00 1.771302894e-01 0.000000000e+00 3.331491695e-03 0.000000000e+00 -1.445681639e-01 0.000000000e+00 5.405749815e-03 0.000000000e+00 5.046380908e-03 0.000000000e+00
3.15 -1.378558275e-02 0.000000000e+00 2.335499157e-01 0.000000000e+00 2.757116549e-02 0.000000000e+00 -1.027418338e-01 0.000000000e+00 1.771908787e-01 0.000000000e+00 3.586366558e-03 0.000000000e+00 -1.474540774e-01 0.000000000e+00 -3.030994866e-03 0.000000000e+00 5.147118294e-03 0.000000000e+00
3.20 -1.910811280e-02 0.000000000e+00 2.424020656e-01 0.000000000e+00 3.821622560e-02 0.000000000e+00 -1.101812245e-01 0.000000000e+00 1.768224295e-01 0.000000000e+00 3.846050282e-03 0.000000000e+00 -1.500766029e-01 0.000000000e+00 -1.175333245e-02 0.000000000e+00 5.238661700e-03 0.000000000e+00
3.25 -2.480577690e-02 0.000000000e+00 2.512247758e-01 0.000000000e+00 4.961155379e-02 0.000000000e+00 -1.177448971e-01 0.000000000e+00 1.760110380e-01 0.000000000e+00 4.110072264e-03 0.000000000e+00 -1.524233288e-01 0.000000000e+00 -2.074608689e-02 0.000000000e+00 5.320577888e-03 0.000000000e+00
3.30 -3.088443938e-02 0.000000000e+00 2.599955679e-01 0.000000000e+00 6.176887875e-02 0.000000000e+00 -1.254187623e-01 0.000000000e+00 1.747435806e-01 0.000000000e+00 4.377940693e-03 0.000000000e+00 -1.544823721e-01 0.000000000e+00 -2.999323051e-02 0.000000000e+00 5.392452058e-03 0.000000000e+00
3.35 -3.734924549e-02 0.000000000e+00 2.686913273e-01 0.000000000e+00 7.469849097e-02 0.000000000e+00 -1.331881505e-01 0.000000000e+00 1.730077555e-01 0.000000000e+00 4.649143503e-03 0.000000000e+00 -1.562424082e-01 0.000000000e+00 -3.947791823e-02 0.000000000e+00 5.453888908e-03 0.000000000e+00
3.40 -4.420459308e-02 0.000000000e+00 2.772883461e-01 0.000000000e+00 8.840918616e-02 0.000000000e+00 -1.410378404e-01 0.000000000e+00 1.707921231e-01 0.000000000e+00 4.923149370e-03 0.000000000e+00 -1.576926997e-01 0.000000000e+00 -4.918252370e-02 0.000000000e+00 5.504513634e-03 0.000000000e+00
3.45 -5.145410578e-02 0.000000000e+00 2.857623666e-01 0.000000000e+00 1.029082116e-01 0.000000000e+00 -1.489520890e-01 0.000000000e+00 1.680861436e-01 0.000000000e+00 5.199408763e-03 0.000000000e+00 -1.588231244e-01 0.000000000e+00 -5.908867697e-02 0.000000000e+00 5.543972898e-03 0.000000000e+00
3.50 -5.910060767e-02 0.000000000e+00 2.940886274e-01 0.000000000e+00 1.182012153e-01 0.000000000e+00 -1.569146633e-01 0.000000000e+00 1.648802138e-01 0.000000000e+00 5.477355040e-03 0.000000000e+00 -1.596242008e-01 0.000000000e+00 -6.917730385e-02 0.000000000e+00 5.571935741e-03 0.000000000e+00
3.55 -6.714609960e-02 0.000000000e+00 3.022419111e-01 0.000000000e+00 1.342921992e-01 0.000000000e+00 -1.649088727e-01 0.000000000e+00 1.611657006e-01 0.000000000e+00 5.756405588e-03 0.000000000e+00 -1.600871136e-01 0.000000000e+00 -7.942866672e-02 0.000000000e+00 5.588094443e-03 0.000000000e+00
3.60 -7.559173716e-02 0.000000000e+00 3.101965934e-01 0.000000000e+00 1.511834743e-01 0.000000000e+00 -1.729176028e-01 0.000000000e+00 1.569349738e-01 0.000000000e+00 6.035963007e-03 0.000000000e+00 -1.602037363e-01 0.000000000e+00 -8.982240684e-02 0.000000000e+00 5.592165347e-03 0.000000000e+00
3.65 -8.443781037e-02 0.000000000e+00 3.179266943e-01 0.000000000e+00 1.688756207e-01 0.000000000e+00 -1.809233508e-01 0.000000000e+00 1.521814356e-01 0.000000000e+00 6.315416331e-03 0.000000000e+00 -1.599666540e-01 0.000000000e+00 -1.003375879e-01 0.000000000e+00 5.583889610e-03 0.000000000e+00
3.70 -9.368372513e-02 0.000000000e+00 3.254059305e-01 0.000000000e+00 1.873674503e-01 0.000000000e+00 -1.889082613e-01 0.000000000e+00 1.468995485e-01 0.000000000e+00 6.594142288e-03 0.000000000e+00 -1.593691825e-01 0.000000000e+00 -1.109527411e-01 0.000000000e+00 5.563033920e-03 0.000000000e+00
3.75 -1.033279865e-01 0.000000000e+00 3.326077686e-01 0.000000000e+00 2.066559730e-01 0.000000000e+00 -1.968541633e-01 0.000000000e+00 1.410848610e-01 0.000000000e+00 6.871506590e-03 0.000000000e+00 -1.584053879e-01 0.000000000e+00 -1.216459106e-01 0.000000000e+00 5.529391144e-03 0.000000000e+00
3.80 -1.133681840e-01 0.000000000e+00 3.395054802e-01 0.000000000e+00 2.267363679e-01 0.000000000e+00 -2.047426082e-01 0.000000000e+00 1.347340303e-01 0.000000000e+00 7.146865263e-03 0.000000000e+00 -1.570701036e-01 0.000000000e+00 -1.323947012e-01 0.000000000e+00 5.482780928e-03 0.000000000e+00
3.85 -1.238009784e-01 0.000000000e+00 3.460721983e-01 0.000000000e+00 2.476019567e-01 0.000000000e+00 -2.125549086e-01 0.000000000e+00 1.278448434e-01 0.000000000e+00 7.419565993e-03 0.000000000e+00 -1.553589452e-01 0.000000000e+00 -1.431763261e-01 0.000000000e+00 5.423050231e-03 0.000000000e+00
3.90 -1.346220911e-01 0.000000000e+00 3.522809736e-01 0.000000000e+00 2.692441821e-01 0.000000000e+00 -2.202721779e-01 0.000000000e+00 1.204162357e-01 0.000000000e+00 7.688949508e-03 0.000000000e+00 -1.532683248e-01 0.000000000e+00 -1.539676557e-01 0.000000000e+00 5.350073813e-03 0.000000000e+00
3.95 -1.458262949e-01 0.000000000e+00 3.581048326e-01 0.000000000e+00 2.916525899e-01 0.000000000e+00 -2.278753699e-01 0.000000000e+00 1.124483064e-01 0.000000000e+00 7.954350979e-03 0.000000000e+00 -1.507954630e-01 0.000000000e+00 -1.647452670e-01 0.000000000e+00 5.263754654e-03 0.000000000e+00
4.00 -1.574074074e-01 0.000000000e+00 3.635168362e-01 0.000000000e+00 3.148148148e-01 0.000000000e+00 -2.353453203e-01 0.000000000e+00 1.039423320e-01 0.000000000e+00 8.215101438e-03 0.000000000e+00 -1.479383993e-01 0.000000000e+00 -1.754854946e-01 0.000000000e+00 5.164024314e-03 0.000000000e+00
4.05 -1.693582856e-01 0.000000000e+00 3.684901388e-01 0.000000000e+00 3.387165712e-01 0.000000000e+00 -2.426627871e-01 0.000000000e+00 9.490077751e-02 0.000000000e+00 8.470529216e-03 0.000000000e+00 -1.446960003e-01 0.000000000e+00 -1.861644808e-01 0.000000000e+00 5.050843239e-03 0.000000000e+00
4.10 -1.816708234e-01 0.000000000e+00 3.729980479e-01 0.000000000e+00 3.633416469e-01 0.000000000e+00 -2.498084927e-01 0.000000000e+00 8.532730451e-02 0.000000000e+00 8.719961393e-03 0.000000000e+00 -1.410679674e-01 0.000000000e+00 -1.967582272e-01 0.000000000e+00 4.924201000e-03 0.000000000e+00
4.15 -1.943359509e-01 0.000000000e+00 3.770140843e-01 0.000000000e+00 3.886719019e-01 0.000000000e+00 -2.567631652e-01 0.000000000e+00 7.522677689e-02 0.000000000e+00 8.962725261e-03 0.000000000e+00 -1.370548412e-01 0.000000000e+00 -2.072426463e-01 0.000000000e+00 4.784116470e-03 0.000000000e+00
4.20 -2.073436356e-01 0.000000000e+00 3.805120419e-01 0.000000000e+00 4.146872712e-01 0.000000000e+00 -2.635075812e-01 0.000000000e+00 6.460526409e-02 0.000000000e+00 9.198149790e-03 0.000000000e+00 -1.326580054e-01 0.000000000e+00 -2.175936133e-01 0.000000000e+00 4.630637946e-03 0.000000000e+00
4.25 -2.206828858e-01 0.000000000e+00 3.834660482e-01 0.000000000e+00 4.413657717e-01 0.000000000e+00 -2.700226072e-01 0.000000000e+00 5.347004163e-02 0.000000000e+00 9.425567102e-03 0.000000000e+00 -1.278796880e-01 0.000000000e+00 -2.277870181e-01 0.000000000e+00 4.463843205e-03 0.000000000e+00
4.30 -2.343417564e-01 0.000000000e+00 3.858506249e-01 0.000000000e+00 4.686835128e-01 0.000000000e+00 -2.762892427e-01 0.000000000e+00 4.182958910e-02 0.000000000e+00 9.644313945e-03 0.000000000e+00 -1.227229616e-01 0.000000000e+00 -2.377988176e-01 0.000000000e+00 4.283839495e-03 0.000000000e+00
4.35 -2.483073564e-01 0.000000000e+00 3.876407473e-01 0.000000000e+00 4.966147127e-01 0.000000000e+00 -2.822886614e-01 0.000000000e+00 2.969358547e-02 0.000000000e+00 9.853733164e-03 0.000000000e+00 -1.171917409e-01 0.000000000e+00 -2.476050871e-01 0.000000000e+00 4.090763468e-03 0.000000000e+00
4.40 -2.625658586e-01 0.000000000e+00 3.888119047e-01 0.000000000e+00 5.251317173e-01 0.000000000e+00 -2.880022540e-01 0.000000000e+00 1.707290191e-02 0.000000000e+00 1.005317517e-02 0.000000000e+00 -1.112907795e-01 0.000000000e+00 -2.571820726e-01 0.000000000e+00 3.884781058e-03 0.000000000e+00
4.45 -2.771025120e-01 0.000000000e+00 3.893401597e-01 0.000000000e+00 5.542050239e-01 0.000000000e+00 -2.934116696e-01 0.000000000e+00 3.979591955e-03 0.000000000e+00 1.024199940e-02 0.000000000e+00 -1.050256643e-01 0.000000000e+00 -2.665062423e-01 0.000000000e+00 3.666087281e-03 0.000000000e+00
4.50 -2.919016549e-01 0.000000000e+00 3.892022066e-01 0.000000000e+00 5.838033099e-01 0.000000000e+00 -2.984988576e-01 0.000000000e+00 -9.573120892e-03 0.000000000e+00 1.041957576e-02 0.000000000e+00 -9.840280822e-02 0.000000000e+00 -2.755543372e-01 0.000000000e+00 3.434905993e-03 0.000000000e+00
4.55 -3.069467319e-01 0.000000000e+00 3.883754299e-01 0.000000000e+00 6.138934638e-01 0.000000000e+00 -3.032461081e-01 0.000000000e+00 -2.357085806e-02 0.000000000e+00 1.058528606e-02 0.000000000e+00 -9.142944150e-02 0.000000000e+00 -2.843034224e-01 0.000000000e+00 3.191489575e-03 0.000000000e+00
4.60 -3.222203111e-01 0.000000000e+00 3.868379617e-01 0.000000000e+00 6.444406222e-01 0.000000000e+00 -3.076360934e-01 0.000000000e+00 -3.799810338e-02 0.000000000e+00 1.073852546e-02 0.000000000e+00 -8.411360087e-02 0.000000000e+00 -2.927309367e-01 0.000000000e+00 2.936118562e-03 0.000000000e+00
4.65 -3.377041048e-01 0.000000000e+00 3.845687377e-01 0.000000000e+00 6.754082096e-01 0.000000000e+00 -3.116519071e-01 0.000000000e+00 -5.283822299e-02 0.000000000e+00 1.087870380e-02 0.000000000e+00 -7.646411743e-02 0.000000000e+00 -3.008147423e-01 0.000000000e+00 2.669101217e-03 0.000000000e+00
4.70 -3.533789913e-01 0.000000000e+00 3.815475530e-01 0.000000000e+00 7.067579825e-01 0.000000000e+00 -3.152771042e-01 0.000000000e+00 -6.807348775e-02 0.000000000e+00 1.100524705e-02 0.000000000e+00 -6.849060261e-02 0.000000000e+00 -3.085331732e-01 0.000000000e+00 2.390773044e-03 0.000000000e+00
4.75 -3.692250389e-01 0.000000000e+00 3.777551160e-01 0.000000000e+00 7.384500777e-01 0.000000000e+00 -3.184957393e-01 0.000000000e+00 -8.368509798e-02 0.000000000e+00 1.111759861e-02 0.000000000e+00 -6.020343265e-02 0.000000000e+00 -3.158650830e-01 0.000000000e+00 2.101496241e-03 0.000000000e+00
4.80 -3.852215320e-01 0.000000000e+00 3.731731010e-01 0.000000000e+00 7.704430641e-01 0.000000000e+00 -3.212924049e-01 0.000000000e+00 -9.965321069e-02 0.000000000e+00 1.121522065e-02 0.000000000e+00 -5.161373140e-02 0.000000000e+00 -3.227898916e-01 0.000000000e+00 1.801659104e-03 0.000000000e+00
4.85 -4.013469990e-01 0.000000000e+00 3.677842002e-01 0.000000000e+00 8.026939979e-01 0.000000000e+00 -3.236522675e-01 0.000000000e+00 -1.159569690e-01 0.000000000e+00 1.129759540e-02 0.000000000e+00 -4.273335160e-02 0.000000000e+00 -3.292876310e-01 0.000000000e+00 1.491675372e-03 0.000000000e+00
4.90 -4.175792413e-01 0.000000000e+00 3.615721734e-01 0.000000000e+00 8.351584827e-01 0.000000000e+00 -3.255611043e-01 0.000000000e+00 -1.325745337e-01 0.000000000e+00 1.136422637e-02 0.000000000e+00 -3.357485460e-02 0.000000000e+00 -3.353389899e-01 0.000000000e+00 1.171983517e-03 0.000000000e+00
4.95 -4.338953656e-01 0.000000000e+00 3.545218960e-01 0.000000000e+00 8.677907313e-01 0.000000000e+00 -3.270053381e-01 0.000000000e+00 -1.494831177e-01 0.000000000e+00 1.141463964e-02 0.000000000e+00 -2.415148861e-02 0.000000000e+00 -3.409253568e-01 0.000000000e+00 8.430459911e-04 0.000000000e+00
5.00 -4.502718164e-01 0.000000000e+00 3.466194059e-01 0.000000000e+00 9.005436328e-01 0.000000000e+00 -3.279720702e-01 0.000000000e+00 -1.666590213e-01 0.000000000e+00 1.144838496e-02 0.000000000e+00 -1.447716555e-02 0.000000000e+00 -3.460288622e-01 0.000000000e+00 5.053484103e-04 0.000000000e+00
5.05 -4.666844108e-01 0.000000000e+00 3.378519477e-01 0.000000000e+00 9.333688216e-01 0.000000000e+00 -3.284491142e-01 0.000000000e+00 -1.840776710e-01 0.000000000e+00 1.146503694e-02 0.000000000e+00 -4.566436399e-03 0.000000000e+00 -3.506324191e-01 0.000000000e+00 1.593987005e-04 0.000000000e+00
5.10 -4.831083752e-01 0.000000000e+00 3.282080160e-01 0.000000000e+00 9.662167503e-01 0.000000000e+00 -3.284250262e-01 0.000000000e+00 -2.017136591e-01 0.000000000e+00 1.146419611e-02 0.000000000e+00 5.565534687e-03 0.000000000e+00 -3.547197621e-01 0.000000000e+00 -1.942738099e-04 0.000000000e+00
5.15 -4.995183829e-01 0.000000000e+00 3.176773957e-01 0.000000000e+00 9.990367658e-01 0.000000000e+00 -3.278891355e-01 0.000000000e+00 -2.195407863e-01 0.000000000e+00 1.144548999e-02 0.000000000e+00 1.590299765e-02 0.000000000e+00 -3.582754848e-01 0.000000000e+00 -5.551193399e-04 0.000000000e+00
5.20 -5.158885937e-01 0.000000000e+00 3.062512005e-01 0.000000000e+00 1.031777187e+00 0.000000000e+00 -3.268315730e-01 0.000000000e+00 -2.375321049e-01 0.000000000e+00 1.140857410e-02 0.000000000e+00 2.642964500e-02 0.000000000e+00 -3.612850760e-01 0.000000000e+00 -9.225686507e-04 0.000000000e+00
5.25 -5.321926945e-01 0.000000000e+00 2.939219092e-01 0.000000000e+00 1.064385389e+00 0.000000000e+00 -3.252432983e-01 0.000000000e+00 -2.556599648e-01 0.000000000e+00 1.135313285e-02 0.000000000e+00 3.712864148e-02 0.000000000e+00 -3.637349537e-01 0.000000000e+00 -1.296034081e-03 0.000000000e+00
5.30 -5.484039414e-01 0.000000000e+00 2.806833997e-01 0.000000000e+00 1.096807883e+00 0.000000000e+00 -3.231161250e-01 0.000000000e+00 -2.738960608e-01 0.000000000e+00 1.127888050e-02 0.000000000e+00 4.798265491e-02 0.000000000e+00 -3.656124973e-01 0.000000000e+00 -1.674910624e-03 0.000000000e+00
5.35 -5.644952031e-01 0.000000000e+00 2.665309807e-01 0.000000000e+00 1.128990406e+00 0.000000000e+00 -3.204427455e-01 0.000000000e+00 -2.922114813e-01 0.000000000e+00 1.118556195e-02 0.000000000e+00 5.897388804e-02 0.000000000e+00 -3.669060788e-01 0.000000000e+00 -2.058577038e-03 0.000000000e+00
5.40 -5.804390053e-01 0.000000000e+00 2.514614204e-01 0.000000000e+00 1.160878011e+00 0.000000000e+00 -3.172167528e-01 0.000000000e+00 -3.105767586e-01 0.000000000e+00 1.107295356e-02 0.000000000e+00 7.008411143e-02 0.000000000e+00 -3.676050907e-01 0.000000000e+00 -2.446396996e-03 0.000000000e+00
5.45 -5.962075762e-01 0.000000000e+00 2.354729732e-01 0.000000000e+00 1.192415152e+00 0.000000000e+00 -3.134326615e-01 0.000000000e+00 -3.289619210e-01 0.000000000e+00 1.094086385e-02 0.000000000e+00 8.129469736e-02 0.000000000e+00 -3.676999732e-01 0.000000000e+00 -2.837720267e-03 0.000000000e+00
5.50 -6.117728935e-01 0.000000000e+00 2.185654037e-01 0.000000000e+00 1.223545787e+00 0.000000000e+00 -3.090859267e-01 0.000000000e+00 -3.473365451e-01 0.000000000e+00 1.078913419e-02 0.000000000e+00 9.258665449e-02 0.000000000e+00 -3.671822389e-01 0.000000000e+00 -3.231883929e-03 0.000000000e+00
5.55 -6.271067312e-01 0.000000000e+00 2.007400078e-01 0.000000000e+00 1.254213462e+00 0.000000000e+00 -3.041729617e-01 0.000000000e+00 -3.656698107e-01 0.000000000e+00 1.061763935e-02 0.000000000e+00 1.039406635e-01 0.000000000e+00 -3.660444951e-01 0.000000000e+00 -3.628213608e-03 0.000000000e+00
5.60 -6.421807084e-01 0.000000000e+00 1.819996311e-01 0.000000000e+00 1.284361417e+00 0.000000000e+00 -2.986911529e-01 0.000000000e+00 -3.839305558e-01 0.000000000e+00 1.042628813e-02 0.000000000e+00 1.153371132e-01 0.000000000e+00 -3.642804646e-01 0.000000000e+00 -4.026024749e-03 0.000000000e+00
5.65 -6.569663381e-01 0.000000000e+00 1.623486849e-01 0.000000000e+00 1.313932676e+00 0.000000000e+00 -2.926388740e-01 0.000000000e+00 -4.020873327e-01 0.000000000e+00 1.021502374e-02 0.000000000e+00 1.267561377e-01 0.000000000e+00 -3.618850041e-01 0.000000000e+00 -4.424623900e-03 0.000000000e+00
5.70 -6.714350769e-01 0.000000000e+00 1.417931585e-01 0.000000000e+00 1.342870154e+00 0.000000000e+00 -2.860154975e-01 0.000000000e+00 -4.201084652e-01 0.000000000e+00 9.983824286e-03 0.000000000e+00 1.381776540e-01 0.000000000e+00 -3.588541201e-01 0.000000000e+00 -4.823310031e-03 0.000000000e+00
5.75 -6.855583753e-01 0.000000000e+00 1.203406298e-01 0.000000000e+00 1.371116751e+00 0.000000000e+00 -2.788214047e-01 0.000000000e+00 -4.379621065e-01 0.000000000e+00 9.732703074e-03 0.000000000e+00 1.495814000e-01 0.000000000e+00 -3.551849832e-01 0.000000000e+00 -5.221375860e-03 0.000000000e+00
5.80 -6.993077282e-01 0.000000000e+00 9.800027198e-02 0.000000000e+00 1.398615456e+00 0.000000000e+00 -2.710579937e-01 0.000000000e+00 -4.556162978e-01 0.000000000e+00 9.461708906e-03 0.000000000e+00 1.609469731e-01 0.000000000e+00 -3.508759397e-01 0.000000000e+00 -5.618109202e-03 0.000000000e+00
5.85 -7.126547258e-01 0.000000000e+00 7.478285773e-02 0.000000000e+00 1.425309452e+00 0.000000000e+00 -2.627276853e-01 0.000000000e+00 -4.730390269e-01 0.000000000e+00 9.170926289e-03 0.000000000e+00 1.722538691e-01 0.000000000e+00 -3.459265208e-01 0.000000000e+00 -6.012794330e-03 0.000000000e+00
5.90 -7.255711053e-01 0.000000000e+00 5.070076046e-02 0.000000000e+00 1.451142211e+00 0.000000000e+00 -2.538339275e-01 0.000000000e+00 -4.901982883e-01 0.000000000e+00 8.860475575e-03 0.000000000e+00 1.834815218e-01 0.000000000e+00 -3.403374500e-01 0.000000000e+00 -6.404713344e-03 0.000000000e+00
5.95 -7.380288018e-01 0.000000000e+00 2.576795243e-02 0.000000000e+00 1.476057604e+00 0.000000000e+00 -2.443811970e-01 0.000000000e+00 -5.070621424e-01 0.000000000e+00 8.530513035e-03 0.000000000e+00 1.946093422e-01 0.000000000e+00 -3.341106480e-01 0.000000000e+00 -6.793147554e-03 0.000000000e+00
6.00 -7.500000000e-01 0.000000000e+00 1.224646799e-16 0.000000000e+00 1.500000000e+00 0.000000000e+00 -2.343750000e-01 0.000000000e+00 -5.235987756e-01 0.000000000e+00 8.181230869e-03 0.000000000e+00 2.056167584e-01 0.000000000e+00 -3.272492347e-01 0.000000000e+00 -7.177378861e-03 0.000000000e+00
6.05 -7.614571857e-01 0.000000000e+00 -2.658594419e-02 0.000000000e+00 1.522914371e+00 0.000000000e+00 -2.238218699e-01 0.000000000e+00 -5.397765604e-01 0.000000000e+00 7.812857135e-03 0.000000000e+00 2.164832550e-01 0.000000000e+00 -3.197575300e-01 0.000000000e+00 -7.556691152e-03 0.000000000e+00
6.10 -7.723731968e-01 0.000000000e+00 -5.397115203e-02 0.000000000e+00 1.544746394e+00 0.000000000e+00 -2.127293635e-01 0.000000000e+00 -5.555641150e-01 0.000000000e+00 7.425655619e-03 0.000000000e+00 2.271884137e-01 0.000000000e+00 -3.116410509e-01 0.000000000e+00 -7.930371681e-03 0.000000000e+00
6.15 -7.827212748e-01 0.000000000e+00 -8.213533372e-02 0.000000000e+00 1.565442550e+00 0.000000000e+00 -2.011060556e-01 0.000000000e+00 -5.709303637e-01 0.000000000e+00 7.019925632e-03 0.000000000e+00 2.377119519e-01 0.000000000e+00 -3.029065077e-01 0.000000000e+00 -8.297712465e-03 0.000000000e+00
6.20 -7.924751149e-01 0.000000000e+00 -1.110566546e-01 0.000000000e+00 1.584950230e+00 0.000000000e+00 -1.889615306e-01 0.000000000e+00 -5.858445957e-01 0.000000000e+00 6.596001736e-03 0.000000000e+00 2.480337634e-01 0.000000000e+00 -2.935617963e-01 0.000000000e+00 -8.658011656e-03 0.000000000e+00
6.25 -8.016089167e-01 0.000000000e+00 -1.407117546e-01 0.000000000e+00 1.603217833e+00 0.000000000e+00 -1.763063730e-01 0.000000000e+00 -6.002765244e-01 0.000000000e+00 6.154253404e-03 0.000000000e+00 2.581339570e-01 0.000000000e+00 -2.836159898e-01 0.000000000e+00 -9.010574920e-03 0.000000000e+00
6.30 -8.100974340e-01 0.000000000e+00 -1.710757716e-01 0.000000000e+00 1.620194868e+00 0.000000000e+00 -1.631521560e-01 0.000000000e+00 -6.141963464e-01 0.000000000e+00 5.695084606e-03 0.000000000e+00 2.679928957e-01 0.000000000e+00 -2.730793265e-01 0.000000000e+00 -9.354716804e-03 0.000000000e+00
6.35 -8.179160233e-01 0.000000000e+00 -2.021223661e-01 0.000000000e+00 1.635832047e+00 0.000000000e+00 -1.495114270e-01 0.000000000e+00 -6.275747987e-01 0.000000000e+00 5.218933340e-03 0.000000000e+00 2.775912358e-01 0.000000000e+00 -2.619631961e-01 0.000000000e+00 -9.689762078e-03 0.000000000e+00
6.40 -8.250406927e-01 0.000000000e+00 -2.338237505e-01 0.000000000e+00 1.650081385e+00 0.000000000e+00 -1.353976928e-01 0.000000000e+00 -6.403832164e-01 0.000000000e+00 4.726271077e-03 0.000000000e+00 2.869099646e-01 0.000000000e+00 -2.502801236e-01 0.000000000e+00 -1.001504708e-02 0.000000000e+00
6.45 -8.314481494e-01 0.000000000e+00 -2.661507199e-01 0.000000000e+00 1.662896299e+00 0.000000000e+00 -1.208254017e-01 0.000000000e+00 -6.525935888e-01 0.000000000e+00 4.217602158e-03 0.000000000e+00 2.959304384e-01 0.000000000e+00 -2.380437512e-01 0.000000000e+00 -1.032992102e-02 0.000000000e+00
6.50 -8.371158460e-01 0.000000000e+00 -2.990726865e-01 0.000000000e+00 1.674231692e+00 0.000000000e+00 -1.058099241e-01 0.000000000e+00 -6.641786149e-01 0.000000000e+00 3.693463112e-03 0.000000000e+00 3.046344199e-01 0.000000000e+00 -2.252688174e-01 0.000000000e+00 -1.063374729e-02 0.000000000e+00
6.55 -8.420220261e-01 0.000000000e+00 -3.325577162e-01 0.000000000e+00 1.684044052e+00 0.000000000e+00 -9.036753138e-02 0.000000000e+00 -6.751117574e-01 0.000000000e+00 3.154421919e-03 0.000000000e+00 3.130041141e-01 0.000000000e+00 -2.119711346e-01 0.000000000e+00 -1.092590473e-02 0.000000000e+00
6.60 -8.461457692e-01 0.000000000e+00 -3.665725684e-01 0.000000000e+00 1.692291538e+00 0.000000000e+00 -7.451537299e-02 0.000000000e+00 -6.853672963e-01 0.000000000e+00 2.601077204e-03 0.000000000e+00 3.210222044e-01 0.000000000e+00 -1.981675636e-01 0.000000000e+00 -1.120578888e-02 0.000000000e+00
6.65 -8.494670335e-01 0.000000000e+00 -4.010827378e-01 0.000000000e+00 1.698934067e+00 0.000000000e+00 -5.827145137e-02 0.000000000e+00 -6.949203798e-01 0.000000000e+00 2.034057373e-03 0.000000000e+00 3.286718873e-01 0.000000000e+00 -1.838759873e-01 0.000000000e+00 -1.147281319e-02 0.000000000e+00
6.70 -8.519666983e-01 0.000000000e+00 -4.360524994e-01 0.000000000e+00 1.703933397e+00 0.000000000e+00 -4.165459563e-02 0.000000000e+00 -7.037470756e-01 0.000000000e+00 1.454019685e-03 0.000000000e+00 3.359369070e-01 0.000000000e+00 -1.691152811e-01 0.000000000e+00 -1.172641021e-02 0.000000000e+00
6.75 -8.536266042e-01 0.000000000e+00 -4.714449556e-01 0.000000000e+00 1.707253208e+00 0.000000000e+00 -2.468443333e-02 0.000000000e+00 -7.118244192e-01 0.000000000e+00 8.616492711e-04 0.000000000e+00 3.428015877e-01 0.000000000e+00 -1.539052821e-01 0.000000000e+00 -1.196603277e-02 0.000000000e+00
6.80 -8.544295927e-01 0.000000000e+00 -5.072220857e-01 0.000000000e+00 1.708859185e+00 0.000000000e+00 -7.381360592e-03 0.000000000e+00 -7.191304612e-01 0.000000000e+00 2.576580912e-04 0.000000000e+00 3.492508662e-01 0.000000000e+00 -1.382667559e-01 0.000000000e+00 -1.219115506e-02 0.000000000e+00
6.85 -8.543595436e-01 0.000000000e+00 -5.433447979e-01 0.000000000e+00 1.708719087e+00 0.000000000e+00 1.023348923e-02 0.000000000e+00 -7.256443132e-01 0.000000000e+00 -3.572161619e-04 0.000000000e+00 3.552703230e-01 0.000000000e+00 -1.222213617e-01 0.000000000e+00 -1.240127374e-02 0.000000000e+00
6.90 -8.534014111e-01 0.000000000e+00 -5.797729835e-01 0.000000000e+00 1.706802822e+00 0.000000000e+00 2.813827851e-02 0.000000000e+00 -7.313461911e-01 0.000000000e+00 -9.822112118e-04 0.000000000e+00 3.608462117e-01 0.000000000e+00 -1.057916157e-01 0.000000000e+00 -1.259590897e-02 0.000000000e+00
6.95 -8.515412582e-01 0.000000000e+00 -6.164655728e-01 0.000000000e+00 1.703082516e+00 0.000000000e+00 4.631049978e-02 0.000000000e+00 -7.362174574e-01 0.000000000e+00 -1.616541399e-03 0.000000000e+00 3.659654882e-01 0.000000000e+00 -8.900085245e-02 0.000000000e+00 -1.277460544e-02 0.000000000e+00
7.00 -8.487662893e-01 0.000000000e+00 -6.533805941e-01 0.000000000e+00 1.697532579e+00 0.000000000e+00 6.472701147e-02 0.000000000e+00 -7.402406608e-01 0.000000000e+00 -2.259398930e-03 0.000000000e+00 3.706158379e-01 0.000000000e+00 -7.187318442e-02 0.000000000e+00 -1.293693326e-02 0.000000000e+00
7.05 -8.450648809e-01 0.000000000e+00 -6.904752334e-01 0.000000000e+00 1.690129762e+00 0.000000000e+00 8.336407505e-02 0.000000000e+00 -7.433995745e-01 0.000000000e+00 -2.909955175e-03 0.000000000e+00 3.747857019e-01 0.000000000e+00 -5.443346048e-02 0.000000000e+00 -1.308248897e-02 0.000000000e+00
7.10 -8.404266106e-01 0.000000000e+00 -7.277058966e-01 0.000000000e+00 1.680853221e+00 0.000000000e+00 1.021973935e-01 0.000000000e+00 -7.456792313e-01 0.000000000e+00 -3.567362006e-03 0.000000000e+00 3.784643016e-01 0.000000000e+00 -3.670722228e-02 0.000000000e+00 -1.321089633e-02 0.000000000e+00
7.15 -8.348422840e-01 0.000000000e+00 -7.650282736e-01 0.000000000e+00 1.669684568e+00 0.000000000e+00 1.212021508e-01 0.000000000e+00 -7.470659576e-01 0.000000000e+00 -4.230753183e-03 0.000000000e+00 3.816416624e-01 0.000000000e+00 -1.872065940e-02 0.000000000e+00 -1.332180714e-02 0.000000000e+00
7.20 -8.283039595e-01 0.000000000e+00 -8.023974036e-01 0.000000000e+00 1.656607919e+00 0.000000000e+00 1.403530528e-01 0.000000000e+00 -7.475474047e-01 0.000000000e+00 -4.899245772e-03 0.000000000e+00 3.843086351e-01 0.000000000e+00 -5.005630815e-04 0.000000000e+00 -1.341490205e-02 0.000000000e+00
7.25 -8.208049716e-01 0.000000000e+00 -8.397677421e-01 0.000000000e+00 1.641609943e+00 0.000000000e+00 1.596243689e-01 0.000000000e+00 -7.471125772e-01 0.000000000e+00 -5.571941609e-03 0.000000000e+00 3.864569168e-01 0.000000000e+00 1.792572139e-02 0.000000000e+00 -1.348989123e-02 0.000000000e+00
7.30 -8.123399509e-01 0.000000000e+00 -8.770932291e-01 0.000000000e+00 1.624679902e+00 0.000000000e+00 1.789899751e-01 0.000000000e+00 -7.457518600e-01 0.000000000e+00 -6.247928788e-03 0.000000000e+00 3.880790693e-01 0.000000000e+00 3.653034350e-02 0.000000000e+00 -1.354651504e-02 0.000000000e+00
7.35 -8.029048436e-01 0.000000000e+00 -9.143273589e-01 0.000000000e+00 1.605809687e+00 0.000000000e+00 1.984233973e-01 0.000000000e+00 -7.434570421e-01 0.000000000e+00 -6.926283191e-03 0.000000000e+00 3.891685368e-01 0.000000000e+00 5.528499744e-02 0.000000000e+00 -1.358454462e-02 0.000000000e+00
7.40 -7.924969271e-01 0.000000000e+00 -9.514232510e-01 0.000000000e+00 1.584993854e+00 0.000000000e+00 2.178978559e-01 0.000000000e+00 -7.402213380e-01 0.000000000e+00 -7.606070038e-03 0.000000000e+00 3.897196609e-01 0.000000000e+00 7.416097313e-02 0.000000000e+00 -1.360378248e-02 0.000000000e+00
7.45 -7.811148246e-01 0.000000000e+00 -9.883337215e-01 0.000000000e+00 1.562229649e+00 0.000000000e+00 2.373863114e-01 0.000000000e+00 -7.360394070e-01 0.000000000e+00 -8.286345465e-03 0.000000000e+00 3.897276950e-01 0.000000000e+00 9.312920815e-02 0.000000000e+00 -1.360406293e-02 0.000000000e+00
7.50 -7.687585168e-01 0.000000000e+00 -1.025011356e+00 0.000000000e+00 1.537517034e+00 0.000000000e+00 2.568615097e-01 0.000000000e+00 -7.309073688e-01 0.000000000e+00 -8.966158132e-03 0.000000000e+00 3.891888165e-01 0.000000000e+00 1.121603406e-01 0.000000000e+00 -1.358525252e-02 0.000000000e+00
7.55 -7.554293516e-01 0.000000000e+00 -1.061408582e+00 0.000000000e+00 1.510858703e+00 0.000000000e+00 2.762960291e-01 0.000000000e+00 -7.248228180e-01 0.000000000e+00 -9.644550838e-03 0.000000000e+00 3.881001372e-01 0.000000000e+00 1.312247624e-01 0.000000000e+00 -1.354725044e-02 0.000000000e+00
7.60 -7.411300509e-01 0.000000000e+00 -1.097477746e+00 0.000000000e+00 1.482260102e+00 0.000000000e+00 2.956623271e-01 0.000000000e+00 -7.177848343e-01 0.000000000e+00 -1.032056216e-02 0.000000000e+00 3.864597119e-01 0.000000000e+00 1.502926740e-01 0.000000000e+00 -1.348998880e-02 0.000000000e+00
7.65 -7.258647161e-01 0.000000000e+00 -1.133171184e+00 0.000000000e+00 1.451729432e+00 0.000000000e+00 3.149327875e-01 0.000000000e+00 -7.097939913e-01 0.000000000e+00 -1.099322813e-02 0.000000000e+00 3.842665457e-01 0.000000000e+00 1.693341387e-01 0.000000000e+00 -1.341343286e-02 0.000000000e+00
7.70 -7.096388302e-01 0.000000000e+00 -1.168441298e+00 0.000000000e+00 1.419277660e+00 0.000000000e+00 3.340797681e-01 0.000000000e+00 -7.008523615e-01 0.000000000e+00 -1.166158384e-02 0.000000000e+00 3.815205991e-01 0.000000000e+00 1.883191381e-01 0.000000000e+00 -1.331758124e-02 0.000000000e+00
7.75 -6.924592577e-01 0.000000000e+00 -1.203240632e+00 0.000000000e+00 1.384918515e+00 0.000000000e+00 3.530756491e-01 0.000000000e+00 -6.909635194e-01 0.000000000e+00 -1.232466517e-02 0.000000000e+00 3.782227913e-01 0.000000000e+00 2.072176274e-01 0.000000000e+00 -1.320246603e-02 0.000000000e+00
7.80 -6.743342428e-01 0.000000000e+00 -1.237521947e+00 0.000000000e+00 1.348668486e+00 0.000000000e+00 3.718928804e-01 0.000000000e+00 -6.801325409e-01 0.000000000e+00 -1.298151045e-02 0.000000000e+00 3.743750018e-01 0.000000000e+00 2.259995916e-01 0.000000000e+00 -1.306815284e-02 0.000000000e+00
7.85 -6.552734044e-01 0.000000000e+00 -1.271238293e+00 0.000000000e+00 1.310546809e+00 0.000000000e+00 3.905040298e-01 0.000000000e+00 -6.683660012e-01 0.000000000e+00 -1.363116212e-02 0.000000000e+00 3.699800699e-01 0.000000000e+00 2.446351014e-01 0.000000000e+00 -1.291474077e-02 0.000000000e+00
7.90 -6.352877291e-01 0.000000000e+00 -1.304343088e+00 0.000000000e+00 1.270575458e+00 0.000000000e+00 4.088818311e-01 0.000000000e+00 -6.556719683e-01 0.000000000e+00 -1.427266841e-02 0.000000000e+00 3.650417931e-01 0.000000000e+00 2.630943688e-01 0.000000000e+00 -1.274236239e-02 0.000000000e+00
7.95 -6.143895615e-01 0.000000000e+00 -1.336790190e+00 0.000000000e+00 1.228779123e+00 0.000000000e+00 4.269992320e-01 0.000000000e+00 -6.420599950e-01 0.000000000e+00 -1.490508500e-02 0.000000000e+00 3.595649225e-01 0.000000000e+00 2.813478035e-01 0.000000000e+00 -1.255118355e-02 0.000000000e+00
8.00 -5.925925926e-01 0.000000000e+00 -1.368533971e+00 0.000000000e+00 1.185185185e+00 0.000000000e+00 4.448294413e-01 0.000000000e+00 -6.275411076e-01 0.000000000e+00 -1.552747672e-02 0.000000000e+00 3.535551576e-01 0.000000000e+00 2.993660685e-01 0.000000000e+00 -1.234140318e-02 0.000000000e+00
8.05 -5.699118455e-01 0.000000000e+00 -1.399529393e+00 0.000000000e+00 1.139823691e+00 0.000000000e+00 4.623459763e-01 0.000000000e+00 -6.121277916e-01 0.000000000e+00 -1.613891914e-02 0.000000000e+00 3.470191380e-01 0.000000000e+00 3.171201353e-01 0.000000000e+00 -1.211325305e-02 0.000000000e+00
8.10 -5.463636585e-01 0.000000000e+00 -1.429732075e+00 0.000000000e+00 1.092727317e+00 0.000000000e+00 4.795227098e-01 0.000000000e+00 -5.958339753e-01 0.000000000e+00 -1.673850025e-02 0.000000000e+00 3.399644346e-01 0.000000000e+00 3.345813395e-01 0.000000000e+00 -1.186699745e-02 0.000000000e+00
8.15 -5.219656668e-01 0.000000000e+00 -1.459098370e+00 0.000000000e+00 1.043931334e+00 0.000000000e+00 4.963339160e-01 0.000000000e+00 -5.786750098e-01 0.000000000e+00 -1.732532205e-02 0.000000000e+00 3.323995375e-01 0.000000000e+00 3.517214347e-01 0.000000000e+00 -1.160293272e-02 0.000000000e+00
8.20 -4.967367806e-01 0.000000000e+00 -1.487585435e+00 0.000000000e+00 9.934735613e-01 0.000000000e+00 5.127543165e-01 0.000000000e+00 -5.606676469e-01 0.000000000e+00 -1.789850215e-02 0.000000000e+00 3.243338437e-01 0.000000000e+00 3.685126471e-01 0.000000000e+00 -1.132138690e-02 0.000000000e+00
8.25 -4.706971620e-01 0.000000000e+00 -1.515151296e+00 0.000000000e+00 9.413943241e-01 0.000000000e+00 5.287591248e-01 0.000000000e+00 -5.418300142e-01 0.000000000e+00 -1.845717535e-02 0.000000000e+00 3.157776416e-01 0.000000000e+00 3.849277283e-01 0.000000000e+00 -1.102271910e-02 0.000000000e+00
8.30 -4.438681992e-01 0.000000000e+00 -1.541754922e+00 0.000000000e+00 8.877363984e-01 0.000000000e+00 5.443240911e-01 0.000000000e+00 -5.221815877e-01 0.000000000e+00 -1.900049517e-02 0.000000000e+00 3.067420946e-01 0.000000000e+00 4.009400082e-01 0.000000000e+00 -1.070731901e-02 0.000000000e+00
8.35 -4.162724785e-01 0.000000000e+00 -1.567356288e+00 0.000000000e+00 8.325449570e-01 0.000000000e+00 5.594255450e-01 0.000000000e+00 -5.017431612e-01 0.000000000e+00 -1.952763536e-02 0.000000000e+00 2.972392226e-01 0.000000000e+00 4.165234459e-01 0.000000000e+00 -1.037560620e-02 0.000000000e+00
8.40 -3.879337544e-01 0.000000000e+00 -1.591916439e+00 0.000000000e+00 7.758675088e-01 0.000000000e+00 5.740404384e-01 0.000000000e+00 -4.805368136e-01 0.000000000e+00 -2.003779138e-02 0.000000000e+00 2.872818817e-01 0.000000000e+00 4.316526809e-01 0.000000000e+00 -1.002802943e-02 0.000000000e+00
8.45 -3.588769175e-01 0.000000000e+00 -1.615397559e+00 0.000000000e+00 7.177538349e-01 0.000000000e+00 5.881463861e-01 0.000000000e+00 -4.585858741e-01 0.000000000e+00 -2.053018184e-02 0.000000000e+00 2.768837426e-01 0.000000000e+00 4.463030819e-01 0.000000000e+00 -9.665065906e-03 0.000000000e+00
8.50 -3.291279600e-01 0.000000000e+00 -1.637763025e+00 0.000000000e+00 6.582559200e-01 0.000000000e+00 6.017217066e-01 0.000000000e+00 -4.359148840e-01 0.000000000e+00 -2.100404992e-02 0.000000000e+00 2.660592669e-01 0.000000000e+00 4.604507954e-01 0.000000000e+00 -9.287220427e-03 0.000000000e+00
8.55 -2.987139400e-01 0.000000000e+00 -1.658977474e+00 0.000000000e+00 5.974278800e-01 0.000000000e+00 6.147454606e-01 0.000000000e+00 -4.125495570e-01 0.000000000e+00 -2.145866470e-02 0.000000000e+00 2.548236823e-01 0.000000000e+00 4.740727922e-01 0.000000000e+00 -8.895024538e-03 0.000000000e+00
8.60 -2.676629431e-01 0.000000000e+00 -1.679006855e+00 0.000000000e+00 5.353258863e-01 0.000000000e+00 6.271974887e-01 0.000000000e+00 -3.885167365e-01 0.000000000e+00 -2.189332248e-02 0.000000000e+00 2.431929555e-01 0.000000000e+00 4.871469132e-01 0.000000000e+00 -8.489035583e-03 0.000000000e+00
8.65 -2.360040428e-01 0.000000000e+00 -1.697818488e+00 0.000000000e+00 4.720080855e-01 0.000000000e+00 6.390584480e-01 0.000000000e+00 -3.638443515e-01 0.000000000e+00 -2.230734806e-02 0.000000000e+00 2.311837642e-01 0.000000000e+00 4.996519131e-01 0.000000000e+00 -8.069835724e-03 0.000000000e+00
8.70 -2.037672582e-01 0.000000000e+00 -1.715381113e+00 0.000000000e+00 4.075345164e-01 0.000000000e+00 6.503098464e-01 0.000000000e+00 -3.385613693e-01 0.000000000e+00 -2.270009595e-02 0.000000000e+00 2.188134673e-01 0.000000000e+00 5.115675025e-01 0.000000000e+00 -7.638030903e-03 0.000000000e+00
8.75 -1.709835114e-01 0.000000000e+00 -1.731664947e+00 0.000000000e+00 3.419670229e-01 0.000000000e+00 6.609340761e-01 0.000000000e+00 -3.126977469e-01 0.000000000e+00 -2.307095153e-02 0.000000000e+00 2.061000738e-01 0.000000000e+00 5.228743891e-01 0.000000000e+00 -7.194249753e-03 0.000000000e+00
8.80 -1.376845821e-01 0.000000000e+00 -1.746641725e+00 0.000000000e+00 2.753691642e-01 0.000000000e+00 6.709144456e-01 0.000000000e+00 -2.862843803e-01 0.000000000e+00 -2.341933215e-02 0.000000000e+00 1.930622104e-01 0.000000000e+00 5.335543162e-01 0.000000000e+00 -6.739142466e-03 0.000000000e+00
8.85 -1.039030608e-01 0.000000000e+00 -1.760284752e+00 0.000000000e+00 2.078061217e-01 0.000000000e+00 6.802352092e-01 0.000000000e+00 -2.593530516e-01 0.000000000e+00 -2.374468818e-02 0.000000000e+00 1.797190873e-01 0.000000000e+00 5.435900998e-01 0.000000000e+00 -6.273379604e-03 0.000000000e+00
8.90 -6.967230136e-02 0.000000000e+00 -1.772568941e+00 0.000000000e+00 1.393446027e-01 0.000000000e+00 6.888815957e-01 0.000000000e+00 -2.319363746e-01 0.000000000e+00 -2.404650400e-02 0.000000000e+00 1.660904633e-01 0.000000000e+00 5.529656638e-01 0.000000000e+00 -5.797650880e-03 0.000000000e+00
8.95 -3.502637097e-02 0.000000000e+00 -1.783470856e+00 0.000000000e+00 7.005274194e-02 0.000000000e+00 6.968398348e-01 0.000000000e+00 -2.040677385e-01 0.000000000e+00 -2.432429895e-02 0.000000000e+00 1.521966093e-01 0.000000000e+00 5.616660727e-01 0.000000000e+00 -5.312663884e-03 0.000000000e+00
9.00 -3.293630161e-16 0.000000000e+00 -1.792968750e+00 0.000000000e+00 3.293630161e-16 0.000000000e+00 7.040971816e-01 0.000000000e+00 -1.757812500e-01 0.000000000e+00 -2.457762815e-02 0.000000000e+00 1.380582709e-01 0.000000000e+00 5.696775629e-01 0.000000000e+00 -4.819142774e-03 0.000000000e+00
9.05 3.537147012e-02 0.000000000e+00 -1.801042596e+00 0.000000000e+00 -7.074294024e-02 0.000000000e+00 7.106419399e-01 0.000000000e+00 -1.471116742e-01 0.000000000e+00 -2.480608331e-02 0.000000000e+00 1.236966298e-01 0.000000000e+00 5.769875717e-01 0.000000000e+00 -4.317826929e-03 0.000000000e+00
9.10 7.105213979e-02 0.000000000e+00 -1.807674122e+00 0.000000000e+00 -1.421042796e-01 0.000000000e+00 7.164634823e-01 0.000000000e+00 -1.180943738e-01 0.000000000e+00 -2.500929347e-02 0.000000000e+00 1.091332642e-01 0.000000000e+00 5.835847634e-01 0.000000000e+00 -3.809469566e-03 0.000000000e+00
9.15 1.070056052e-01 0.000000000e+00 -1.812846836e+00 0.000000000e+00 -2.140112103e-01 0.000000000e+00 7.215522697e-01 0.000000000e+00 -8.876524695e-02 0.000000000e+00 -2.518692566e-02 0.000000000e+00 9.439010787e-02 0.000000000e+00 5.894590539e-01 0.000000000e+00 -3.294836327e-03 0.000000000e+00
9.20 1.431950130e-01 0.000000000e+00 -1.816546055e+00 0.000000000e+00 -2.863900259e-01 0.000000000e+00 7.258998673e-01 0.000000000e+00 -5.916066433e-02 0.000000000e+00 -2.533868545e-02 0.000000000e+00 7.948940940e-02 0.000000000e+00 5.946016326e-01 0.000000000e+00 -2.774703829e-03 0.000000000e+00
9.25 1.795831162e-01 0.000000000e+00 -1.818758924e+00 0.000000000e+00 -3.591662324e-01 0.000000000e+00 7.294989601e-01 0.000000000e+00 -2.931740491e-02 0.000000000e+00 -2.546431749e-02 0.000000000e+00 6.445368942e-02 0.000000000e+00 5.990049819e-01 0.000000000e+00 -2.249858191e-03 0.000000000e+00
9.30 2.161323302e-01 0.000000000e+00 -1.819474436e+00 0.000000000e+00 -4.322646604e-01 0.000000000e+00 7.323433649e-01 0.000000000e+00 7.274091798e-04 0.000000000e+00 -2.556360595e-02 0.000000000e+00 4.930569783e-02 0.000000000e+00 6.026628946e-01 0.000000000e+00 -1.721093534e-03 0.000000000e+00
9.35 2.528047899e-01 0.000000000e+00 -1.818683447e+00 0.000000000e+00 -5.056095798e-01 0.000000000e+00 7.344280409e-01 0.000000000e+00 3.093637849e-02 0.000000000e+00 -2.563637486e-02 0.000000000e+00 3.406837023e-02 0.000000000e+00 6.055704880e-01 0.000000000e+00 -1.189210463e-03 0.000000000e+00
9.40 2.895624067e-01 0.000000000e+00 -1.816378689e+00 0.000000000e+00 -5.791248133e-01 0.000000000e+00 7.357490976e-01 0.000000000e+00 6.127189281e-02 0.000000000e+00 -2.568248844e-02 0.000000000e+00 1.876478368e-02 0.000000000e+00 6.077242163e-01 0.000000000e+00 -6.550145172e-04 0.000000000e+00
9.45 3.263669264e-01 0.000000000e+00 -1.812554778e+00 0.000000000e+00 -6.527338529e-01 0.000000000e+00 7.363038011e-01 0.000000000e+00 9.169619829e-02 0.000000000e+00 -2.570185125e-02 0.000000000e+00 3.418112082e-03 0.000000000e+00 6.091218800e-01 0.000000000e+00 -1.193146201e-04 0.000000000e+00
9.50 3.631799874e-01 0.000000000e+00 -1.807208220e+00 0.000000000e+00 -7.263599747e-01 0.000000000e+00 7.360905778e-01 0.000000000e+00 1.221714649e-01 0.000000000e+00 -2.569440835e-02 0.000000000e+00 -1.194841886e-02 0.000000000e+00 6.097626327e-01 0.000000000e+00 4.170784990e-04 0.000000000e+00
9.55 3.999631779e-01 0.000000000e+00 -1.800337413e+00 0.000000000e+00 -7.999263559e-01 0.000000000e+00 7.351090155e-01 0.000000000e+00 1.526598541e-01 0.000000000e+00 -2.566014536e-02 0.000000000e+00 -2.731157704e-02 0.000000000e+00 6.096469853e-01 0.000000000e+00 9.533538865e-04 0.000000000e+00
9.60 4.366780951e-01 0.000000000e+00 -1.791942646e+00 0.000000000e+00 -8.733561902e-01 0.000000000e+00 7.333598629e-01 0.000000000e+00 1.831235871e-01 0.000000000e+00 -2.559908842e-02 0.000000000e+00 -4.264816953e-02 0.000000000e+00 6.087768074e-01 0.000000000e+00 1.488701957e-03 0.000000000e+00
9.65 4.732864022e-01 0.000000000e+00 -1.782026093e+00 0.000000000e+00 -9.465728044e-01 0.000000000e+00 7.308450265e-01 0.000000000e+00 2.135250124e-01 0.000000000e+00 -2.551130407e-02 0.000000000e+00 -5.793508836e-02 0.000000000e+00 6.071553266e-01 0.000000000e+00 2.022316088e-03 0.000000000e+00
9.70 5.097498867e-01 0.000000000e+00 -1.770591807e+00 0.000000000e+00 -1.019499773e+00 0.000000000e+00 7.275675650e-01 0.000000000e+00 2.438266737e-01 0.000000000e+00 -2.539689908e-02 0.000000000e+00 -7.314935626e-02 0.000000000e+00 6.047871240e-01 0.000000000e+00 2.553394225e-03 0.000000000e+00
9.75 5.460305177e-01 0.000000000e+00 -1.757645708e+00 0.000000000e+00 -1.092061035e+00 0.000000000e+00 7.235316819e-01 0.000000000e+00 2.739913775e-01 0.000000000e+00 -2.525602018e-02 0.000000000e+00 -8.826817251e-02 0.000000000e+00 6.016781278e-01 0.000000000e+00 3.081140470e-03 0.000000000e+00
9.80 5.820905029e-01 0.000000000e+00 -1.743195567e+00 0.000000000e+00 -1.164181006e+00 0.000000000e+00 7.187427151e-01 0.000000000e+00 3.039822603e-01 0.000000000e+00 -2.508885371e-02 0.000000000e+00 -1.032689586e-01 0.000000000e+00 5.978356045e-01 0.000000000e+00 3.604766684e-03 0.000000000e+00
9.85 6.178923449e-01 0.000000000e+00 -1.727250987e+00 0.000000000e+00 -1.235784690e+00 0.000000000e+00 7.132071252e-01 0.000000000e+00 3.337628550e-01 0.000000000e+00 -2.489562517e-02 0.000000000e+00 -1.181294035e-01 0.000000000e+00 5.932681459e-01 0.000000000e+00 4.123494068e-03 0.000000000e+00
9.90 6.533988972e-01 0.000000000e+00 -1.709823387e+00 0.000000000e+00 -1.306797794e+00 0.000000000e+00 7.069324806e-01 0.000000000e+00 3.632971570e-01 0.000000000e+00 -2.467659875e-02 0.000000000e+00 -1.328275092e-01 0.000000000e+00 5.879856552e-01 0.000000000e+00 4.636554744e-03 0.000000000e+00
9.95 6.885734191e-01 0.000000000e+00 -1.690925968e+00 0.000000000e+00 -1.377146838e+00 0.000000000e+00 6.999274408e-01 0.000000000e+00 3.925496892e-01 0.000000000e+00 -2.443207673e-02 0.000000000e+00 -1.473416350e-01 0.000000000e+00 5.819993288e-01 0.000000000e+00 5.143193311e-03 0.000000000e+00
10.00 7.233796296e-01 0.000000000e+00 -1.670573696e+00 0.000000000e+00 -1.446759259e+00 0.000000000e+00 6.922017376e-01 0.000000000e+00 4.214855664e-01 0.000000000e+00 -2.416239882e-02 0.000000000e+00 -1.616505422e-01 0.000000000e+00 5.753216368e-01 0.000000000e+00 5.642668400e-03 0.000000000e+00
10.05 7.577817609e-01 0.000000000e+00 -1.648783260e+00 0.000000000e+00 -1.515563522e+00 0.000000000e+00 6.837661537e-01 0.000000000e+00 4.500705581e-01 0.000000000e+00 -2.386794139e-02 0.000000000e+00 -1.757334378e-01 0.000000000e+00 5.679662995e-01 0.000000000e+00 6.134254191e-03 0.000000000e+00
10.10 7.917446099e-01 0.000000000e+00 -1.625573047e+00 0.000000000e+00 -1.583489220e+00 0.000000000e+00 6.746324994e-01 0.000000000e+00 4.782711507e-01 0.000000000e+00 -2.354911671e-02 0.000000000e+00 -1.895700172e-01 0.000000000e+00 5.599482624e-01 0.000000000e+00 6.617241927e-03 0.000000000e+00
10.15 8.252335894e-01 0.000000000e+00 -1.600963098e+00 0.000000000e+00 -1.650467179e+00 0.000000000e+00 6.648135872e-01 0.000000000e+00 5.060546077e-01 0.000000000e+00 -2.320637202e-02 0.000000000e+00 -2.031405070e-01 0.000000000e+00 5.512836676e-01 0.000000000e+00 7.090941382e-03 0.000000000e+00
10.20 8.582147769e-01 0.000000000e+00 -1.574975070e+00 0.000000000e+00 -1.716429554e+00 0.000000000e+00 6.543232039e-01 0.000000000e+00 5.333890293e-01 0.000000000e+00 -2.284018856e-02 0.000000000e+00 -2.164257062e-01 0.000000000e+00 5.419898234e-01 0.000000000e+00 7.554682319e-03 0.000000000e+00
10.25 8.906549636e-01 0.000000000e+00 -1.547632196e+00 0.000000000e+00 -1.781309927e+00 0.000000000e+00 6.431760815e-01 0.000000000e+00 5.602434093e-01 0.000000000e+00 -2.245108059e-02 0.000000000e+00 -2.294070271e-01 0.000000000e+00 5.320851709e-01 0.000000000e+00 8.007815900e-03 0.000000000e+00
10.30 9.225216997e-01 0.000000000e+00 -1.518959232e+00 0.000000000e+00 -1.845043399e+00 0.000000000e+00 6.313878651e-01 0.000000000e+00 5.865876913e-01 0.000000000e+00 -2.203959421e-02 0.000000000e+00 -2.420665345e-01 0.000000000e+00 5.215892480e-01 0.000000000e+00 8.449716072e-03 0.000000000e+00
10.35 9.537833401e-01 0.000000000e+00 -1.488982413e+00 0.000000000e+00 -1.907566680e+00 0.000000000e+00 6.189750794e-01 0.000000000e+00 6.123928223e-01 0.000000000e+00 -2.160630625e-02 0.000000000e+00 -2.543869846e-01 0.000000000e+00 5.105226516e-01 0.000000000e+00 8.879780911e-03 0.000000000e+00
10.40 9.844090872e-01 0.000000000e+00 -1.457729403e+00 0.000000000e+00 -1.968818174e+00 0.000000000e+00 6.059550933e-01 0.000000000e+00 6.376308049e-01 0.000000000e+00 -2.115182300e-02 0.000000000e+00 -2.663518621e-01 0.000000000e+00 4.989069965e-01 0.000000000e+00 9.297433925e-03 0.000000000e+00
10.45 1.014369032e+00 0.000000000e+00 -1.425229234e+00 0.000000000e+00 -2.028738064e+00 0.000000000e+00 5.923460824e-01 0.000000000e+00 6.622747470e-01 0.000000000e+00 -2.067677890e-02 0.000000000e+00 -2.779454164e-01 0.000000000e+00 4.867648726e-01 0.000000000e+00 9.702125314e-03 0.000000000e+00
10.50 1.043634194e+00 0.000000000e+00 -1.391512258e+00 0.000000000e+00 -2.087268387e+00 0.000000000e+00 5.781669900e-01 0.000000000e+00 6.862989092e-01 0.000000000e+00 -2.018183521e-02 0.000000000e+00 -2.891526963e-01 0.000000000e+00 4.741197995e-01 0.000000000e+00 1.009333318e-02 0.000000000e+00
10.55 1.072176557e+00 0.000000000e+00 -1.356610083e+00 0.000000000e+00 -2.144353114e+00 0.000000000e+00 5.634374865e-01 0.000000000e+00 7.096787507e-01 0.000000000e+00 -1.966767854e-02 0.000000000e+00 -2.999595834e-01 0.000000000e+00 4.609961792e-01 0.000000000e+00 1.047056471e-02 0.000000000e+00
10.60 1.099969108e+00 0.000000000e+00 -1.320555511e+00 0.000000000e+00 -2.199938215e+00 0.000000000e+00 5.481779263e-01 0.000000000e+00 7.323909715e-01 0.000000000e+00 -1.913501940e-02 0.000000000e+00 -3.103528240e-01 0.000000000e+00 4.474192462e-01 0.000000000e+00 1.083335724e-02 0.000000000e+00
10.65 1.126985865e+00 0.000000000e+00 -1.283382480e+00 0.000000000e+00 -2.253971730e+00 0.000000000e+00 5.324093047e-01 0.000000000e+00 7.544135533e-01 0.000000000e+00 -1.858459067e-02 0.000000000e+00 -3.203200592e-01 0.000000000e+00 4.334150161e-01 0.000000000e+00 1.118127939e-02 0.000000000e+00
10.70 1.153201913e+00 0.000000000e+00 -1.245125995e+00 0.000000000e+00 -2.306403827e+00 0.000000000e+00 5.161532116e-01 0.000000000e+00 7.757257968e-01 0.000000000e+00 -1.801714597e-02 0.000000000e+00 -3.298498539e-01 0.000000000e+00 4.190102316e-01 0.000000000e+00 1.151393197e-02 0.000000000e+00
10.75 1.178593430e+00 0.000000000e+00 -1.205822063e+00 0.000000000e+00 -2.357186861e+00 0.000000000e+00 4.994317852e-01 0.000000000e+00 7.963083571e-01 0.000000000e+00 -1.743345808e-02 0.000000000e+00 -3.389317234e-01 0.000000000e+00 4.042323073e-01 0.000000000e+00 1.183094903e-02 0.000000000e+00
10.80 1.203137713e+00 0.000000000e+00 -1.165507621e+00 0.000000000e+00 -2.406275427e+00 0.000000000e+00 4.822676637e-01 0.000000000e+00 8.161432754e-01 0.000000000e+00 -1.683431722e-02 0.000000000e+00 -3.475561590e-01 0.000000000e+00 3.891092719e-01 0.000000000e+00 1.213199862e-02 0.000000000e+00
10.85 1.226813203e+00 0.000000000e+00 -1.124220472e+00 0.000000000e+00 -2.453626406e+00 0.000000000e+00 4.646839356e-01 0.000000000e+00 8.352140086e-01 0.000000000e+00 -1.622052932e-02 0.000000000e+00 -3.557146510e-01 0.000000000e+00 3.736697095e-01 0.000000000e+00 1.241678372e-02 0.000000000e+00
10.90 1.249599505e+00 0.000000000e+00 -1.081999209e+00 0.000000000e+00 -2.499199010e+00 0.000000000e+00 4.467040897e-01 0.000000000e+00 8.535054553e-01 0.000000000e+00 -1.559291430e-02 0.000000000e+00 -3.633997103e-01 0.000000000e+00 3.579426986e-01 0.000000000e+00 1.268504289e-02 0.000000000e+00
10.95 1.271477407e+00 0.000000000e+00 -1.038883143e+00 0.000000000e+00 -2.542954814e+00 0.000000000e+00 4.283519632e-01 0.000000000e+00 8.710039793e-01 0.000000000e+00 -1.495230423e-02 0.000000000e+00 -3.706048879e-01 0.000000000e+00 3.419577503e-01 0.000000000e+00 1.293655103e-02 0.000000000e+00
11.00 1.292428898e+00 0.000000000e+00 -9.949122299e-01 0.000000000e+00 -2.584857797e+00 0.000000000e+00 4.096516894e-01 0.000000000e+00 8.876974292e-01 0.000000000e+00 -1.429954153e-02 0.000000000e+00 -3.773247923e-01 0.000000000e+00 3.257447443e-01 0.000000000e+00 1.317111995e-02 0.000000000e+00
11.05 1.312437180e+00 0.000000000e+00 -9.501269963e-01 0.000000000e+00 -2.624874360e+00 0.000000000e+00 3.906276445e-01 0.000000000e+00 9.035751557e-01 0.000000000e+00 -1.363547709e-02 0.000000000e+00 -3.835551052e-01 0.000000000e+00 3.093338644e-01 0.000000000e+00 1.338859890e-02 0.000000000e+00
11.10 1.331486676e+00 0.000000000e+00 -9.045684628e-01 0.000000000e+00 -2.662973352e+00 0.000000000e+00 3.713043932e-01 0.000000000e+00 9.186280247e-01 0.000000000e+00 -1.296096838e-02 0.000000000e+00 -3.892925944e-01 0.000000000e+00 2.927555320e-01 0.000000000e+00 1.358887505e-02 0.000000000e+00
11.15 1.349563044e+00 0.000000000e+00 -8.582780691e-01 0.000000000e+00 -2.699126088e+00 0.000000000e+00 3.517066349e-01 0.000000000e+00 9.328484278e-01 0.000000000e+00 -1.227687756e-02 0.000000000e+00 -3.945351249e-01 0.000000000e+00 2.760403395e-01 0.000000000e+00 1.377187389e-02 0.000000000e+00
11.20 1.366653177e+00 0.000000000e+00 -8.112975966e-01 0.000000000e+00 -2.733306355e+00 0.000000000e+00 3.318591478e-01 0.000000000e+00 9.462302892e-01 0.000000000e+00 -1.158406956e-02 0.000000000e+00 -3.992816685e-01 0.000000000e+00 2.592189818e-01 0.000000000e+00 1.393755952e-02 0.000000000e+00
11.25 1.382745210e+00 0.000000000e+00 -7.636690924e-01 0.000000000e+00 -2.765490420e+00 0.000000000e+00 3.117867338e-01 0.000000000e+00 9.587690687e-01 0.000000000e+00 -1.088341014e-02 0.000000000e+00 -4.035323095e-01 0.000000000e+00 2.423221880e-01 0.000000000e+00 1.408593488e-02 0.000000000e+00
11.30 1.397828515e+00 0.000000000e+00 -7.154347920e-01 0.000000000e+00 -2.795657030e+00 0.000000000e+00 2.915141625e-01 0.000000000e+00 9.704617623e-01 0.000000000e+00 -1.017576390e-02 0.000000000e+00 -4.072882498e-01 0.000000000e+00 2.253806511e-01 0.000000000e+00 1.421704193e-02 0.000000000e+00
11.35 1.411893702e+00 0.000000000e+00 -6.666370430e-01 0.000000000e+00 -2.823787404e+00 0.000000000e+00 2.710661157e-01 0.000000000e+00 9.813068980e-01 0.000000000e+00 -9.461992420e-03 0.000000000e+00 -4.105518106e-01 0.000000000e+00 2.084249586e-01 0.000000000e+00 1.433096169e-02 0.000000000e+00
11.40 1.424932611e+00 0.000000000e+00 -6.173182281e-01 0.000000000e+00 -2.849865222e+00 0.000000000e+00 2.504671310e-01 0.000000000e+00 9.913045292e-01 0.000000000e+00 -8.742952210e-03 0.000000000e+00 -4.133264321e-01 0.000000000e+00 1.914855216e-01 0.000000000e+00 1.442781425e-02 0.000000000e+00
11.45 1.436938305e+00 0.000000000e+00 -5.675206898e-01 0.000000000e+00 -2.873876610e+00 0.000000000e+00 2.297415462e-01 0.000000000e+00 1.000456224e+00 0.000000000e+00 -8.019492818e-03 0.000000000e+00 -4.156166712e-01 0.000000000e+00 1.745925039e-01 0.000000000e+00 1.450775868e-02 0.000000000e+00
11.50 1.447905057e+00 0.000000000e+00 -5.172866544e-01 0.000000000e+00 -2.895810114e+00 0.000000000e+00 2.089134431e-01 0.000000000e+00 1.008765051e+00 0.000000000e+00 -7.292454868e-03 0.000000000e+00 -4.174281959e-01 0.000000000e+00 1.577757513e-01 0.000000000e+00 1.457099282e-02 0.000000000e+00
11.55 1.457828337e+00 0.000000000e+00 -4.666581575e-01 0.000000000e+00 -2.915656674e+00 0.000000000e+00 1.880065929e-01 0.000000000e+00 1.016235561e+00 0.000000000e+00 -6.562668123e-03 0.000000000e+00 -4.187677783e-01 0.000000000e+00 1.410647204e-01 0.000000000e+00 1.461775307e-02 0.000000000e+00
11.60 1.466704794e+00 0.000000000e+00 -4.156769707e-01 0.000000000e+00 -2.933409589e+00 0.000000000e+00 1.670444005e-01 0.000000000e+00 1.022873769e+00 0.000000000e+00 -5.830949571e-03 0.000000000e+00 -4.196432843e-01 0.000000000e+00 1.244884075e-01 0.000000000e+00 1.464831399e-02 0.000000000e+00
11.65 1.474532238e+00 0.000000000e+00 -3.643845290e-01 0.000000000e+00 -2.949064476e+00 0.000000000e+00 1.460498505e-01 0.000000000e+00 1.028687122e+00 0.000000000e+00 -5.098101527e-03 0.000000000e+00 -4.200636617e-01 0.000000000e+00 1.080752784e-01 0.000000000e+00 1.466298793e-02 0.000000000e+00
11.70 1.481309615e+00 0.000000000e+00 -3.128218592e-01 0.000000000e+00 -2.962619231e+00 0.000000000e+00 1.250454535e-01 0.000000000e+00 1.033684481e+00 0.000000000e+00 -4.364909755e-03 0.000000000e+00 -4.200389250e-01 0.000000000e+00 9.185319769e-02 0.000000000e+00 1.466212446e-02 0.000000000e+00
11.75 1.487036986e+00 0.000000000e+00 -2.610295110e-01 0.000000000e+00 -2.974073972e+00 0.000000000e+00 1.040531928e-01 0.000000000e+00 1.037876080e+00 0.000000000e+00 -3.632141622e-03 0.000000000e+00 -4.195801386e-01 0.000000000e+00 7.584935919e-02 0.000000000e+00 1.464610979e-02 0.000000000e+00
11.80 1.491715494e+00 0.000000000e+00 -2.090474883e-01 0.000000000e+00 -2.983430988e+00 0.000000000e+00 8.309447276e-02 0.000000000e+00 1.041273496e+00 0.000000000e+00 -2.900544280e-03 0.000000000e+00 -4.186993969e-01 0.000000000e+00 6.009021688e-02 0.000000000e+00 1.461536610e-02 0.000000000e+00
11.85 1.495347339e+00 0.000000000e+00 -1.569151838e-01 0.000000000e+00 -2.990694678e+00 0.000000000e+00 6.219006783e-02 0.000000000e+00 1.043889608e+00 0.000000000e+00 -2.170842891e-03 0.000000000e+00 -4.174098023e-01 0.000000000e+00 4.460141664e-02 0.000000000e+00 1.457035076e-02 0.000000000e+00
11.90 1.497935741e+00 0.000000000e+00 -1.046713143e-01 0.000000000e+00 -2.995871483e+00 0.000000000e+00 4.136007251e-02 0.000000000e+00 1.045738556e+00 0.000000000e+00 -1.443738888e-03 0.000000000e+00 -4.157254410e-01 0.000000000e+00 2.940772893e-02 0.000000000e+00 1.451155546e-02 0.000000000e+00
11.95 1.499484910e+00 0.000000000e+00 -5.235385898e-02 0.000000000e+00 -2.998969819e+00 0.000000000e+00 2.062385298e-02 0.000000000e+00 1.046835697e+00 0.000000000e+00 -7.199082780e-04 0.000000000e+00 -4.136613557e-01 0.000000000e+00 1.453298261e-02 0.000000000e+00 1.443950529e-02 0.000000000e+00
12.00 1.500000000e+00 0.000000000e+00 -4.898587197e-16 0.000000000e+00 -3.000000000e+00 0.000000000e+00 2.404588367e-16 0.000000000e+00 1.047197551e+00 0.000000000e+00 -5.036158099e-18 0.000000000e+00 -4.112335167e-01 0.000000000e+00 1.342975493e-16 0.000000000e+00 1.435475772e-02 0.000000000e+00
12.05 1.499485987e+00 0.000000000e+00 5.235389662e-02 0.000000000e+00 -2.998971975e+00 0.000000000e+00 -2.055932712e-02 0.000000000e+00 1.046838703e+00 0.000000000e+00 7.176559006e-04 0.000000000e+00 -4.110925973e-01 0.000000000e+00 -1.435311801e-02 0.000000000e+00 1.434983871e-02 0.000000000e+00
12.10 1.497944302e+00 0.000000000e+00 1.046719125e-01 0.000000000e+00 -2.995888604e+00 0.000000000e+00 -4.110456391e-02 0.000000000e+00 1.045762403e+00 0.000000000e+00 1.434819956e-03 0.000000000e+00 -4.106699355e-01 0.000000000e+00 -2.869639912e-02 0.000000000e+00 1.433508503e-02 0.000000000e+00
12.15 1.495376001e+00 0.000000000e+00 1.569181915e-01 0.000000000e+00 -2.990752001e+00 0.000000000e+00 -6.162162969e-02 0.000000000e+00 1.043969391e+00 0.000000000e+00 2.151000657e-03 0.000000000e+00 -4.099658210e-01 0.000000000e+00 -4.302001314e-02 0.000000000e+00 1.431050679e-02 0.000000000e+00
12.20 1.491782843e+00 0.000000000e+00 2.090569265e-01 0.000000000e+00 -2.983565686e+00 0.000000000e+00 -8.209646307e-02 0.000000000e+00 1.041460893e+00 0.000000000e+00 2.865707170e-03 0.000000000e+00 -4.089807365e-01 0.000000000e+00 -5.731414339e-02 0.000000000e+00 1.427612086e-02 0.000000000e+00
12.25 1.487167292e+00 0.000000000e+00 2.610523844e-01 0.000000000e+00 -2.974334584e+00 0.000000000e+00 -1.025150316e-01 0.000000000e+00 1.038238631e+00 0.000000000e+00 3.578449670e-03 0.000000000e+00 -4.077153570e-01 0.000000000e+00 -7.156899340e-02 0.000000000e+00 1.423195078e-02 0.000000000e+00
12.30 1.481532511e+00 0.000000000e+00 3.128689301e-01 0.000000000e+00 -2.963065022e+00 0.000000000e+00 -1.228633415e-01 0.000000000e+00 1.034304812e+00 0.000000000e+00 4.288739680e-03 0.000000000e+00 -4.061705497e-01 0.000000000e+00 -8.577479359e-02 0.000000000e+00 1.417802683e-02 0.000000000e+00
12.35 1.474882361e+00 0.000000000e+00 3.644710510e-01 0.000000000e+00 -2.949764723e+00 0.000000000e+00 -1.431274470e-01 0.000000000e+00 1.029662131e+00 0.000000000e+00 4.996090401e-03 0.000000000e+00 -4.043473735e-01 0.000000000e+00 -9.992180802e-02 0.000000000e+00 1.411438598e-02 0.000000000e+00
12.40 1.467221401e+00 0.000000000e+00 4.158233816e-01 0.000000000e+00 -2.934442802e+00 0.000000000e+00 -1.632934601e-01 0.000000000e+00 1.024313772e+00 0.000000000e+00 5.700017052e-03 0.000000000e+00 -4.022470777e-01 0.000000000e+00 -1.140003410e-01 0.000000000e+00 1.404107183e-02 0.000000000e+00
12.45 1.458554881e+00 0.000000000e+00 4.668907277e-01 0.000000000e+00 -2.917109761e+00 0.000000000e+00 -1.833475600e-01 0.000000000e+00 1.018263399e+00 0.000000000e+00 6.400037196e-03 0.000000000e+00 -3.998711019e-01 0.000000000e+00 -1.280007439e-01 0.000000000e+00 1.395813462e-02 0.000000000e+00
12.50 1.448888739e+00 0.000000000e+00 5.176380902e-01 0.000000000e+00 -2.897777479e+00 0.000000000e+00 -2.032760027e-01 0.000000000e+00 1.011515160e+00 0.000000000e+00 7.095671074e-03 0.000000000e+00 -3.972210744e-01 0.000000000e+00 -1.419134215e-01 0.000000000e+00 1.386563121e-02 0.000000000e+00
12.55 1.438229602e+00 0.000000000e+00 5.680306894e-01 0.000000000e+00 -2.876459205e+00 0.000000000e+00 -2.230651301e-01 0.000000000e+00 1.004073678e+00 0.000000000e+00 7.786441934e-03 0.000000000e+00 -3.942988115e-01 0.000000000e+00 -1.557288387e-01 0.000000000e+00 1.376362499e-02 0.000000000e+00
12.60 1.426584774e+00 0.000000000e+00 6.180339887e-01 0.000000000e+00 -2.853169549e+00 0.000000000e+00 -2.427013798e-01 0.000000000e+00 9.959440549e-01 0.000000000e+00 8.471876355e-03 0.000000000e+00 -3.911063158e-01 0.000000000e+00 -1.694375271e-01 0.000000000e+00 1.365218587e-02 0.000000000e+00
12.65 1.413962237e+00 0.000000000e+00 6.676137185e-01 0.000000000e+00 -2.827924473e+00 0.000000000e+00 -2.621712942e-01 0.000000000e+00 9.871318611e-01 0.000000000e+00 9.151504575e-03 0.000000000e+00 -3.876457754e-01 0.000000000e+00 -1.830300915e-01 0.000000000e+00 1.353139022e-02 0.000000000e+00
12.70 1.400370640e+00 0.000000000e+00 7.167358991e-01 0.000000000e+00 -2.800741279e+00 0.000000000e+00 -2.814615294e-01 0.000000000e+00 9.776431365e-01 0.000000000e+00 9.824860811e-03 0.000000000e+00 -3.839195619e-01 0.000000000e+00 -1.964972162e-01 0.000000000e+00 1.340132084e-02 0.000000000e+00
12.75 1.385819299e+00 0.000000000e+00 7.653668647e-01 0.000000000e+00 -2.771638598e+00 0.000000000e+00 -3.005588649e-01 0.000000000e+00 9.674843840e-01 0.000000000e+00 1.049148358e-02 0.000000000e+00 -3.799302292e-01 0.000000000e+00 -2.098296716e-01 0.000000000e+00 1.326206685e-02 0.000000000e+00
12.80 1.370318186e+00 0.000000000e+00 8.134732862e-01 0.000000000e+00 -2.740636373e+00 0.000000000e+00 -3.194502125e-01 0.000000000e+00 9.566625662e-01 0.000000000e+00 1.115091601e-02 0.000000000e+00 -3.756805112e-01 0.000000000e+00 -2.230183201e-01 0.000000000e+00 1.311372371e-02 0.000000000e+00
12.85 1.353877927e+00 0.000000000e+00 8.610221936e-01 0.000000000e+00 -2.707755853e+00 0.000000000e+00 -3.381226248e-01 0.000000000e+00 9.451850995e-01 0.000000000e+00 1.180270615e-02 0.000000000e+00 -3.711733206e-01 0.000000000e+00 -2.360541231e-01 0.000000000e+00 1.295639308e-02 0.000000000e+00
12.90 1.336509786e+00 0.000000000e+00 9.079809995e-01 0.000000000e+00 -2.673019573e+00 0.000000000e+00 -3.565633047e-01 0.000000000e+00 9.330598502e-01 0.000000000e+00 1.244640732e-02 0.000000000e+00 -3.664117464e-01 0.000000000e+00 -2.489281463e-01 0.000000000e+00 1.279018278e-02 0.000000000e+00
12.95 1.318225669e+00 0.000000000e+00 9.543175205e-01 0.000000000e+00 -2.636451338e+00 0.000000000e+00 -3.747596140e-01 0.000000000e+00 9.202951283e-01 0.000000000e+00 1.308157833e-02 0.000000000e+00 -3.613990518e-01 0.000000000e+00 -2.616315667e-01 0.000000000e+00 1.261520673e-02 0.000000000e+00
13.00 1.299038106e+00 0.000000000e+00 1.000000000e+00 0.000000000e+00 -2.598076211e+00 0.000000000e+00 -3.926990817e-01 0.000000000e+00 9.068996821e-01 0.000000000e+00 1.370778389e-02 0.000000000e+00 -3.561386724e-01 0.000000000e+00 -2.741556778e-01 0.000000000e+00 1.243158485e-02 0.000000000e+00
13.05 1.278960247e+00 0.000000000e+00 1.044997129e+00 0.000000000e+00 -2.557920493e+00 0.000000000e+00 -4.103694131e-01 0.000000000e+00 8.928826922e-01 0.000000000e+00 1.432459482e-02 0.000000000e+00 -3.506342133e-01 0.000000000e+00 -2.864918963e-01 0.000000000e+00 1.223944298e-02 0.000000000e+00
13.10 1.258005852e+00 0.000000000e+00 1.089278070e+00 0.000000000e+00 -2.516011704e+00 0.000000000e+00 -4.277584978e-01 0.000000000e+00 8.782537650e-01 0.000000000e+00 1.493158838e-02 0.000000000e+00 -3.448894470e-01 0.000000000e+00 -2.986317676e-01 0.000000000e+00 1.203891281e-02 0.000000000e+00
13.15 1.236189283e+00 0.000000000e+00 1.132812474e+00 0.000000000e+00 -2.472378566e+00 0.000000000e+00 -4.448544182e-01 0.000000000e+00 8.630229266e-01 0.000000000e+00 1.552834858e-02 0.000000000e+00 -3.389083108e-01 0.000000000e+00 -3.105669716e-01 0.000000000e+00 1.183013177e-02 0.000000000e+00
13.20 1.213525492e+00 0.000000000e+00 1.175570505e+00 0.000000000e+00 -2.427050983e+00 0.000000000e+00 -4.616454576e-01 0.000000000e+00 8.472006154e-01 0.000000000e+00 1.611446642e-02 0.000000000e+00 -3.326949037e-01 0.000000000e+00 -3.222893285e-01 0.000000000e+00 1.161324295e-02 0.000000000e+00
13.25 1.190030010e+00 0.000000000e+00 1.217522858e+00 0.000000000e+00 -2.380060021e+00 0.000000000e+00 -4.781201083e-01 0.000000000e+00 8.307976752e-01 0.000000000e+00 1.668954022e-02 0.000000000e+00 -3.262534841e-01 0.000000000e+00 -3.337908044e-01 0.000000000e+00 1.138839499e-02 0.000000000e+00
13.30 1.165718942e+00 0.000000000e+00 1.258640782e+00 0.000000000e+00 -2.331437884e+00 0.000000000e+00 -4.942670793e-01 0.000000000e+00 8.138253478e-01 0.000000000e+00 1.725317584e-02 0.000000000e+00 -3.195884667e-01 0.000000000e+00 -3.450635167e-01 0.000000000e+00 1.115574199e-02 0.000000000e+00
13.35 1.140608948e+00 0.000000000e+00 1.298896097e+00 0.000000000e+00 -2.281217897e+00 0.000000000e+00 -5.100753044e-01 0.000000000e+00 7.962952651e-01 0.000000000e+00 1.780498699e-02 0.000000000e+00 -3.127044194e-01 0.000000000e+00 -3.560997398e-01 0.000000000e+00 1.091544341e-02 0.000000000e+00
13.40 1.114717238e+00 0.000000000e+00 1.338261213e+00 0.000000000e+00 -2.229434476e+00 0.000000000e+00 -5.255339493e-01 0.000000000e+00 7.782194414e-01 0.000000000e+00 1.834459549e-02 0.000000000e+00 -3.056060600e-01 0.000000000e+00 -3.668919099e-01 0.000000000e+00 1.066766392e-02 0.000000000e+00
13.45 1.088061557e+00 0.000000000e+00 1.376709151e+00 0.000000000e+00 -2.176123113e+00 0.000000000e+00 -5.406324195e-01 0.000000000e+00 7.596102650e-01 0.000000000e+00 1.887163153e-02 0.000000000e+00 -2.982982535e-01 0.000000000e+00 -3.774326305e-01 0.000000000e+00 1.041257335e-02 0.000000000e+00
13.50 1.060660172e+00 0.000000000e+00 1.414213562e+00 0.000000000e+00 -2.121320344e+00 0.000000000e+00 -5.553603673e-01 0.000000000e+00 7.404804897e-01 0.000000000e+00 1.938573389e-02 0.000000000e+00 -2.907860083e-01 0.000000000e+00 -3.877146778e-01 0.000000000e+00 1.015034653e-02 0.000000000e+00
13.55 1.032531864e+00 0.000000000e+00 1.450748742e+00 0.000000000e+00 -2.065063727e+00 0.000000000e+00 -5.697076988e-01 0.000000000e+00 7.208432260e-01 0.000000000e+00 1.988655023e-02 0.000000000e+00 -2.830744729e-01 0.000000000e+00 -3.977310047e-01 0.000000000e+00 9.881163161e-03 0.000000000e+00
13.60 1.003695910e+00 0.000000000e+00 1.486289651e+00 0.000000000e+00 -2.007391819e+00 0.000000000e+00 -5.836645811e-01 0.000000000e+00 7.007119324e-01 0.000000000e+00 2.037373733e-02 0.000000000e+00 -2.751689324e-01 0.000000000e+00 -4.074747467e-01 0.000000000e+00 9.605207739e-03 0.000000000e+00
13.65 9.741720725e-01 0.000000000e+00 1.520811931e+00 0.000000000e+00 -1.948344145e+00 0.000000000e+00 -5.972214488e-01 0.000000000e+00 6.801004058e-01 0.000000000e+00 2.084696129e-02 0.000000000e+00 -2.670748048e-01 0.000000000e+00 -4.169392258e-01 0.000000000e+00 9.322669387e-03 0.000000000e+00
13.70 9.439805866e-01 0.000000000e+00 1.554291923e+00 0.000000000e+00 -1.887961173e+00 0.000000000e+00 -6.103690108e-01 0.000000000e+00 6.590227724e-01 0.000000000e+00 2.130589778e-02 0.000000000e+00 -2.587976376e-01 0.000000000e+00 -4.261179556e-01 0.000000000e+00 9.033741743e-03 0.000000000e+00
13.75 9.131421435e-01 0.000000000e+00 1.586706681e+00 0.000000000e+00 -1.826284287e+00 0.000000000e+00 -6.230982564e-01 0.000000000e+00 6.374934777e-01 0.000000000e+00 2.175023227e-02 0.000000000e+00 -2.503431033e-01 0.000000000e+00 -4.350046455e-01 0.000000000e+00 8.738622824e-03 0.000000000e+00
13.80 8.816778784e-01 0.000000000e+00 1.618033989e+00 0.000000000e+00 -1.763355757e+00 0.000000000e+00 -6.354004615e-01 0.000000000e+00 6.155272768e-01 0.000000000e+00 2.217966025e-02 0.000000000e+00 -2.417169964e-01 0.000000000e+00 -4.435932049e-01 0.000000000e+00 8.437514889e-03 0.000000000e+00
13.85 8.496093554e-01 0.000000000e+00 1.648252377e+00 0.000000000e+00 -1.699218711e+00 0.000000000e+00 -6.472671950e-01 0.000000000e+00 5.931392243e-01 0.000000000e+00 2.259388738e-02 0.000000000e+00 -2.329252287e-01 0.000000000e+00 -4.518777477e-01 0.000000000e+00 8.130624303e-03 0.000000000e+00
13.90 8.169585525e-01 0.000000000e+00 1.677341136e+00 0.000000000e+00 -1.633917105e+00 0.000000000e+00 -6.586903238e-01 0.000000000e+00 5.703446638e-01 0.000000000e+00 2.299262980e-02 0.000000000e+00 -2.239738257e-01 0.000000000e+00 -4.598525960e-01 0.000000000e+00 7.818161394e-03 0.000000000e+00
13.95 7.837478471e-01 0.000000000e+00 1.705280329e+00 0.000000000e+00 -1.567495694e+00 0.000000000e+00 -6.696620191e-01 0.000000000e+00 5.471592175e-01 0.000000000e+00 2.337561422e-02 0.000000000e+00 -2.148689222e-01 0.000000000e+00 -4.675122844e-01 0.000000000e+00 7.500340307e-03 0.000000000e+00
14.00 7.500000000e-01 0.000000000e+00 1.732050808e+00 0.000000000e+00 -1.500000000e+00 0.000000000e+00 -6.801747616e-01 0.000000000e+00 5.235987756e-01 0.000000000e+00 2.374257816e-02 0.000000000e+00 -2.056167584e-01 0.000000000e+00 -4.748515631e-01 0.000000000e+00 7.177378861e-03 0.000000000e+00
14.05 7.157381404e-01 0.000000000e+00 1.757634225e+00 0.000000000e+00 -1.431476281e+00 0.000000000e+00 -6.902213462e-01 0.000000000e+00 4.996794853e-01 0.000000000e+00 2.409327012e-02 0.000000000e+00 -1.962236750e-01 0.000000000e+00 -4.818654024e-01 0.000000000e+00 6.849498399e-03 0.000000000e+00
14.10 6.809857496e-01 0.000000000e+00 1.782013048e+00 0.000000000e+00 -1.361971499e+00 0.000000000e+00 -6.997948877e-01 0.000000000e+00 4.754177396e-01 0.000000000e+00 2.442744976e-02 0.000000000e+00 -1.866961098e-01 0.000000000e+00 -4.885489951e-01 0.000000000e+00 6.516923632e-03 0.000000000e+00
14.15 6.457666452e-01 0.000000000e+00 1.805170569e+00 0.000000000e+00 -1.291533290e+00 0.000000000e+00 -7.088888246e-01 0.000000000e+00 4.508301663e-01 0.000000000e+00 2.474488804e-02 0.000000000e+00 -1.770405923e-01 0.000000000e+00 -4.948977608e-01 0.000000000e+00 6.179882491e-03 0.000000000e+00
14.20 6.101049646e-01 0.000000000e+00 1.827090915e+00 0.000000000e+00 -1.220209929e+00 0.000000000e+00 -7.174969246e-01 0.000000000e+00 4.259336166e-01 0.000000000e+00 2.504536741e-02 0.000000000e+00 -1.672637401e-01 0.000000000e+00 -5.009073483e-01 0.000000000e+00 5.838605968e-03 0.000000000e+00
14.25 5.740251485e-01 0.000000000e+00 1.847759065e+00 0.000000000e+00 -1.148050297e+00 0.000000000e+00 -7.256132880e-01 0.000000000e+00 4.007451533e-01 0.000000000e+00 2.532868194e-02 0.000000000e+00 -1.573722537e-01 0.000000000e+00 -5.065736389e-01 0.000000000e+00 5.493327956e-03 0.000000000e+00
14.30 5.375519243e-01 0.000000000e+00 1.867160853e+00 0.000000000e+00 -1.075103849e+00 0.000000000e+00 -7.332323524e-01 0.000000000e+00 3.752820392e-01 0.000000000e+00 2.559463746e-02 0.000000000e+00 -1.473729122e-01 0.000000000e+00 -5.118927492e-01 0.000000000e+00 5.144285091e-03 0.000000000e+00
14.35 5.007102889e-01 0.000000000e+00 1.885282982e+00 0.000000000e+00 -1.001420578e+00 0.000000000e+00 -7.403488958e-01 0.000000000e+00 3.495617256e-01 0.000000000e+00 2.584305169e-02 0.000000000e+00 -1.372725686e-01 0.000000000e+00 -5.168610338e-01 0.000000000e+00 4.791716590e-03 0.000000000e+00
14.40 4.635254916e-01 0.000000000e+00 1.902113033e+00 0.000000000e+00 -9.270509831e-01 0.000000000e+00 -7.469580412e-01 0.000000000e+00 3.236018398e-01 0.000000000e+00 2.607375439e-02 0.000000000e+00 -1.270781453e-01 0.000000000e+00 -5.214750877e-01 0.000000000e+00 4.435864086e-03 0.000000000e+00
14.45 4.260230171e-01 0.000000000e+00 1.917639470e+00 0.000000000e+00 -8.520460341e-01 0.000000000e+00 -7.530552588e-01 0.000000000e+00 2.974201735e-01 0.000000000e+00 2.628658743e-02 0.000000000e+00 -1.167966290e-01 0.000000000e+00 -5.257317486e-01 0.000000000e+00 4.076971463e-03 0.000000000e+00
14.50 3.882285677e-01 0.000000000e+00 1.931851653e+00 0.000000000e+00 -7.764571353e-01 0.000000000e+00 -7.586363699e-01 0.000000000e+00 2.710346702e-01 0.000000000e+00 2.648140496e-02 0.000000000e+00 -1.064350661e-01 0.000000000e+00 -5.296280992e-01 0.000000000e+00 3.715284686e-03 0.000000000e+00
14.55 3.501680458e-01 0.000000000e+00 1.944739841e+00 0.000000000e+00 -7.003360916e-01 0.000000000e+00 -7.636975496e-01 0.000000000e+00 2.444634134e-01 0.000000000e+00 2.665807346e-02 0.000000000e+00 -9.600055794e-02 0.000000000e+00 -5.331614692e-01 0.000000000e+00 3.351051640e-03 0.000000000e+00
14.60 3.118675362e-01 0.000000000e+00 1.956295201e+00 0.000000000e+00 -6.237350725e-01 0.000000000e+00 -7.682353291e-01 0.000000000e+00 2.177246135e-01 0.000000000e+00 2.681647185e-02 0.000000000e+00 -8.550025578e-02 0.000000000e+00 -5.363294370e-01 0.000000000e+00 2.984521949e-03 0.000000000e+00
14.65 2.733532882e-01 0.000000000e+00 1.966509815e+00 0.000000000e+00 -5.467065765e-01 0.000000000e+00 -7.722465986e-01 0.000000000e+00 1.908365960e-01 0.000000000e+00 2.695649156e-02 0.000000000e+00 -7.494135602e-02 0.000000000e+00 -5.391298313e-01 0.000000000e+00 2.615946817e-03 0.000000000e+00
14.70 2.346516976e-01 0.000000000e+00 1.975376681e+00 0.000000000e+00 -4.693033951e-01 0.000000000e+00 -7.757286087e-01 0.000000000e+00 1.638177887e-01 0.000000000e+00 2.707803665e-02 0.000000000e+00 -6.433109519e-02 0.000000000e+00 -5.415607330e-01 0.000000000e+00 2.245578845e-03 0.000000000e+00
14.75 1.957892883e-01 0.000000000e+00 1.982889723e+00 0.000000000e+00 -3.915785767e-01 0.000000000e+00 -7.786789732e-01 0.000000000e+00 1.366867089e-01 0.000000000e+00 2.718102380e-02 0.000000000e+00 -5.367674505e-02 0.000000000e+00 -5.436204760e-01 0.000000000e+00 1.873671866e-03 0.000000000e+00
14.80 1.567926949e-01 0.000000000e+00 1.989043791e+00 0.000000000e+00 -3.135853898e-01 0.000000000e+00 -7.810956701e-01 0.000000000e+00 1.094619508e-01 0.000000000e+00 2.726538243e-02 0.000000000e+00 -4.298560755e-02 0.000000000e+00 -5.453076486e-01 0.000000000e+00 1.500480765e-03 0.000000000e+00
14.85 1.176886436e-01 0.000000000e+00 1.993834667e+00 0.000000000e+00 -2.353772872e-01 0.000000000e+00 -7.829770430e-01 0.000000000e+00 8.216217292e-02 0.000000000e+00 2.733105473e-02 0.000000000e+00 -3.226500985e-02 0.000000000e+00 -5.466210947e-01 0.000000000e+00 1.126261310e-03 0.000000000e+00
14.90 7.850393436e-02 0.000000000e+00 1.997259070e+00 0.000000000e+00 -1.570078687e-01 0.000000000e+00 -7.843218025e-01 0.000000000e+00 5.480608522e-02 0.000000000e+00 2.737799570e-02 0.000000000e+00 -2.152229934e-02 0.000000000e+00 -5.475599140e-01 0.000000000e+00 7.512699720e-04 0.000000000e+00
14.95 3.926542246e-02 0.000000000e+00 1.999314650e+00 0.000000000e+00 -7.853084492e-02 0.000000000e+00 -7.851290271e-01 0.000000000e+00 2.741243617e-02 0.000000000e+00 2.740617315e-02 0.000000000e+00 -1.076483851e-02 0.000000000e+00 -5.481234630e-01 0.000000000e+00 3.757637509e-04 0.000000000e+00
15.00 5.510910596e-16 0.000000000e+00 2.000000000e+00 0.000000000e+00 -3.399323339e-15 0.000000000e+00 -7.853981634e-01 0.000000000e+00 1.250710048e-15 0.000000000e+00 2.741556778e-02 0.000000000e+00 -1.510847430e-16 0.000000000e+00 -5.483113556e-01 0.000000000e+00 1.626548765e-17 0.000000000e+00
15.05 -3.926542246e-02 0.000000000e+00 1.999314650e+00 0.000000000e+00 7.853084492e-02 0.000000000e+00 -7.851290271e-01 0.000000000e+00 -2.741243617e-02 0.000000000e+00 2.740617315e-02 0.000000000e+00 1.076483851e-02 0.000000000e+00 -5.481234630e-01 0.000000000e+00 -3.757637509e-04 0.000000000e+00
15.10 -7.850393436e-02 0.000000000e+00 1.997259070e+00 0.000000000e+00 1.570078687e-01 0.000000000e+00 -7.843218025e-01 0.000000000e+00 -5.480608522e-02 0.000000000e+00 2.737799570e-02 0.000000000e+00 2.152229934e-02 0.000000000e+00 -5.475599140e-01 0.000000000e+00 -7.512699720e-04 0.000000000e+00
15.15 -1.176886436e-01 0.000000000e+00 1.993834667e+00 0.000000000e+00 2.353772872e-01 0.000000000e+00 -7.829770430e-01 0.000000000e+00 -8.216217292e-02 0.000000000e+00 2.733105473e-02 0.000000000e+00 3.226500985e-02 0.000000000e+00 -5.466210947e-01 0.000000000e+00 -1.126261310e-03 0.000000000e+00
15.20 -1.567926949e-01 0.000000000e+00 1.989043791e+00 0.000000000e+00 3.135853898e-01 0.000000000e+00 -7.810956701e-01 0.000000000e+00 -1.094619508e-01 0.000000000e+00 2.726538243e-02 0.000000000e+00 4.298560755e-02 0.000000000e+00 -5.453076486e-01 0.000000000e+00 -1.500480765e-03 0.000000000e+00
15.25 -1.957892883e-01 0.000000000e+00 1.982889723e+00 0.000000000e+00 3.915785767e-01 0.000000000e+00 -7.786789732e-01 0.000000000e+00 -1.366867089e-01 0.000000000e+00 2.718102380e-02 0.000000000e+00 5.367674505e-02 0.000000000e+00 -5.436204760e-01 0.000000000e+00 -1.873671866e-03 0.000000000e+00
15.30 -2.346516976e-01 0.000000000e+00 1.975376681e+00 0.000000000e+00 4.693033951e-01 0.000000000e+00 -7.757286087e-01 0.000000000e+00 -1.638177887e-01 0.000000000e+00 2.707803665e-02 0.000000000e+00 6.433109519e-02 0.000000000e+00 -5.415607330e-01 0.000000000e+00 -2.245578845e-03 0.000000000e+00
15.35 -2.733532882e-01 0.000000000e+00 1.966509815e+00 0.000000000e+00 5.467065765e-01 0.000000000e+00 -7.722465986e-01 0.000000000e+00 -1.908365960e-01 0.000000000e+00 2.695649156e-02 0.000000000e+00 7.494135602e-02 0.000000000e+00 -5.391298313e-01 0.000000000e+00 -2.615946817e-03 0.000000000e+00
15.40 -3.118675362e-01 0.000000000e+00 1.956295201e+00 0.000000000e+00 6.237350725e-01 0.000000000e+00 -7.682353291e-01 0.000000000e+00 -2.177246135e-01 0.000000000e+00 2.681647185e-02 0.000000000e+00 8.550025578e-02 0.000000000e+00 -5.363294370e-01 0.000000000e+00 -2.984521949e-03 0.000000000e+00
15.45 -3.501680458e-01 0.000000000e+00 1.944739841e+00 0.000000000e+00 7.003360916e-01 0.000000000e+00 -7.636975496e-01 0.000000000e+00 -2.444634134e-01 0.000000000e+00 2.665807346e-02 0.000000000e+00 9.600055794e-02 0.000000000e+00 -5.331614692e-01 0.000000000e+00 -3.351051640e-03 0.000000000e+00
15.50 -3.882285677e-01 0.000000000e+00 1.931851653e+00 0.000000000e+00 7.764571353e-01 0.000000000e+00 -7.586363699e-01 0.000000000e+00 -2.710346702e-01 0.000000000e+00 2.648140496e-02 0.000000000e+00 1.064350661e-01 0.000000000e+00 -5.296280992e-01 0.000000000e+00 -3.715284686e-03 0.000000000e+00
15.55 -4.260230171e-01 0.000000000e+00 1.917639470e+00 0.000000000e+00 8.520460341e-01 0.000000000e+00 -7.530552588e-01 0.000000000e+00 -2.974201735e-01 0.000000000e+00 2.628658743e-02 0.000000000e+00 1.167966290e-01 0.000000000e+00 -5.257317486e-01 0.000000000e+00 -4.076971463e-03 0.000000000e+00
15.60 -4.635254916e-01 0.000000000e+00 1.902113033e+00 0.000000000e+00 9.270509831e-01 0.000000000e+00 -7.469580412e-01 0.000000000e+00 -3.236018398e-01 0.000000000e+00 2.607375439e-02 0.000000000e+00 1.270781453e-01 0.000000000e+00 -5.214750877e-01 0.000000000e+00 -4.435864086e-03 0.000000000e+00
15.65 -5.007102889e-01 0.000000000e+00 1.885282982e+00 0.000000000e+00 1.001420578e+00 0.000000000e+00 -7.403488958e-01 0.000000000e+00 -3.495617256e-01 0.000000000e+00 2.584305169e-02 0.000000000e+00 1.372725686e-01 0.000000000e+00 -5.168610338e-01 0.000000000e+00 -4.791716590e-03 0.000000000e+00
15.70 -5.375519243e-01 0.000000000e+00 1.867160853e+00 0.000000000e+00 1.075103849e+00 0.000000000e+00 -7.332323524e-01 0.000000000e+00 -3.752820392e-01 0.000000000e+00 2.559463746e-02 0.000000000e+00 1.473729122e-01 0.000000000e+00 -5.118927492e-01 0.000000000e+00 -5.144285091e-03 0.000000000e+00
15.75 -5.740251485e-01 0.000000000e+00 1.847759065e+00 0.000000000e+00 1.148050297e+00 0.000000000e+00 -7.256132880e-01 0.000000000e+00 -4.007451533e-01 0.000000000e+00 2.532868194e-02 0.000000000e+00 1.573722537e-01 0.000000000e+00 -5.065736389e-01 0.000000000e+00 -5.493327956e-03 0.000000000e+00
15.80 -6.101049646e-01 0.000000000e+00 1.827090915e+00 0.000000000e+00 1.220209929e+00 0.000000000e+00 -7.174969246e-01 0.000000000e+00 -4.259336166e-01 0.000000000e+00 2.504536741e-02 0.000000000e+00 1.672637401e-01 0.000000000e+00 -5.009073483e-01 0.000000000e+00 -5.838605968e-03 0.000000000e+00
15.85 -6.457666452e-01 0.000000000e+00 1.805170569e+00 0.000000000e+00 1.291533290e+00 0.000000000e+00 -7.088888246e-01 0.000000000e+00 -4.508301663e-01 0.000000000e+00 2.474488804e-02 0.000000000e+00 1.770405923e-01 0.000000000e+00 -4.948977608e-01 0.000000000e+00 -6.179882491e-03 0.000000000e+00
15.90 -6.809857496e-01 0.000000000e+00 1.782013048e+00 0.000000000e+00 1.361971499e+00 0.000000000e+00 -6.997948877e-01 0.000000000e+00 -4.754177396e-01 0.000000000e+00 2.442744976e-02 0.000000000e+00 1.866961098e-01 0.000000000e+00 -4.885489951e-01 0.000000000e+00 -6.516923632e-03 0.000000000e+00
15.95 -7.157381404e-01 0.000000000e+00 1.757634225e+00 0.000000000e+00 1.431476281e+00 0.000000000e+00 -6.902213462e-01 0.000000000e+00 -4.996794853e-01 0.000000000e+00 2.409327012e-02 0.000000000e+00 1.962236750e-01 0.000000000e+00 -4.818654024e-01 0.000000000e+00 -6.849498399e-03 0.000000000e+00
16.00 -7.500000000e-01 0.000000000e+00 1.732050808e+00 0.000000000e+00 1.500000000e+00 0.000000000e+00 -6.801747616e-01 0.000000000e+00 -5.235987756e-01 0.000000000e+00 2.374257816e-02 0.000000000e+00 2.056167584e-01 0.000000000e+00 -4.748515631e-01 0.000000000e+00 -7.177378861e-03 0.000000000e+00
16.05 -7.837478471e-01 0.000000000e+00 1.705280329e+00 0.000000000e+00 1.567495694e+00 0.000000000e+00 -6.696620191e-01 0.000000000e+00 -5.471592175e-01 0.000000000e+00 2.337561422e-02 0.000000000e+00 2.148689222e-01 0.000000000e+00 -4.675122844e-01 0.000000000e+00 -7.500340307e-03 0.000000000e+00
16.10 -8.169585525e-01 0.000000000e+00 1.677341136e+00 0.000000000e+00 1.633917105e+00 0.000000000e+00 -6.586903238e-01 0.000000000e+00 -5.703446638e-01 0.000000000e+00 2.299262980e-02 0.000000000e+00 2.239738257e-01 0.000000000e+00 -4.598525960e-01 0.000000000e+00 -7.818161394e-03 0.000000000e+00
16.15 -8.496093554e-01 0.000000000e+00 1.648252377e+00 0.000000000e+00 1.699218711e+00 0.000000000e+00 -6.472671950e-01 0.000000000e+00 -5.931392243e-01 0.000000000e+00 2.259388738e-02 0.000000000e+00 2.329252287e-01 0.000000000e+00 -4.518777477e-01 0.000000000e+00 -8.130624303e-03 0.000000000e+00
16.20 -8.816778784e-01 0.000000000e+00 1.618033989e+00 0.000000000e+00 1.763355757e+00 0.000000000e+00 -6.354004615e-01 0.000000000e+00 -6.155272768e-01 0.000000000e+00 2.217966025e-02 0.000000000e+00 2.417169964e-01 0.000000000e+00 -4.435932049e-01 0.000000000e+00 -8.437514889e-03 0.000000000e+00
16.25 -9.131421435e-01 0.000000000e+00 1.586706681e+00 0.000000000e+00 1.826284287e+00 0.000000000e+00 -6.230982564e-01 0.000000000e+00 -6.374934777e-01 0.000000000e+00 2.175023227e-02 0.000000000e+00 2.503431033e-01 0.000000000e+00 -4.350046455e-01 0.000000000e+00 -8.738622824e-03 0.000000000e+00
16.30 -9.439805866e-01 0.000000000e+00 1.554291923e+00 0.000000000e+00 1.887961173e+00 0.000000000e+00 -6.103690108e-01 0.000000000e+00 -6.590227724e-01 0.000000000e+00 2.130589778e-02 0.000000000e+00 2.587976376e-01 0.000000000e+00 -4.261179556e-01 0.000000000e+00 -9.033741743e-03 0.000000000e+00
16.35 -9.741720725e-01 0.000000000e+00 1.520811931e+00 0.000000000e+00 1.948344145e+00 0.000000000e+00 -5.972214488e-01 0.000000000e+00 -6.801004058e-01 0.000000000e+00 2.084696129e-02 0.000000000e+00 2.670748048e-01 0.000000000e+00 -4.169392258e-01 0.000000000e+00 -9.322669387e-03 0.000000000e+00
16.40 -1.003695910e+00 0.000000000e+00 1.486289651e+00 0.000000000e+00 2.007391819e+00 0.000000000e+00 -5.836645811e-01 0.000000000e+00 -7.007119324e-01 0.000000000e+00 2.037373733e-02 0.000000000e+00 2.751689324e-01 0.000000000e+00 -4.074747467e-01 0.000000000e+00 -9.605207739e-03 0.000000000e+00
16.45 -1.032531864e+00 0.000000000e+00 1.450748742e+00 0.000000000e+00 2.065063727e+00 0.000000000e+00 -5.697076988e-01 0.000000000e+00 -7.208432260e-01 0.000000000e+00 1.988655023e-02 0.000000000e+00 2.830744729e-01 0.000000000e+00 -3.977310047e-01 0.000000000e+00 -9.881163161e-03 0.000000000e+00
16.50 -1.060660172e+00 0.000000000e+00 1.414213562e+00 0.000000000e+00 2.121320344e+00 0.000000000e+00 -5.553603673e-01 0.000000000e+00 -7.404804897e-01 0.000000000e+00 1.938573389e-02 0.000000000e+00 2.907860083e-01 0.000000000e+00 -3.877146778e-01 0.000000000e+00 -1.015034653e-02 0.000000000e+00
16.55 -1.088061557e+00 0.000000000e+00 1.376709151e+00 0.000000000e+00 2.176123113e+00 0.000000000e+00 -5.406324195e-01 0.000000000e+00 -7.596102650e-01 0.000000000e+00 1.887163153e-02 0.000000000e+00 2.982982535e-01 0.000000000e+00 -3.774326305e-01 0.000000000e+00 -1.041257335e-02 0.000000000e+00
16.60 -1.114717238e+00 0.000000000e+00 1.338261213e+00 0.000000000e+00 2.229434476e+00 0.000000000e+00 -5.255339493e-01 0.000000000e+00 -7.782194414e-01 0.000000000e+00 1.834459549e-02 0.000000000e+00 3.056060600e-01 0.000000000e+00 -3.668919099e-01 0.000000000e+00 -1.066766392e-02 0.000000000e+00
16.65 -1.140608948e+00 0.000000000e+00 1.298896097e+00 0.000000000e+00 2.281217897e+00 0.000000000e+00 -5.100753044e-01 0.000000000e+00 -7.962952651e-01 0.000000000e+00 1.780498699e-02 0.000000000e+00 3.127044194e-01 0.000000000e+00 -3.560997398e-01 0.000000000e+00 -1.091544341e-02 0.000000000e+00
16.70 -1.165718942e+00 0.000000000e+00 1.258640782e+00 0.000000000e+00 2.331437884e+00 0.000000000e+00 -4.942670793e-01 0.000000000e+00 -8.138253478e-01 0.000000000e+00 1.725317584e-02 0.000000000e+00 3.195884667e-01 0.000000000e+00 -3.450635167e-01 0.000000000e+00 -1.115574199e-02 0.000000000e+00
16.75 -1.190030010e+00 0.000000000e+00 1.217522858e+00 0.000000000e+00 2.380060021e+00 0.000000000e+00 -4.781201083e-01 0.000000000e+00 -8.307976752e-01 0.000000000e+00 1.668954022e-02 0.000000000e+00 3.262534841e-01 0.000000000e+00 -3.337908044e-01 0.000000000e+00 -1.138839499e-02 0.000000000e+00
16.80 -1.213525492e+00 0.000000000e+00 1.175570505e+00 0.000000000e+00 2.427050983e+00 0.000000000e+00 -4.616454576e-01 0.000000000e+00 -8.472006154e-01 0.000000000e+00 1.611446642e-02 0.000000000e+00 3.326949037e-01 0.000000000e+00 -3.222893285e-01 0.000000000e+00 -1.161324295e-02 0.000000000e+00
16.85 -1.236189283e+00 0.000000000e+00 1.132812474e+00 0.000000000e+00 2.472378566e+00 0.000000000e+00 -4.448544182e-01 0.000000000e+00 -8.630229266e-01 0.000000000e+00 1.552834858e-02 0.000000000e+00 3.389083108e-01 0.000000000e+00 -3.105669716e-01 0.000000000e+00 -1.183013177e-02 0.000000000e+00
16.90 -1.258005852e+00 0.000000000e+00 1.089278070e+00 0.000000000e+00 2.516011704e+00 0.000000000e+00 -4.277584978e-01 0.000000000e+00 -8.782537650e-01 0.000000000e+00 1.493158838e-02 0.000000000e+00 3.448894470e-01 0.000000000e+00 -2.986317676e-01 0.000000000e+00 -1.203891281e-02 0.000000000e+00
16.95 -1.278960247e+00 0.000000000e+00 1.044997129e+00 0.000000000e+00 2.557920493e+00 0.000000000e+00 -4.103694131e-01 0.000000000e+00 -8.928826922e-01 0.000000000e+00 1.432459482e-02 0.000000000e+00 3.506342133e-01 0.000000000e+00 -2.864918963e-01 0.000000000e+00 -1.223944298e-02 0.000000000e+00
17.00 -1.299038106e+00 0.000000000e+00 1.000000000e+00 0.000000000e+00 2.598076211e+00 0.000000000e+00 -3.926990817e-01 0.000000000e+00 -9.068996821e-01 0.000000000e+00 1.370778389e-02 0.000000000e+00 3.561386724e-01 0.000000000e+00 -2.741556778e-01 0.000000000e+00 -1.243158485e-02 0.000000000e+00
17.05 -1.318225669e+00 0.000000000e+00 9.543175205e-01 0.000000000e+00 2.636451338e+00 0.000000000e+00 -3.747596140e-01 0.000000000e+00 -9.202951283e-01 0.000000000e+00 1.308157833e-02 0.000000000e+00 3.613990518e-01 0.000000000e+00 -2.616315667e-01 0.000000000e+00 -1.261520673e-02 0.000000000e+00
17.10 -1.336509786e+00 0.000000000e+00 9.079809995e-01 0.000000000e+00 2.673019573e+00 0.000000000e+00 -3.565633047e-01 0.000000000e+00 -9.330598502e-01 0.000000000e+00 1.244640732e-02 0.000000000e+00 3.664117464e-01 0.000000000e+00 -2.489281463e-01 0.000000000e+00 -1.279018278e-02 0.000000000e+00
17.15 -1.353877927e+00 0.000000000e+00 8.610221936e-01 0.000000000e+00 2.707755853e+00 0.000000000e+00 -3.381226248e-01 0.000000000e+00 -9.451850995e-01 0.000000000e+00 1.180270615e-02 0.000000000e+00 3.711733206e-01 0.000000000e+00 -2.360541231e-01 0.000000000e+00 -1.295639308e-02 0.000000000e+00
17.20 -1.370318186e+00 0.000000000e+00 8.134732862e-01 0.000000000e+00 2.740636373e+00 0.000000000e+00 -3.194502125e-01 0.000000000e+00 -9.566625662e-01 0.000000000e+00 1.115091601e-02 0.000000000e+00 3.756805112e-01 0.000000000e+00 -2.230183201e-01 0.000000000e+00 -1.311372371e-02 0.000000000e+00
17.25 -1.385819299e+00 0.000000000e+00 7.653668647e-01 0.000000000e+00 2.771638598e+00 0.000000000e+00 -3.005588649e-01 0.000000000e+00 -9.674843840e-01 0.000000000e+00 1.049148358e-02 0.000000000e+00 3.799302292e-01 0.000000000e+00 -2.098296716e-01 0.000000000e+00 -1.326206685e-02 0.000000000e+00
17.30 -1.400370640e+00 0.000000000e+00 7.167358991e-01 0.000000000e+00 2.800741279e+00 0.000000000e+00 -2.814615294e-01 0.000000000e+00 -9.776431365e-01 0.000000000e+00 9.824860811e-03 0.000000000e+00 3.839195619e-01 0.000000000e+00 -1.964972162e-01 0.000000000e+00 -1.340132084e-02 0.000000000e+00
17.35 -1.413962237e+00 0.000000000e+00 6.676137185e-01 0.000000000e+00 2.827924473e+00 0.000000000e+00 -2.621712942e-01 0.000000000e+00 -9.871318611e-01 0.000000000e+00 9.151504575e-03 0.000000000e+00 3.876457754e-01 0.000000000e+00 -1.830300915e-01 0.000000000e+00 -1.353139022e-02 0.000000000e+00
17.40 -1.426584774e+00 0.000000000e+00 6.180339887e-01 0.000000000e+00 2.853169549e+00 0.000000000e+00 -2.427013798e-01 0.000000000e+00 -9.959440549e-01 0.000000000e+00 8.471876355e-03 0.000000000e+00 3.911063158e-01 0.000000000e+00 -1.694375271e-01 0.000000000e+00 -1.365218587e-02 0.000000000e+00
17.45 -1.438229602e+00 0.000000000e+00 5.680306894e-01 0.000000000e+00 2.876459205e+00 0.000000000e+00 -2.230651301e-01 0.000000000e+00 -1.004073678e+00 0.000000000e+00 7.786441934e-03 0.000000000e+00 3.942988115e-01 0.000000000e+00 -1.557288387e-01 0.000000000e+00 -1.376362499e-02 0.000000000e+00
17.50 -1.448888739e+00 0.000000000e+00 5.176380902e-01 0.000000000e+00 2.897777479e+00 0.000000000e+00 -2.032760027e-01 0.000000000e+00 -1.011515160e+00 0.000000000e+00 7.095671074e-03 0.000000000e+00 3.972210744e-01 0.000000000e+00 -1.419134215e-01 0.000000000e+00 -1.386563121e-02 0.000000000e+00
17.55 -1.458554881e+00 0.000000000e+00 4.668907277e-01 0.000000000e+00 2.917109761e+00 0.000000000e+00 -1.833475600e-01 0.000000000e+00 -1.018263399e+00 0.000000000e+00 6.400037196e-03 0.000000000e+00 3.998711019e-01 0.000000000e+00 -1.280007439e-01 0.000000000e+00 -1.395813462e-02 0.000000000e+00
17.60 -1.467221401e+00 0.000000000e+00 4.158233816e-01 0.000000000e+00 2.934442802e+00 0.000000000e+00 -1.632934601e-01 0.000000000e+00 -1.024313772e+00 0.000000000e+00 5.700017052e-03 0.000000000e+00 4.022470777e-01 0.000000000e+00 -1.140003410e-01 0.000000000e+00 -1.404107183e-02 0.000000000e+00
17.65 -1.474882361e+00 0.000000000e+00 3.644710510e-01 0.000000000e+00 2.949764723e+00 0.000000000e+00 -1.431274470e-01 0.000000000e+00 -1.029662131e+00 0.000000000e+00 4.996090401e-03 0.000000000e+00 4.043473735e-01 0.000000000e+00 -9.992180802e-02 0.000000000e+00 -1.411438598e-02 0.000000000e+00
17.70 -1.481532511e+00 0.000000000e+00 3.128689301e-01 0.000000000e+00 2.963065022e+00 0.000000000e+00 -1.228633415e-01 0.000000000e+00 -1.034304812e+00 0.000000000e+00 4.288739680e-03 0.000000000e+00 4.061705497e-01 0.000000000e+00 -8.577479359e-02 0.000000000e+00 -1.417802683e-02 0.000000000e+00
17.75 -1.487167292e+00 0.000000000e+00 2.610523844e-01 0.000000000e+00 2.974334584e+00 0.000000000e+00 -1.025150316e-01 0.000000000e+00 -1.038238631e+00 0.000000000e+00 3.578449670e-03 0.000000000e+00 4.077153570e-01 0.000000000e+00 -7.156899340e-02 0.000000000e+00 -1.423195078e-02 0.000000000e+00
17.80 -1.491782843e+00 0.000000000e+00 2.090569265e-01 0.000000000e+00 2.983565686e+00 0.000000000e+00 -8.209646307e-02 0.000000000e+00 -1.041460893e+00 0.000000000e+00 2.865707170e-03 0.000000000e+00 4.089807365e-01 0.000000000e+00 -5.731414339e-02 0.000000000e+00 -1.427612086e-02 0.000000000e+00
17.85 -1.495376001e+00 0.000000000e+00 1.569181915e-01 0.000000000e+00 2.990752001e+00 0.000000000e+00 -6.162162969e-02 0.000000000e+00 -1.043969391e+00 0.000000000e+00 2.151000657e-03 0.000000000e+00 4.099658210e-01 0.000000000e+00 -4.302001314e-02 0.000000000e+00 -1.431050679e-02 0.000000000e+00
17.90 -1.497944302e+00 0.000000000e+00 1.046719125e-01 0.000000000e+00 2.995888604e+00 0.000000000e+00 -4.110456391e-02 0.000000000e+00 -1.045762403e+00 0.000000000e+00 1.434819956e-03 0.000000000e+00 4.106699355e-01 0.000000000e+00 -2.869639912e-02 0.000000000e+00 -1.433508503e-02 0.000000000e+00
17.95 -1.499485987e+00 0.000000000e+00 5.235389662e-02 0.000000000e+00 2.998971975e+00 0.000000000e+00 -2.055932712e-02 0.000000000e+00 -1.046838703e+00 0.000000000e+00 7.176559006e-04 0.000000000e+00 4.110925973e-01 0.000000000e+00 -1.435311801e-02 0.000000000e+00 -1.434983871e-02 0.000000000e+00
18.00 -1.500000000e+00 0.000000000e+00 7.347880795e-16 0.000000000e+00 3.000000000e+00 0.000000000e+00 -3.366423714e-16 0.000000000e+00 -1.047197551e+00 0.000000000e+00 8.393596832e-18 0.000000000e+00 4.112335167e-01 0.000000000e+00 -2.014463240e-16 0.000000000e+00 -1.435475772e-02 0.000000000e+00
18.05 -1.499485987e+00 0.000000000e+00 -5.235389662e-02 0.000000000e+00 2.998971975e+00 0.000000000e+00 2.055932712e-02 0.000000000e+00 -1.046838703e+00 0.000000000e+00 -7.176559006e-04 0.000000000e+00 4.110925973e-01 0.000000000e+00 1.435311801e-02 0.000000000e+00 -1.434983871e-02 0.000000000e+00
18.10 -1.497944302e+00 0.000000000e+00 -1.046719125e-01 0.000000000e+00 2.995888604e+00 0.000000000e+00 4.110456391e-02 0.000000000e+00 -1.045762403e+00 0.000000000e+00 -1.434819956e-03 0.000000000e+00 4.106699355e-01 0.000000000e+00 2.869639912e-02 0.000000000e+00 -1.433508503e-02 0.000000000e+00
18.15 -1.495376001e+00 0.000000000e+00 -1.569181915e-01 0.000000000e+00 2.990752001e+00 0.000000000e+00 6.162162969e-02 0.000000000e+00 -1.043969391e+00 0.000000000e+00 -2.151000657e-03 0.000000000e+00 4.099658210e-01 0.000000000e+00 4.302001314e-02 0.000000000e+00 -1.431050679e-02 0.000000000e+00
18.20 -1.491782843e+00 0.000000000e+00 -2.090569265e-01 0.000000000e+00 2.983565686e+00 0.000000000e+00 8.209646307e-02 0.000000000e+00 -1.041460893e+00 0.000000000e+00 -2.865707170e-03 0.000000000e+00 4.089807365e-01 0.000000000e+00 5.731414339e-02 0.000000000e+00 -1.427612086e-02 0.000000000e+00
18.25 -1.487167292e+00 0.000000000e+00 -2.610523844e-01 0.000000000e+00 2.974334584e+00 0.000000000e+00 1.025150316e-01 0.000000000e+00 -1.038238631e+00 0.000000000e+00 -3.578449670e-03 0.000000000e+00 4.077153570e-01 0.000000000e+00 7.156899340e-02 0.000000000e+00 -1.423195078e-02 0.000000000e+00
18.30 -1.481532511e+00 0.000000000e+00 -3.128689301e-01 0.000000000e+00 2.963065022e+00 0.000000000e+00 1.228633415e-01 0.000000000e+00 -1.034304812e+00 0.000000000e+00 -4.288739680e-03 0.000000000e+00 4.061705497e-01 0.000000000e+00 8.577479359e-02 0.000000000e+00 -1.417802683e-02 0.000000000e+00
18.35 -1.474882361e+00 0.000000000e+00 -3.644710510e-01 0.000000000e+00 2.949764723e+00 0.000000000e+00 1.431274470e-01 0.000000000e+00 -1.029662131e+00 0.000000000e+00 -4.996090401e-03 0.000000000e+00 4.043473735e-01 0.000000000e+00 9.992180802e-02 0.000000000e+00 -1.411438598e-02 0.000000000e+00
18.40 -1.467221401e+00 0.000000000e+00 -4.158233816e-01 0.000000000e+00 2.934442802e+00 0.000000000e+00 1.632934601e-01 0.000000000e+00 -1.024313772e+00 0.000000000e+00 -5.700017052e-03 0.000000000e+00 4.022470777e-01 0.000000000e+00 1.140003410e-01 0.000000000e+00 -1.404107183e-02 0.000000000e+00
18.45 -1.458554881e+00 0.000000000e+00 -4.668907277e-01 0.000000000e+00 2.917109761e+00 0.000000000e+00 1.833475600e-01 0.000000000e+00 -1.018263399e+00 0.000000000e+00 -6.400037196e-03 0.000000000e+00 3.998711019e-01 0.000000000e+00 1.280007439e-01 0.000000000e+00 -1.395813462e-02 0.000000000e+00
18.50 -1.448888739e+00 0.000000000e+00 -5.176380902e-01 0.000000000e+00 2.897777479e+00 0.000000000e+00 2.032760027e-01 0.000000000e+00 -1.011515160e+00 0.000000000e+00 -7.095671074e-03 0.000000000e+00 3.972210744e-01 0.000000000e+00 1.419134215e-01 0.000000000e+00 -1.386563121e-02 0.000000000e+00
18.55 -1.438229602e+00 0.000000000e+00 -5.680306894e-01 0.000000000e+00 2.876459205e+00 0.000000000e+00 2.230651301e-01 0.000000000e+00 -1.004073678e+00 0.000000000e+00 -7.786441934e-03 0.000000000e+00 3.942988115e-01 0.000000000e+00 1.557288387e-01 0.000000000e+00 -1.376362499e-02 0.000000000e+00
18.60 -1.426584774e+00 0.000000000e+00 -6.180339887e-01 0.000000000e+00 2.853169549e+00 0.000000000e+00 2.427013798e-01 0.000000000e+00 -9.959440549e-01 0.000000000e+00 -8.471876355e-03 0.000000000e+00 3.911063158e-01 0.000000000e+00 1.694375271e-01 0.000000000e+00 -1.365218587e-02 0.000000000e+00
18.65 -1.413962237e+00 0.000000000e+00 -6.676137185e-01 0.000000000e+00 2.827924473e+00 0.000000000e+00 2.621712942e-01 0.000000000e+00 -9.871318611e-01 0.000000000e+00 -9.151504575e-03 0.000000000e+00 3.876457754e-01 0.000000000e+00 1.830300915e-01 0.000000000e+00 -1.353139022e-02 0.000000000e+00
18.70 -1.400370640e+00 0.000000000e+00 -7.167358991e-01 0.000000000e+00 2.800741279e+00 0.000000000e+00 2.814615294e-01 0.000000000e+00 -9.776431365e-01 0.000000000e+00 -9.824860811e-03 0.000000000e+00 3.839195619e-01 0.000000000e+00 1.964972162e-01 0.000000000e+00 -1.340132084e-02 0.000000000e+00
18.75 -1.385819299e+00 0.000000000e+00 -7.653668647e-01 0.000000000e+00 2.771638598e+00 0.000000000e+00 3.005588649e-01 0.000000000e+00 -9.674843840e-01 0.000000000e+00 -1.049148358e-02 0.000000000e+00 3.799302292e-01 0.000000000e+00 2.098296716e-01 0.000000000e+00 -1.326206685e-02 0.000000000e+00
18.80 -1.370318186e+00 0.000000000e+00 -8.134732862e-01 0.000000000e+00 2.740636373e+00 0.000000000e+00 3.194502125e-01 0.000000000e+00 -9.566625662e-01 0.000000000e+00 -1.115091601e-02 0.000000000e+00 3.756805112e-01 0.000000000e+00 2.230183201e-01 0.000000000e+00 -1.311372371e-02 0.000000000e+00
18.85 -1.353877927e+00 0.000000000e+00 -8.610221936e-01 0.000000000e+00 2.707755853e+00 0.000000000e+00 3.381226248e-01 0.000000000e+00 -9.451850995e-01 0.000000000e+00 -1.180270615e-02 0.000000000e+00 3.711733206e-01 0.000000000e+00 2.360541231e-01 0.000000000e+00 -1.295639308e-02 0.000000000e+00
18.90 -1.336509786e+00 0.000000000e+00 -9.079809995e-01 0.000000000e+00 2.673019573e+00 0.000000000e+00 3.565633047e-01 0.000000000e+00 -9.330598502e-01 0.000000000e+00 -1.244640732e-02 0.000000000e+00 3.664117464e-01 0.000000000e+00 2.489281463e-01 0.000000000e+00 -1.279018278e-02 0.000000000e+00
18.95 -1.318225669e+00 0.000000000e+00 -9.543175205e-01 0.000000000e+00 2.636451338e+00 0.000000000e+00 3.747596140e-01 0.000000000e+00 -9.202951283e-01 0.000000000e+00 -1.308157833e-02 0.000000000e+00 3.613990518e-01 0.000000000e+00 2.616315667e-01 0.000000000e+00 -1.261520673e-02 0.000000000e+00
19.00 -1.299038106e+00 0.000000000e+00 -1.000000000e+00 0.000000000e+00 2.598076211e+00 0.000000000e+00 3.926990817e-01 0.000000000e+00 -9.068996821e-01 0.000000000e+00 -1.370778389e-02 0.000000000e+00 3.561386724e-01 0.000000000e+00 2.741556778e-01 0.000000000e+00 -1.243158485e-02 0.000000000e+00
19.05 -1.278960247e+00 0.000000000e+00 -1.044997129e+00 0.000000000e+00 2.557920493e+00 0.000000000e+00 4.103694131e-01 0.000000000e+00 -8.928826922e-01 0.000000000e+00 -1.432459482e-02 0.000000000e+00 3.506342133e-01 0.000000000e+00 2.864918963e-01 0.000000000e+00 -1.223944298e-02 0.000000000e+00
19.10 -1.258005852e+00 0.000000000e+00 -1.089278070e+00 0.000000000e+00 2.516011704e+00 0.000000000e+00 4.277584978e-01 0.000000000e+00 -8.782537650e-01 0.000000000e+00 -1.493158838e-02 0.000000000e+00 3.448894470e-01 0.000000000e+00 2.986317676e-01 0.000000000e+00 -1.203891281e-02 0.000000000e+00
19.15 -1.236189283e+00 0.000000000e+00 -1.132812474e+00 0.000000000e+00 2.472378566e+00 0.000000000e+00 4.448544182e-01 0.000000000e+00 -8.630229266e-01 0.000000000e+00 -1.552834858e-02 0.000000000e+00 3.389083108e-01 0.000000000e+00 3.105669716e-01 0.000000000e+00 -1.183013177e-02 0.000000000e+00
19.20 -1.213525492e+00 0.000000000e+00 -1.175570505e+00 0.000000000e+00 2.427050983e+00 0.000000000e+00 4.616454576e-01 0.000000000e+00 -8.472006154e-01 0.000000000e+00 -1.611446642e-02 0.000000000e+00 3.326949037e-01 0.000000000e+00 3.222893285e-01 0.000000000e+00 -1.161324295e-02 0.000000000e+00
19.25 -1.190030010e+00 0.000000000e+00 -1.217522858e+00 0.000000000e+00 2.380060021e+00 0.000000000e+00 4.781201083e-01 0.000000000e+00 -8.307976752e-01 0.000000000e+00 -1.668954022e-02 0.000000000e+00 3.262534841e-01 0.000000000e+00 3.337908044e-01 0.000000000e+00 -1.138839499e-02 0.000000000e+00
19.30 -1.165718942e+00 0.000000000e+00 -1.258640782e+00 0.000000000e+00 2.331437884e+00 0.000000000e+00 4.942670793e-01 0.000000000e+00 -8.138253478e-01 0.000000000e+00 -1.725317584e-02 0.000000000e+00 3.195884667e-01 0.000000000e+00 3.450635167e-01 0.000000000e+00 -1.115574199e-02 0.000000000e+00
19.35 -1.140608948e+00 0.000000000e+00 -1.298896097e+00 0.000000000e+00 2.281217897e+00 0.000000000e+00 5.100753044e-01 0.000000000e+00 -7.962952651e-01 0.000000000e+00 -1.780498699e-02 0.000000000e+00 3.127044194e-01 0.000000000e+00 3.560997398e-01 0.000000000e+00 -1.091544341e-02 0.000000000e+00
19.40 -1.114717238e+00 0.000000000e+00 -1.338261213e+00 0.000000000e+00 2.229434476e+00 0.000000000e+00 5.255339493e-01 0.000000000e+00 -7.782194414e-01 0.000000000e+00 -1.834459549e-02 0.000000000e+00 3.056060600e-01 0.000000000e+00 3.668919099e-01 0.000000000e+00 -1.066766392e-02 0.000000000e+00
19.45 -1.088061557e+00 0.000000000e+00 -1.376709151e+00 0.000000000e+00 2.176123113e+00 0.000000000e+00 5.406324195e-01 0.000000000e+00 -7.596102650e-01 0.000000000e+00 -1.887163153e-02 0.000000000e+00 2.982982535e-01 0.000000000e+00 3.774326305e-01 0.000000000e+00 -1.041257335e-02 0.000000000e+00
19.50 -1.060660172e+00 0.000000000e+00 -1.414213562e+00 0.000000000e+00 2.121320344e+00 0.000000000e+00 5.553603673e-01 0.000000000e+00 -7.404804897e-01 0.000000000e+00 -1.938573389e-02 0.000000000e+00 2.907860083e-01 0.000000000e+00 3.877146778e-01 0.000000000e+00 -1.015034653e-02 0.000000000e+00
19.55 -1.032531864e+00 0.000000000e+00 -1.450748742e+00 0.000000000e+00 2.065063727e+00 0.000000000e+00 5.697076988e-01 0.000000000e+00 -7.208432260e-01 0.000000000e+00 -1.988655023e-02 0.000000000e+00 2.830744729e-01 0.000000000e+00 3.977310047e-01 0.000000000e+00 -9.881163161e-03 0.000000000e+00
19.60 -1.003695910e+00 0.000000000e+00 -1.486289651e+00 0.000000000e+00 2.007391819e+00 0.000000000e+00 5.836645811e-01 0.000000000e+00 -7.007119324e-01 0.000000000e+00 -2.037373733e-02 0.000000000e+00 2.751689324e-01 0.000000000e+00 4.074747467e-01 0.000000000e+00 -9.605207739e-03 0.000000000e+00
19.65 -9.741720725e-01 0.000000000e+00 -1.520811931e+00 0.000000000e+00 1.948344145e+00 0.000000000e+00 5.972214488e-01 0.000000000e+00 -6.801004058e-01 0.000000000e+00 -2.084696129e-02 0.000000000e+00 2.670748048e-01 0.000000000e+00 4.169392258e-01 0.000000000e+00 -9.322669387e-03 0.000000000e+00
19.70 -9.439805866e-01 0.000000000e+00 -1.554291923e+00 0.000000000e+00 1.887961173e+00 0.000000000e+00 6.103690108e-01 0.000000000e+00 -6.590227724e-01 0.000000000e+00 -2.130589778e-02 0.000000000e+00 2.587976376e-01 0.000000000e+00 4.261179556e-01 0.000000000e+00 -9.033741743e-03 0.000000000e+00
19.75 -9.131421435e-01 0.000000000e+00 -1.586706681e+00 0.000000000e+00 1.826284287e+00 0.000000000e+00 6.230982564e-01 0.000000000e+00 -6.374934777e-01 0.000000000e+00 -2.175023227e-02 0.000000000e+00 2.503431033e-01 0.000000000e+00 4.350046455e-01 0.000000000e+00 -8.738622824e-03 0.000000000e+00
19.80 -8.816778784e-01 0.000000000e+00 -1.618033989e+00 0.000000000e+00 1.763355757e+00 0.000000000e+00 6.354004615e-01 0.000000000e+00 -6.155272768e-01 0.000000000e+00 -2.217966025e-02 0.000000000e+00 2.417169964e-01 0.000000000e+00 4.435932049e-01 0.000000000e+00 -8.437514889e-03 0.000000000e+00
19.85 -8.496093554e-01 0.000000000e+00 -1.648252377e+00 0.000000000e+00 1.699218711e+00 0.000000000e+00 6.472671950e-01 0.000000000e+00 -5.931392243e-01 0.000000000e+00 -2.259388738e-02 0.000000000e+00 2.329252287e-01 0.000000000e+00 4.518777477e-01 0.000000000e+00 -8.130624303e-03 0.000000000e+00
19.90 -8.169585525e-01 0.000000000e+00 -1.677341136e+00 0.000000000e+00 1.633917105e+00 0.000000000e+00 6.586903238e-01 0.000000000e+00 -5.703446638e-01 0.000000000e+00 -2.299262980e-02 0.000000000e+00 2.239738257e-01 0.000000000e+00 4.598525960e-01 0.000000000e+00 -7.818161394e-03 0.000000000e+00
19.95 -7.837478471e-01 0.000000000e+00 -1.705280329e+00 0.000000000e+00 1.567495694e+00 0.000000000e+00 6.696620191e-01 0.000000000e+00 -5.471592175e-01 0.000000000e+00 -2.337561422e-02 0.000000000e+00 2.148689222e-01 0.000000000e+00 4.675122844e-01 0.000000000e+00 -7.500340307e-03 0.000000000e+00
20.00 -7.500000000e-01 0.000000000e+00 -1.732050808e+00 0.000000000e+00 1.500000000e+00 0.000000000e+00 6.801747616e-01 0.000000000e+00 -5.235987756e-01 0.000000000e+00 -2.374257816e-02 0.000000000e+00 2.056167584e-01 0.000000000e+00 4.748515631e-01 0.000000000e+00 -7.177378861e-03 0.000000000e+00
20.05 -7.157381404e-01 0.000000000e+00 -1.757634225e+00 0.000000000e+00 1.431476281e+00 0.000000000e+00 6.902213462e-01 0.000000000e+00 -4.996794853e-01 0.000000000e+00 -2.409327012e-02 0.000000000e+00 1.962236750e-01 0.000000000e+00 4.818654024e-01 0.000000000e+00 -6.849498399e-03 0.000000000e+00
20.10 -6.809857496e-01 0.000000000e+00 -1.782013048e+00 0.000000000e+00 1.361971499e+00 0.000000000e+00 6.997948877e-01 0.000000000e+00 -4.754177396e-01 0.000000000e+00 -2.442744976e-02 0.000000000e+00 1.866961098e-01 0.000000000e+00 4.885489951e-01 0.000000000e+00 -6.516923632e-03 0.000000000e+00
20.15 -6.457666452e-01 0.000000000e+00 -1.805170569e+00 0.000000000e+00 1.291533290e+00 0.000000000e+00 7.088888246e-01 0.000000000e+00 -4.508301663e-01 0.000000000e+00 -2.474488804e-02 0.000000000e+00 1.770405923e-01 0.000000000e+00 4.948977608e-01 0.000000000e+00 -6.179882491e-03 0.000000000e+00
20.20 -6.101049646e-01 0.000000000e+00 -1.827090915e+00 0.000000000e+00 1.220209929e+00 0.000000000e+00 7.174969246e-01 0.000000000e+00 -4.259336166e-01 0.000000000e+00 -2.504536741e-02 0.000000000e+00 1.672637401e-01 0.000000000e+00 5.009073483e-01 0.000000000e+00 -5.838605968e-03 0.000000000e+00
20.25 -5.740251485e-01 0.000000000e+00 -1.847759065e+00 0.000000000e+00 1.148050297e+00 0.000000000e+00 7.256132880e-01 0.000000000e+00 -4.007451533e-01 0.000000000e+00 -2.532868194e-02 0.000000000e+00 1.573722537e-01 0.000000000e+00 5.065736389e-01 0.000000000e+00 -5.493327956e-03 0.000000000e+00
20.30 -5.375519243e-01 0.000000000e+00 -1.867160853e+00 0.000000000e+00 1.075103849e+00 0.000000000e+00 7.332323524e-01 0.000000000e+00 -3.752820392e-01 0.000000000e+00 -2.559463746e-02 0.000000000e+00 1.473729122e-01 0.000000000e+00 5.118927492e-01 0.000000000e+00 -5.144285091e-03 0.000000000e+00
20.35 -5.007102889e-01 0.000000000e+00 -1.885282982e+00 0.000000000e+00 1.001420578e+00 0.000000000e+00 7.403488958e-01 0.000000000e+00 -3.495617256e-01 0.000000000e+00 -2.584305169e-02 0.000000000e+00 1.372725686e-01 0.000000000e+00 5.168610338e-01 0.000000000e+00 -4.791716590e-03 0.000000000e+00
20.40 -4.635254916e-01 0.000000000e+00 -1.902113033e+00 0.000000000e+00 9.270509831e-01 0.000000000e+00 7.469580412e-01 0.000000000e+00 -3.236018398e-01 0.000000000e+00 -2.607375439e-02 0.000000000e+00 1.270781453e-01 0.000000000e+00 5.214750877e-01 0.000000000e+00 -4.435864086e-03 0.000000000e+00
20.45 -4.260230171e-01 0.000000000e+00 -1.917639470e+00 0.000000000e+00 8.520460341e-01 0.000000000e+00 7.530552588e-01 0.000000000e+00 -2.974201735e-01 0.000000000e+00 -2.628658743e-02 0.000000000e+00 1.167966290e-01 0.000000000e+00 5.257317486e-01 0.000000000e+00 -4.076971463e-03 0.000000000e+00
20.50 -3.882285677e-01 0.000000000e+00 -1.931851653e+00 0.000000000e+00 7.764571353e-01 0.000000000e+00 7.586363699e-01 0.000000000e+00 -2.710346702e-01 0.000000000e+00 -2.648140496e-02 0.000000000e+00 1.064350661e-01 0.000000000e+00 5.296280992e-01 0.000000000e+00 -3.715284686e-03 0.000000000e+00
20.55 -3.501680458e-01 0.000000000e+00 -1.944739841e+00 0.000000000e+00 7.003360916e-01 0.000000000e+00 7.636975496e-01 0.000000000e+00 -2.444634134e-01 0.000000000e+00 -2.665807346e-02 0.000000000e+00 9.600055794e-02 0.000000000e+00 5.331614692e-01 0.000000000e+00 -3.351051640e-03 0.000000000e+00
20.60 -3.118675362e-01 0.000000000e+00 -1.956295201e+00 0.000000000e+00 6.237350725e-01 0.000000000e+00 7.682353291e-01 0.000000000e+00 -2.177246135e-01 0.000000000e+00 -2.681647185e-02 0.000000000e+00 8.550025578e-02 0.000000000e+00 5.363294370e-01 0.000000000e+00 -2.984521949e-03 0.000000000e+00
20.65 -2.733532882e-01 0.000000000e+00 -1.966509815e+00 0.000000000e+00 5.467065765e-01 0.000000000e+00 7.722465986e-01 0.000000000e+00 -1.908365960e-01 0.000000000e+00 -2.695649156e-02 0.000000000e+00 7.494135602e-02 0.000000000e+00 5.391298313e-01 0.000000000e+00 -2.615946817e-03 0.000000000e+00
20.70 -2.346516976e-01 0.000000000e+00 -1.975376681e+00 0.000000000e+00 4.693033951e-01 0.000000000e+00 7.757286087e-01 0.000000000e+00 -1.638177887e-01 0.000000000e+00 -2.707803665e-02 0.000000000e+00 6.433109519e-02 0.000000000e+00 5.415607330e-01 0.000000000e+00 -2.245578845e-03 0.000000000e+00
20.75 -1.957892883e-01 0.000000000e+00 -1.982889723e+00 0.000000000e+00 3.915785767e-01 0.000000000e+00 7.786789732e-01 0.000000000e+00 -1.366867089e-01 0.000000000e+00 -2.718102380e-02 0.000000000e+00 5.367674505e-02 0.000000000e+00 5.436204760e-01 0.000000000e+00 -1.873671866e-03 0.000000000e+00
20.80 -1.567926949e-01 0.000000000e+00 -1.989043791e+00 0.000000000e+00 3.135853898e-01 0.000000000e+00 7.810956701e-01 0.000000000e+00 -1.094619508e-01 0.000000000e+00 -2.726538243e-02 0.000000000e+00 4.298560755e-02 0.000000000e+00 5.453076486e-01 0.000000000e+00 -1.500480765e-03 0.000000000e+00
20.85 -1.176886436e-01 0.000000000e+00 -1.993834667e+00 0.000000000e+00 2.353772872e-01 0.000000000e+00 7.829770430e-01 0.000000000e+00 -8.216217292e-02 0.000000000e+00 -2.733105473e-02 0.000000000e+00 3.226500985e-02 0.000000000e+00 5.466210947e-01 0.000000000e+00 -1.126261310e-03 0.000000000e+00
20.90 -7.850393436e-02 0.000000000e+00 -1.997259070e+00 0.000000000e+00 1.570078687e-01 0.000000000e+00 7.843218025e-01 0.000000000e+00 -5.480608522e-02 0.000000000e+00 -2.737799570e-02 0.000000000e+00 2.152229934e-02 0.000000000e+00 5.475599140e-01 0.000000000e+00 -7.512699720e-04 0.000000000e+00
20.95 -3.926542246e-02 0.000000000e+00 -1.999314650e+00 0.000000000e+00 7.853084492e-02 0.000000000e+00 7.851290271e-01 0.000000000e+00 -2.741243617e-02 0.000000000e+00 -2.740617315e-02 0.000000000e+00 1.076483851e-02 0.000000000e+00 5.481234630e-01 0.000000000e+00 -3.757637509e-04 0.000000000e+00
21.00 -7.347880795e-16 0.000000000e+00 -2.000000000e+00 0.000000000e+00 1.102182119e-15 0.000000000e+00 7.853981634e-01 0.000000000e+00 -4.488564952e-16 0.000000000e+00 -2.741556778e-02 0.000000000e+00 2.014463240e-16 0.000000000e+00 5.483113556e-01 0.000000000e+00 -5.273852429e-18 0.000000000e+00
21.05 3.926542246e-02 0.000000000e+00 -1.999314650e+00 0.000000000e+00 -7.853084492e-02 0.000000000e+00 7.851290271e-01 0.000000000e+00 2.741243617e-02 0.000000000e+00 -2.740617315e-02 0.000000000e+00 -1.076483851e-02 0.000000000e+00 5.481234630e-01 0.000000000e+00 3.757637509e-04 0.000000000e+00
21.10 7.850393436e-02 0.000000000e+00 -1.997259070e+00 0.000000000e+00 -1.570078687e-01 0.000000000e+00 7.843218025e-01 0.000000000e+00 5.480608522e-02 0.000000000e+00 -2.737799570e-02 0.000000000e+00 -2.152229934e-02 0.000000000e+00 5.475599140e-01 0.000000000e+00 7.512699720e-04 0.000000000e+00
21.15 1.176886436e-01 0.000000000e+00 -1.993834667e+00 0.000000000e+00 -2.353772872e-01 0.000000000e+00 7.829770430e-01 0.000000000e+00 8.216217292e-02 0.000000000e+00 -2.733105473e-02 0.000000000e+00 -3.226500985e-02 0.000000000e+00 5.466210947e-01 0.000000000e+00 1.126261310e-03 0.000000000e+00
21.20 1.567926949e-01 0.000000000e+00 -1.989043791e+00 0.000000000e+00 -3.135853898e-01 0.000000000e+00 7.810956701e-01 0.000000000e+00 1.094619508e-01 0.000000000e+00 -2.726538243e-02 0.000000000e+00 -4.298560755e-02 0.000000000e+00 5.453076486e-01 0.000000000e+00 1.500480765e-03 0.000000000e+00
21.25 1.957892883e-01 0.000000000e+00 -1.982889723e+00 0.000000000e+00 -3.915785767e-01 0.000000000e+00 7.786789732e-01 0.000000000e+00 1.366867089e-01 0.000000000e+00 -2.718102380e-02 0.000000000e+00 -5.367674505e-02 0.000000000e+00 5.436204760e-01 0.000000000e+00 1.873671866e-03 0.000000000e+00
21.30 2.346516976e-01 0.000000000e+00 -1.975376681e+00 0.000000000e+00 -4.693033951e-01 0.000000000e+00 7.757286087e-01 0.000000000e+00 1.638177887e-01 0.000000000e+00 -2.707803665e-02 0.000000000e+00 -6.433109519e-02 0.000000000e+00 5.415607330e-01 0.000000000e+00 2.245578845e-03 0.000000000e+00
21.35 2.733532882e-01 0.000000000e+00 -1.966509815e+00 0.000000000e+00 -5.467065765e-01 0.000000000e+00 7.722465986e-01 0.000000000e+00 1.908365960e-01 0.000000000e+00 -2.695649156e-02 0.000000000e+00 -7.494135602e-02 0.000000000e+00 5.391298313e-01 0.000000000e+00 2.615946817e-03 0.000000000e+00
21.40 3.118675362e-01 0.000000000e+00 -1.956295201e+00 0.000000000e+00 -6.237350725e-01 0.000000000e+00 7.682353291e-01 0.000000000e+00 2.177246135e-01 0.000000000e+00 -2.681647185e-02 0.000000000e+00 -8.550025578e-02 0.000000000e+00 5.363294370e-01 0.000000000e+00 2.984521949e-03 0.000000000e+00
21.45 3.501680458e-01 0.000000000e+00 -1.944739841e+00 0.000000000e+00 -7.003360916e-01 0.000000000e+00 7.636975496e-01 0.000000000e+00 2.444634134e-01 0.000000000e+00 -2.665807346e-02 0.000000000e+00 -9.600055794e-02 0.000000000e+00 5.331614692e-01 0.000000000e+00 3.351051640e-03 0.000000000e+00
21.50 3.882285677e-01 0.000000000e+00 -1.931851653e+00 0.000000000e+00 -7.764571353e-01 0.000000000e+00 7.586363699e-01 0.000000000e+00 2.710346702e-01 0.000000000e+00 -2.648140496e-02 0.000000000e+00 -1.064350661e-01 0.000000000e+00 5.296280992e-01 0.000000000e+00 3.715284686e-03 0.000000000e+00
21.55 4.260230171e-01 0.000000000e+00 -1.917639470e+00 0.000000000e+00 -8.520460341e-01 0.000000000e+00 7.530552588e-01 0.000000000e+00 2.974201735e-01 0.000000000e+00 -2.628658743e-02 0.000000000e+00 -1.167966290e-01 0.000000000e+00 5.257317486e-01 0.000000000e+00 4.076971463e-03 0.000000000e+00
21.60 4.635254916e-01 0.000000000e+00 -1.902113033e+00 0.000000000e+00 -9.270509831e-01 0.000000000e+00 7.469580412e-01 0.000000000e+00 3.236018398e-01 0.000000000e+00 -2.607375439e-02 0.000000000e+00 -1.270781453e-01 0.000000000e+00 5.214750877e-01 0.000000000e+00 4.435864086e-03 0.000000000e+00
21.65 5.007102889e-01 0.000000000e+00 -1.885282982e+00 0.000000000e+00 -1.001420578e+00 0.000000000e+00 7.403488958e-01 0.000000000e+00 3.495617256e-01 0.000000000e+00 -2.584305169e-02 0.000000000e+00 -1.372725686e-01 0.000000000e+00 5.168610338e-01 0.000000000e+00 4.791716590e-03 0.000000000e+00
21.70 5.375519243e-01 0.000000000e+00 -1.867160853e+00 0.000000000e+00 -1.075103849e+00 0.000000000e+00 7.332323524e-01 0.000000000e+00 3.752820392e-01 0.000000000e+00 -2.559463746e-02 0.000000000e+00 -1.473729122e-01 0.000000000e+00 5.118927492e-01 0.000000000e+00 5.144285091e-03 0.000000000e+00
21.75 5.740251485e-01 0.000000000e+00 -1.847759065e+00 0.000000000e+00 -1.148050297e+00 0.000000000e+00 7.256132880e-01 0.000000000e+00 4.007451533e-01 0.000000000e+00 -2.532868194e-02 0.000000000e+00 -1.573722537e-01 0.000000000e+00 5.065736389e-01 0.000000000e+00 5.493327956e-03 0.000000000e+00
21.80 6.101049646e-01 0.000000000e+00 -1.827090915e+00 0.000000000e+00 -1.220209929e+00 0.000000000e+00 7.174969246e-01 0.000000000e+00 4.259336166e-01 0.000000000e+00 -2.504536741e-02 0.000000000e+00 -1.672637401e-01 0.000000000e+00 5.009073483e-01 0.000000000e+00 5.838605968e-03 0.000000000e+00
21.85 6.457666452e-01 0.000000000e+00 -1.805170569e+00 0.000000000e+00 -1.291533290e+00 0.000000000e+00 7.088888246e-01 0.000000000e+00 4.508301663e-01 0.000000000e+00 -2.474488804e-02 0.000000000e+00 -1.770405923e-01 0.000000000e+00 4.948977608e-01 0.000000000e+00 6.179882491e-03 0.000000000e+00
21.90 6.809857496e-01 0.000000000e+00 -1.782013048e+00 0.000000000e+00 -1.361971499e+00 0.000000000e+00 6.997948877e-01 0.000000000e+00 4.754177396e-01 0.000000000e+00 -2.442744976e-02 0.000000000e+00 -1.866961098e-01 0.000000000e+00 4.885489951e-01 0.000000000e+00 6.516923632e-03 0.000000000e+00
21.95 7.157381404e-01 0.000000000e+00 -1.757634225e+00 0.000000000e+00 -1.431476281e+00 0.000000000e+00 6.902213462e-01 0.000000000e+00 4.996794853e-01 0.000000000e+00 -2.409327012e-02 0.000000000e+00 -1.962236750e-01 0.000000000e+00 4.818654024e-01 0.000000000e+00 6.849498399e-03 0.000000000e+00
22.00 7.500000000e-01 0.000000000e+00 -1.732050808e+00 0.000000000e+00 -1.500000000e+00 0.000000000e+00 6.801747616e-01 0.000000000e+00 5.235987756e-01 0.000000000e+00 -2.374257816e-02 0.000000000e+00 -2.056167584e-01 0.000000000e+00 4.748515631e-01 0.000000000e+00 7.177378861e-03 0.000000000e+00
22.05 7.837478471e-01 0.000000000e+00 -1.705280329e+00 0.000000000e+00 -1.567495694e+00 0.000000000e+00 6.696620191e-01 0.000000000e+00 5.471592175e-01 0.000000000e+00 -2.337561422e-02 0.000000000e+00 -2.148689222e-01 0.000000000e+00 4.675122844e-01 0.000000000e+00 7.500340307e-03 0.000000000e+00
22.10 8.169585525e-01 0.000000000e+00 -1.677341136e+00 0.000000000e+00 -1.633917105e+00 0.000000000e+00 6.586903238e-01 0.000000000e+00 5.703446638e-01 0.000000000e+00 -2.299262980e-02 0.000000000e+00 -2.239738257e-01 0.000000000e+00 4.598525960e-01 0.000000000e+00 7.818161394e-03 0.000000000e+00
22.15 8.496093554e-01 0.000000000e+00 -1.648252377e+00 0.000000000e+00 -1.699218711e+00 0.000000000e+00 6.472671950e-01 0.000000000e+00 5.931392243e-01 0.000000000e+00 -2.259388738e-02 0.000000000e+00 -2.329252287e-01 0.000000000e+00 4.518777477e-01 0.000000000e+00 8.130624303e-03 0.000000000e+00
22.20 8.816778784e-01 0.000000000e+00 -1.618033989e+00 0.000000000e+00 -1.763355757e+00 0.000000000e+00 6.354004615e-01 0.000000000e+00 6.155272768e-01 0.000000000e+00 -2.217966025e-02 0.000000000e+00 -2.417169964e-01 0.000000000e+00 4.435932049e-01 0.000000000e+00 8.437514889e-03 0.000000000e+00
22.25 9.131421435e-01 0.000000000e+00 -1.586706681e+00 0.000000000e+00 -1.826284287e+00 0.000000000e+00 6.230982564e-01 0.000000000e+00 6.374934777e-01 0.000000000e+00 -2.175023227e-02 0.000000000e+00 -2.503431033e-01 0.000000000e+00 4.350046455e-01 0.000000000e+00 8.738622824e-03 0.000000000e+00
22.30 9.439805866e-01 0.000000000e+00 -1.554291923e+00 0.000000000e+00 -1.887961173e+00 0.000000000e+00 6.103690108e-01 0.000000000e+00 6.590227724e-01 0.000000000e+00 -2.130589778e-02 0.000000000e+00 -2.587976376e-01 0.000000000e+00 4.261179556e-01 0.000000000e+00 9.033741743e-03 0.000000000e+00
22.35 9.741720725e-01 0.000000000e+00 -1.520811931e+00 0.000000000e+00 -1.948344145e+00 0.000000000e+00 5.972214488e-01 0.000000000e+00 6.801004058e-01 0.000000000e+00 -2.084696129e-02 0.000000000e+00 -2.670748048e-01 0.000000000e+00 4.169392258e-01 0.000000000e+00 9.322669387e-03 0.000000000e+00
22.40 1.003695910e+00 0.000000000e+00 -1.486289651e+00 0.000000000e+00 -2.007391819e+00 0.000000000e+00 5.836645811e-01 0.000000000e+00 7.007119324e-01 0.000000000e+00 -2.037373733e-02 0.000000000e+00 -2.751689324e-01 0.000000000e+00 4.074747467e-01 0.000000000e+00 9.605207739e-03 0.000000000e+00
22.45 1.032531864e+00 0.000000000e+00 -1.450748742e+00 0.000000000e+00 -2.065063727e+00 0.000000000e+00 5.697076988e-01 0.000000000e+00 7.208432260e-01 0.000000000e+00 -1.988655023e-02 0.000000000e+00 -2.830744729e-01 0.000000000e+00 3.977310047e-01 0.000000000e+00 9.881163161e-03 0.000000000e+00
22.50 1.060660172e+00 0.000000000e+00 -1.414213562e+00 0.000000000e+00 -2.121320344e+00 0.000000000e+00 5.553603673e-01 0.000000000e+00 7.404804897e-01 0.000000000e+00 -1.938573389e-02 0.000000000e+00 -2.907860083e-01 0.000000000e+00 3.877146778e-01 0.000000000e+00 1.015034653e-02 0.000000000e+00
22.55 1.088061557e+00 0.000000000e+00 -1.376709151e+00 0.000000000e+00 -2.176123113e+00 0.000000000e+00 5.406324195e-01 0.000000000e+00 7.596102650e-01 0.000000000e+00 -1.887163153e-02 0.000000000e+00 -2.982982535e-01 0.000000000e+00 3.774326305e-01 0.000000000e+00 1.041257335e-02 0.000000000e+00
22.60 1.114717238e+00 0.000000000e+00 -1.338261213e+00 0.000000000e+00 -2.229434476e+00 0.000000000e+00 5.255339493e-01 0.000000000e+00 7.782194414e-01 0.000000000e+00 -1.834459549e-02 0.000000000e+00 -3.056060600e-01 0.000000000e+00 3.668919099e-01 0.000000000e+00 1.066766392e-02 0.000000000e+00
22.65 1.140608948e+00 0.000000000e+00 -1.298896097e+00 0.000000000e+00 -2.281217897e+00 0.000000000e+00 5.100753044e-01 0.000000000e+00 7.962952651e-01 0.000000000e+00 -1.780498699e-02 0.000000000e+00 -3.127044194e-01 0.000000000e+00 3.560997398e-01 0.000000000e+00 1.091544341e-02 0.000000000e+00
22.70 1.165718942e+00 0.000000000e+00 -1.258640782e+00 0.000000000e+00 -2.331437884e+00 0.000000000e+00 4.942670793e-01 0.000000000e+00 8.138253478e-01 0.000000000e+00 -1.725317584e-02 0.000000000e+00 -3.195884667e-01 0.000000000e+00 3.450635167e-01 0.000000000e+00 1.115574199e-02 0.000000000e+00
22.75 1.190030010e+00 0.000000000e+00 -1.217522858e+00 0.000000000e+00 -2.380060021e+00 0.000000000e+00 4.781201083e-01 0.000000000e+00 8.307976752e-01 0.000000000e+00 -1.668954022e-02 0.000000000e+00 -3.262534841e-01 0.000000000e+00 3.337908044e-01 0.000000000e+00 1.138839499e-02 0.000000000e+00
22.80 1.213525492e+00 0.000000000e+00 -1.175570505e+00 0.000000000e+00 -2.427050983e+00 0.000000000e+00 4.616454576e-01 0.000000000e+00 8.472006154e-01 0.000000000e+00 -1.611446642e-02 0.000000000e+00 -3.326949037e-01 0.000000000e+00 3.222893285e-01 0.000000000e+00 1.161324295e-02 0.000000000e+00
22.85 1.236189283e+00 0.000000000e+00 -1.132812474e+00 0.000000000e+00 -2.472378566e+00 0.000000000e+00 4.448544182e-01 0.000000000e+00 8.630229266e-01 0.000000000e+00 -1.552834858e-02 0.000000000e+00 -3.389083108e-01 0.000000000e+00 3.105669716e-01 0.000000000e+00 1.183013177e-02 0.000000000e+00
22.90 1.258005852e+00 0.000000000e+00 -1.089278070e+00 0.000000000e+00 -2.516011704e+00 0.000000000e+00 4.277584978e-01 0.000000000e+00 8.782537650e-01 0.000000000e+00 -1.493158838e-02 0.000000000e+00 -3.448894470e-01 0.000000000e+00 2.986317676e-01 0.000000000e+00 1.203891281e-02 0.000000000e+00
22.95 1.278960247e+00 0.000000000e+00 -1.044997129e+00 0.000000000e+00 -2.557920493e+00 0.000000000e+00 4.103694131e-01 0.000000000e+00 8.928826922e-01 0.000000000e+00 -1.432459482e-02 0.000000000e+00 -3.506342133e-01 0.000000000e+00 2.864918963e-01 0.000000000e+00 1.223944298e-02 0.000000000e+00
23.00 1.299038106e+00 0.000000000e+00 -1.000000000e+00 0.000000000e+00 -2.598076211e+00 0.000000000e+00 3.926990817e-01 0.000000000e+00 9.068996821e-01 0.000000000e+00 -1.370778389e-02 0.000000000e+00 -3.561386724e-01 0.000000000e+00 2.741556778e-01 0.000000000e+00 1.243158485e-02 0.000000000e+00
23.05 1.318225669e+00 0.000000000e+00 -9.543175205e-01 0.000000000e+00 -2.636451338e+00 0.000000000e+00 3.747596140e-01 0.000000000e+00 9.202951283e-01 0.000000000e+00 -1.308157833e-02 0.000000000e+00 -3.613990518e-01 0.000000000e+00 2.616315667e-01 0.000000000e+00 1.261520673e-02 0.000000000e+00
23.10 1.336509786e+00 0.000000000e+00 -9.079809995e-01 0.000000000e+00 -2.673019573e+00 0.000000000e+00 3.565633047e-01 0.000000000e+00 9.330598502e-01 0.000000000e+00 -1.244640732e-02 0.000000000e+00 -3.664117464e-01 0.000000000e+00 2.489281463e-01 0.000000000e+00 1.279018278e-02 0.000000000e+00
23.15 1.353877927e+00 0.000000000e+00 -8.610221936e-01 0.000000000e+00 -2.707755853e+00 0.000000000e+00 3.381226248e-01 0.000000000e+00 9.451850995e-01 0.000000000e+00 -1.180270615e-02 0.000000000e+00 -3.711733206e-01 0.000000000e+00 2.360541231e-01 0.000000000e+00 1.295639308e-02 0.000000000e+00
23.20 1.370318186e+00 0.000000000e+00 -8.134732862e-01 0.000000000e+00 -2.740636373e+00 0.000000000e+00 3.194502125e-01 0.000000000e+00 9.566625662e-01 0.000000000e+00 -1.115091601e-02 0.000000000e+00 -3.756805112e-01 0.000000000e+00 2.230183201e-01 0.000000000e+00 1.311372371e-02 0.000000000e+00
23.25 1.385819299e+00 0.000000000e+00 -7.653668647e-01 0.000000000e+00 -2.771638598e+00 0.000000000e+00 3.005588649e-01 0.000000000e+00 9.674843840e-01 0.000000000e+00 -1.049148358e-02 0.000000000e+00 -3.799302292e-01 0.000000000e+00 2.098296716e-01 0.000000000e+00 1.326206685e-02 0.000000000e+00
23.30 1.400370640e+00 0.000000000e+00 -7.167358991e-01 0.000000000e+00 -2.800741279e+00 0.000000000e+00 2.814615294e-01 0.000000000e+00 9.776431365e-01 0.000000000e+00 -9.824860811e-03 0.000000000e+00 -3.839195619e-01 0.000000000e+00 1.964972162e-01 0.000000000e+00 1.340132084e-02 0.000000000e+00
23.35 1.413962237e+00 0.000000000e+00 -6.676137185e-01 0.000000000e+00 -2.827924473e+00 0.000000000e+00 2.621712942e-01 0.000000000e+00 9.871318611e-01 0.000000000e+00 -9.151504575e-03 0.000000000e+00 -3.876457754e-01 0.000000000e+00 1.830300915e-01 0.000000000e+00 1.353139022e-02 0.000000000e+00
23.40 1.426584774e+00 0.000000000e+00 -6.180339887e-01 0.000000000e+00 -2.853169549e+00 0.000000000e+00 2.427013798e-01 0.000000000e+00 9.959440549e-01 0.000000000e+00 -8.471876355e-03 0.000000000e+00 -3.911063158e-01 0.000000000e+00 1.694375271e-01 0.000000000e+00 1.365218587e-02 0.000000000e+00
23.45 1.438229602e+00 0.000000000e+00 -5.680306894e-01 0.000000000e+00 -2.876459205e+00 0.000000000e+00 2.230651301e-01 0.000000000e+00 1.004073678e+00 0.000000000e+00 -7.786441934e-03 0.000000000e+00 -3.942988115e-01 0.000000000e+00 1.557288387e-01 0.000000000e+00 1.376362499e-02 0.000000000e+00
23.50 1.448888739e+00 0.000000000e+00 -5.176380902e-01 0.000000000e+00 -2.897777479e+00 0.000000000e+00 2.032760027e-01 0.000000000e+00 1.011515160e+00 0.000000000e+00 -7.095671074e-03 0.000000000e+00 -3.972210744e-01 0.000000000e+00 1.419134215e-01 0.000000000e+00 1.386563121e-02 0.000000000e+00
23.55 1.458554881e+00 0.000000000e+00 -4.668907277e-01 0.000000000e+00 -2.917109761e+00 0.000000000e+00 1.833475600e-01 0.000000000e+00 1.018263399e+00 0.000000000e+00 -6.400037196e-03 0.000000000e+00 -3.998711019e-01 0.000000000e+00 1.280007439e-01 0.000000000e+00 1.395813462e-02 0.000000000e+00
23.60 1.467221401e+00 0.000000000e+00 -4.158233816e-01 0.000000000e+00 -2.934442802e+00 0.000000000e+00 1.632934601e-01 0.000000000e+00 1.024313772e+00 0.000000000e+00 -5.700017052e-03 0.000000000e+00 -4.022470777e-01 0.000000000e+00 1.140003410e-01 0.000000000e+00 1.404107183e-02 0.000000000e+00
23.65 1.474882361e+00 0.000000000e+00 -3.644710510e-01 0.000000000e+00 -2.949764723e+00 0.000000000e+00 1.431274470e-01 0.000000000e+00 1.029662131e+00 0.000000000e+00 -4.996090401e-03 0.000000000e+00 -4.043473735e-01 0.000000000e+00 9.992180802e-02 0.000000000e+00 1.411438598e-02 0.000000000e+00
23.70 1.481532511e+00 0.000000000e+00 -3.128689301e-01 0.000000000e+00 -2.963065022e+00 0.000000000e+00 1.228633415e-01 0.000000000e+00 1.034304812e+00 0.000000000e+00 -4.288739680e-03 0.000000000e+00 -4.061705497e-01 0.000000000e+00 8.577479359e-02 0.000000000e+00 1.417802683e-02 0.000000000e+00
23.75 1.487167292e+00 0.000000000e+00 -2.610523844e-01 0.000000000e+00 -2.974334584e+00 0.000000000e+00 1.025150316e-01 0.000000000e+00 1.038238631e+00 0.000000000e+00 -3.578449670e-03 0.000000000e+00 -4.077153570e-01 0.000000000e+00 7.156899340e-02 0.000000000e+00 1.423195078e-02 0.000000000e+00
23.80 1.491782843e+00 0.000000000e+00 -2.090569265e-01 0.000000000e+00 -2.983565686e+00 0.000000000e+00 8.209646307e-02 0.000000000e+00 1.041460893e+00 0.000000000e+00 -2.865707170e-03 0.000000000e+00 -4.089807365e-01 0.000000000e+00 5.731414339e-02 0.000000000e+00 1.427612086e-02 0.000000000e+00
23.85 1.495376001e+00 0.000000000e+00 -1.569181915e-01 0.000000000e+00 -2.990752001e+00 0.000000000e+00 6.162162969e-02 0.000000000e+00 1.043969391e+00 0.000000000e+00 -2.151000657e-03 0.000000000e+00 -4.099658210e-01 0.000000000e+00 4.302001314e-02 0.000000000e+00 1.431050679e-02 0.000000000e+00
23.90 1.497944302e+00 0.000000000e+00 -1.046719125e-01 0.000000000e+00 -2.995888604e+00 0.000000000e+00 4.110456391e-02 0.000000000e+00 1.045762403e+00 0.000000000e+00 -1.434819956e-03 0.000000000e+00 -4.106699355e-01 0.000000000e+00 2.869639912e-02 0.000000000e+00 1.433508503e-02 0.000000000e+00
23.95 1.499485987e+00 0.000000000e+00 -5.235389662e-02 0.000000000e+00 -2.998971975e+00 0.000000000e+00 2.055932712e-02 0.000000000e+00 1.046838703e+00 0.000000000e+00 -7.176559006e-04 0.000000000e+00 -4.110925973e-01 0.000000000e+00 1.435311801e-02 0.000000000e+00 1.434983871e-02 0.000000000e+00
24.00 1.500000000e+00 0.000000000e+00 -9.797174393e-16 0.000000000e+00 -3.000000000e+00 0.000000000e+00 4.328259061e-16 0.000000000e+00 1.047197551e+00 0.000000000e+00 -1.175103557e-17 0.000000000e+00 -4.112335167e-01 0.000000000e+00 2.685950986e-16 0.000000000e+00 1.435475772e-02 0.000000000e+00
24.05 1.499485987e+00 0.000000000e+00 5.235389662e-02 0.000000000e+00 -2.998971975e+00 0.000000000e+00 -2.055932712e-02 0.000000000e+00 1.046838703e+00 0.000000000e+00 7.176559006e-04 0.000000000e+00 -4.110925973e-01 0.000000000e+00 -1.435311801e-02 0.000000000e+00 1.434983871e-02 0.000000000e+00
24.10 1.497944302e+00 0.000000000e+00 1.046719125e-01 0.000000000e+00 -2.995888604e+00 0.000000000e+00 -4.110456391e-02 0.000000000e+00 1.045762403e+00 0.000000000e+00 1.434819956e-03 0.000000000e+00 -4.106699355e-01 0.000000000e+00 -2.869639912e-02 0.000000000e+00 1.433508503e-02 0.000000000e+00
24.15 1.495376001e+00 0.000000000e+00 1.569181915e-01 0.000000000e+00 -2.990752001e+00 0.000000000e+00 -6.162162969e-02 0.000000000e+00 1.043969391e+00 0.000000000e+00 2.151000657e-03 0.000000000e+00 -4.099658210e-01 0.000000000e+00 -4.302001314e-02 0.000000000e+00 1.431050679e-02 0.000000000e+00
24.20 1.491782843e+00 0.000000000e+00 2.090569265e-01 0.000000000e+00 -2.983565686e+00 0.000000000e+00 -8.209646307e-02 0.000000000e+00 1.041460893e+00 0.000000000e+00 2.865707170e-03 0.000000000e+00 -4.089807365e-01 0.000000000e+00 -5.731414339e-02 0.000000000e+00 1.427612086e-02 0.000000000e+00
24.25 1.487167292e+00 0.000000000e+00 2.610523844e-01 0.000000000e+00 -2.974334584e+00 0.000000000e+00 -1.025150316e-01 0.000000000e+00 1.038238631e+00 0.000000000e+00 3.578449670e-03 0.000000000e+00 -4.077153570e-01 0.000000000e+00 -7.156899340e-02 0.000000000e+00 1.423195078e-02 0.000000000e+00
24.30 1.481532511e+00 0.000000000e+00 3.128689301e-01 0.000000000e+00 -2.963065022e+00 0.000000000e+00 -1.228633415e-01 0.000000000e+00 1.034304812e+00 0.000000000e+00 4.288739680e-03 0.000000000e+00 -4.061705497e-01 0.000000000e+00 -8.577479359e-02 0.000000000e+00 1.417802683e-02 0.000000000e+00
24.35 1.474882361e+00 0.000000000e+00 3.644710510e-01 0.000000000e+00 -2.949764723e+00 0.000000000e+00 -1.431274470e-01 0.000000000e+00 1.029662131e+00 0.000000000e+00 4.996090401e-03 0.000000000e+00 -4.043473735e-01 0.000000000e+00 -9.992180802e-02 0.000000000e+00 1.411438598e-02 0.000000000e+00
24.40 1.467221401e+00 0.000000000e+00 4.158233816e-01 0.000000000e+00 -2.934442802e+00 0.000000000e+00 -1.632934601e-01 0.000000000e+00 1.024313772e+00 0.000000000e+00 5.700017052e-03 0.000000000e+00 -4.022470777e-01 0.000000000e+00 -1.140003410e-01 0.000000000e+00 1.404107183e-02 0.000000000e+00
24.45 1.458554881e+00 0.000000000e+00 4.668907277e-01 0.000000000e+00 -2.917109761e+00 0.000000000e+00 -1.833475600e-01 0.000000000e+00 1.018263399e+00 0.000000000e+00 6.400037196e-03 0.000000000e+00 -3.998711019e-01 0.000000000e+00 -1.280007439e-01 0.000000000e+00 1.395813462e-02 0.000000000e+00
24.50 1.448888739e+00 0.000000000e+00 5.176380902e-01 0.000000000e+00 -2.897777479e+00 0.000000000e+00 -2.032760027e-01 0.000000000e+00 1.011515160e+00 0.000000000e+00 7.095671074e-03 0.000000000e+00 -3.972210744e-01 0.000000000e+00 -1.419134215e-01 0.000000000e+00 1.386563121e-02 0.000000000e+00
24.55 1.438229602e+00 0.000000000e+00 5.680306894e-01 0.000000000e+00 -2.876459205e+00 0.000000000e+00 -2.230651301e-01 0.000000000e+00 1.004073678e+00 0.000000000e+00 7.786441934e-03 0.000000000e+00 -3.942988115e-01 0.000000000e+00 -1.557288387e-01 0.000000000e+00 1.376362499e-02 0.000000000e+00
24.60 1.426584774e+00 0.000000000e+00 6.180339887e-01 0.000000000e+00 -2.853169549e+00 0.000000000e+00 -2.427013798e-01 0.000000000e+00 9.959440549e-01 0.000000000e+00 8.471876355e-03 0.000000000e+00 -3.911063158e-01 0.000000000e+00 -1.694375271e-01 0.000000000e+00 1.365218587e-02 0.000000000e+00
24.65 1.413962237e+00 0.000000000e+00 6.676137185e-01 0.000000000e+00 -2.827924473e+00 0.000000000e+00 -2.621712942e-01 0.000000000e+00 9.871318611e-01 0.000000000e+00 9.151504575e-03 0.000000000e+00 -3.876457754e-01 0.000000000e+00 -1.830300915e-01 0.000000000e+00 1.353139022e-02 0.000000000e+00
24.70 1.400370640e+00 0.000000000e+00 7.167358991e-01 0.000000000e+00 -2.800741279e+00 0.000000000e+00 -2.814615294e-01 0.000000000e+00 9.776431365e-01 0.000000000e+00 9.824860811e-03 0.000000000e+00 -3.839195619e-01 0.000000000e+00 -1.964972162e-01 0.000000000e+00 1.340132084e-02 0.000000000e+00
24.75 1.385819299e+00 0.000000000e+00 7.653668647e-01 0.000000000e+00 -2.771638598e+00 0.000000000e+00 -3.005588649e-01 0.000000000e+00 9.674843840e-01 0.000000000e+00 1.049148358e-02 0.000000000e+00 -3.799302292e-01 0.000000000e+00 -2.098296716e-01 0.000000000e+00 1.326206685e-02 0.000000000e+00
24.80 1.370318186e+00 0.000000000e+00 8.134732862e-01 0.000000000e+00 -2.740636373e+00 0.000000000e+00 -3.194502125e-01 0.000000000e+00 9.566625662e-01 0.000000000e+00 1.115091601e-02 0.000000000e+00 -3.756805112e-01 0.000000000e+00 -2.230183201e-01 0.000000000e+00 1.311372371e-02 0.000000000e+00
24.85 1.353877927e+00 0.000000000e+00 8.610221936e-01 0.000000000e+00 -2.707755853e+00 0.000000000e+00 -3.381226248e-01 0.000000000e+00 9.451850995e-01 0.000000000e+00 1.180270615e-02 0.000000000e+00 -3.711733206e-01 0.000000000e+00 -2.360541231e-01 0.000000000e+00 1.295639308e-02 0.000000000e+00
24.90 1.336509786e+00 0.000000000e+00 9.079809995e-01 0.000000000e+00 -2.673019573e+00 0.000000000e+00 -3.565633047e-01 0.000000000e+00 9.330598502e-01 0.000000000e+00 1.244640732e-02 0.000000000e+00 -3.664117464e-01 0.000000000e+00 -2.489281463e-01 0.000000000e+00 1.279018278e-02 0.000000000e+00
24.95 1.318225669e+00 0.000000000e+00 9.543175205e-01 0.000000000e+00 -2.636451338e+00 0.000000000e+00 -3.747596140e-01 0.000000000e+00 9.202951283e-01 0.000000000e+00 1.308157833e-02 0.000000000e+00 -3.613990518e-01 0.000000000e+00 -2.616315667e-01 0.000000000e+00 1.261520673e-02 0.000000000e+00
25.00 1.299038106e+00 0.000000000e+00 1.000000000e+00 0.000000000e+00 -2.598076211e+00 0.000000000e+00 -3.926990817e-01 0.000000000e+00 9.068996821e-01 0.000000000e+00 1.370778389e-02 0.000000000e+00 -3.561386724e-01 0.000000000e+00 -2.741556778e-01 0.000000000e+00 1.243158485e-02 0.000000000e+00
25.05 1.278960247e+00 0.000000000e+00 1.044997129e+00 0.000000000e+00 -2.557920493e+00 0.000000000e+00 -4.103694131e-01 0.000000000e+00 8.928826922e-01 0.000000000e+00 1.432459482e-02 0.000000000e+00 -3.506342133e-01 0.000000000e+00 -2.864918963e-01 0.000000000e+00 1.223944298e-02 0.000000000e+00
25.10 1.258005852e+00 0.000000000e+00 1.089278070e+00 0.000000000e+00 -2.516011704e+00 0.000000000e+00 -4.277584978e-01 0.000000000e+00 8.782537650e-01 0.000000000e+00 1.493158838e-02 0.000000000e+00 -3.448894470e-01 0.000000000e+00 -2.986317676e-01 0.000000000e+00 1.203891281e-02 0.000000000e+00
25.15 1.236189283e+00 0.000000000e+00 1.132812474e+00 0.000000000e+00 -2.472378566e+00 0.000000000e+00 -4.448544182e-01 0.000000000e+00 8.630229266e-01 0.000000000e+00 1.552834858e-02 0.000000000e+00 -3.389083108e-01 0.000000000e+00 -3.105669716e-01 0.000000000e+00 1.183013177e-02 0.000000000e+00
25.20 1.213525492e+00 0.000000000e+00 1.175570505e+00 0.000000000e+00 -2.427050983e+00 0.000000000e+00 -4.616454576e-01 0.000000000e+00 8.472006154e-01 0.000000000e+00 1.611446642e-02 0.000000000e+00 -3.326949037e-01 0.000000000e+00 -3.222893285e-01 0.000000000e+00 1.161324295e-02 0.000000000e+00
25.25 1.190030010e+00 0.000000000e+00 1.217522858e+00 0.000000000e+00 -2.380060021e+00 0.000000000e+00 -4.781201083e-01 0.000000000e+00 8.307976752e-01 0.000000000e+00 1.668954022e-02 0.000000000e+00 -3.262534841e-01 0.000000000e+00 -3.337908044e-01 0.000000000e+00 1.138839499e-02 0.000000000e+00
25.30 1.165718942e+00 0.000000000e+00 1.258640782e+00 0.000000000e+00 -2.331437884e+00 0.000000000e+00 -4.942670793e-01 0.000000000e+00 8.138253478e-01 0.000000000e+00 1.725317584e-02 0.000000000e+00 -3.195884667e-01 0.000000000e+00 -3.450635167e-01 0.000000000e+00 1.115574199e-02 0.000000000e+00
25.35 1.140608948e+00 0.000000000e+00 1.298896097e+00 0.000000000e+00 -2.281217897e+00 0.000000000e+00 -5.100753044e-01 0.000000000e+00 7.962952651e-01 0.000000000e+00 1.780498699e-02 0.000000000e+00 -3.127044194e-01 0.000000000e+00 -3.560997398e-01 0.000000000e+00 1.091544341e-02 0.000000000e+00
25.40 1.114717238e+00 0.000000000e+00 1.338261213e+00 0.000000000e+00 -2.229434476e+00 0.000000000e+00 -5.255339493e-01 0.000000000e+00 7.782194414e-01 0.000000000e+00 1.834459549e-02 0.000000000e+00 -3.056060600e-01 0.000000000e+00 -3.668919099e-01 0.000000000e+00 1.066766392e-02 0.000000000e+00
25.45 1.088061557e+00 0.000000000e+00 1.376709151e+00 0.000000000e+00 -2.176123113e+00 0.000000000e+00 -5.406324195e-01 0.000000000e+00 7.596102650e-01 0.000000000e+00 1.887163153e-02 0.000000000e+00 -2.982982535e-01 0.000000000e+00 -3.774326305e-01 0.000000000e+00 1.041257335e-02 0.000000000e+00
25.50 1.060660172e+00 0.000000000e+00 1.414213562e+00 0.000000000e+00 -2.121320344e+00 0.000000000e+00 -5.553603673e-01 0.000000000e+00 7.404804897e-01 0.000000000e+00 1.938573389e-02 0.000000000e+00 -2.907860083e-01 0.000000000e+00 -3.877146778e-01 0.000000000e+00 1.015034653e-02 0.000000000e+00
25.55 1.032531864e+00 0.000000000e+00 1.450748742e+00 0.000000000e+00 -2.065063727e+00 0.000000000e+00 -5.697076988e-01 0.000000000e+00 7.208432260e-01 0.000000000e+00 1.988655023e-02 0.000000000e+00 -2.830744729e-01 0.000000000e+00 -3.977310047e-01 0.000000000e+00 9.881163161e-03 0.000000000e+00
25.60 1.003695910e+00 0.000000000e+00 1.486289651e+00 0.000000000e+00 -2.007391819e+00 0.000000000e+00 -5.836645811e-01 0.000000000e+00 7.007119324e-01 0.000000000e+00 2.037373733e-02 0.000000000e+00 -2.751689324e-01 0.000000000e+00 -4.074747467e-01 0.000000000e+00 9.605207739e-03 0.000000000e+00
25.65 9.741720725e-01 0.000000000e+00 1.520811931e+00 0.000000000e+00 -1.948344145e+00 0.000000000e+00 -5.972214488e-01 0.000000000e+00 6.801004058e-01 0.000000000e+00 2.084696129e-02 0.000000000e+00 -2.670748048e-01 0.000000000e+00 -4.169392258e-01 0.000000000e+00 9.322669387e-03 0.000000000e+00
25.70 9.439805866e-01 0.000000000e+00 1.554291923e+00 0.000000000e+00 -1.887961173e+00 0.000000000e+00 -6.103690108e-01 0.000000000e+00 6.590227724e-01 0.000000000e+00 2.130589778e-02 0.000000000e+00 -2.587976376e-01 0.000000000e+00 -4.261179556e-01 0.000000000e+00 9.033741743e-03 0.000000000e+00
25.75 9.131421435e-01 0.000000000e+00 1.586706681e+00 0.000000000e+00 -1.826284287e+00 0.000000000e+00 -6.230982564e-01 0.000000000e+00 6.374934777e-01 0.000000000e+00 2.175023227e-02 0.000000000e+00 -2.503431033e-01 0.000000000e+00 -4.350046455e-01 0.000000000e+00 8.738622824e-03 0.000000000e+00
25.80 8.816778784e-01 0.000000000e+00 1.618033989e+00 0.000000000e+00 -1.763355757e+00 0.000000000e+00 -6.354004615e-01 0.000000000e+00 6.155272768e-01 0.000000000e+00 2.217966025e-02 0.000000000e+00 -2.417169964e-01 0.000000000e+00 -4.435932049e-01 0.000000000e+00 8.437514889e-03 0.000000000e+00
25.85 8.496093554e-01 0.000000000e+00 1.648252377e+00 0.000000000e+00 -1.699218711e+00 0.000000000e+00 -6.472671950e-01 0.000000000e+00 5.931392243e-01 0.000000000e+00 2.259388738e-02 0.000000000e+00 -2.329252287e-01 0.000000000e+00 -4.518777477e-01 0.000000000e+00 8.130624303e-03 0.000000000e+00
25.90 8.169585525e-01 0.000000000e+00 1.677341136e+00 0.000000000e+00 -1.633917105e+00 0.000000000e+00 -6.586903238e-01 0.000000000e+00 5.703446638e-01 0.000000000e+00 2.299262980e-02 0.000000000e+00 -2.239738257e-01 0.000000000e+00 -4.598525960e-01 0.000000000e+00 7.818161394e-03 0.000000000e+00
25.95 7.837478471e-01 0.000000000e+00 1.705280329e+00 0.000000000e+00 -1.567495694e+00 0.000000000e+00 -6.696620191e-01 0.000000000e+00 5.471592175e-01 0.000000000e+00 2.337561422e-02 0.000000000e+00 -2.148689222e-01 0.000000000e+00 -4.675122844e-01 0.000000000e+00 7.500340307e-03 0.000000000e+00
26.00 7.500000000e-01 0.000000000e+00 1.732050808e+00 0.000000000e+00 -1.500000000e+00 0.000000000e+00 -6.801747616e-01 0.000000000e+00 5.235987756e-01 0.000000000e+00 2.374257816e-02 0.000000000e+00 -2.056167584e-01 0.000000000e+00 -4.748515631e-01 0.000000000e+00 7.177378861e-03 0.000000000e+00
26.05 7.157381404e-01 0.000000000e+00 1.757634225e+00 0.000000000e+00 -1.431476281e+00 0.000000000e+00 -6.902213462e-01 0.000000000e+00 4.996794853e-01 0.000000000e+00 2.409327012e-02 0.000000000e+00 -1.962236750e-01 0.000000000e+00 -4.818654024e-01 0.000000000e+00 6.849498399e-03 0.000000000e+00
26.10 6.809857496e-01 0.000000000e+00 1.782013048e+00 0.000000000e+00 -1.361971499e+00 0.000000000e+00 -6.997948877e-01 0.000000000e+00 4.754177396e-01 0.000000000e+00 2.442744976e-02 0.000000000e+00 -1.866961098e-01 0.000000000e+00 -4.885489951e-01 0.000000000e+00 6.516923632e-03 0.000000000e+00
26.15 6.457666452e-01 0.000000000e+00 1.805170569e+00 0.000000000e+00 -1.291533290e+00 0.000000000e+00 -7.088888246e-01 0.000000000e+00 4.508301663e-01 0.000000000e+00 2.474488804e-02 0.000000000e+00 -1.770405923e-01 0.000000000e+00 -4.948977608e-01 0.000000000e+00 6.179882491e-03 0.000000000e+00
26.20 6.101049646e-01 0.000000000e+00 1.827090915e+00 0.000000000e+00 -1.220209929e+00 0.000000000e+00 -7.174969246e-01 0.000000000e+00 4.259336166e-01 0.000000000e+00 2.504536741e-02 0.000000000e+00 -1.672637401e-01 0.000000000e+00 -5.009073483e-01 0.000000000e+00 5.838605968e-03 0.000000000e+00
26.25 5.740251485e-01 0.000000000e+00 1.847759065e+00 0.000000000e+00 -1.148050297e+00 0.000000000e+00 -7.256132880e-01 0.000000000e+00 4.007451533e-01 0.000000000e+00 2.532868194e-02 0.000000000e+00 -1.573722537e-01 0.000000000e+00 -5.065736389e-01 0.000000000e+00 5.493327956e-03 0.000000000e+00
26.30 5.375519243e-01 0.000000000e+00 1.867160853e+00 0.000000000e+00 -1.075103849e+00 0.000000000e+00 -7.332323524e-01 0.000000000e+00 3.752820392e-01 0.000000000e+00 2.559463746e-02 0.000000000e+00 -1.473729122e-01 0.000000000e+00 -5.118927492e-01 0.000000000e+00 5.144285091e-03 0.000000000e+00
26.35 5.007102889e-01 0.000000000e+00 1.885282982e+00 0.000000000e+00 -1.001420578e+00 0.000000000e+00 -7.403488958e-01 0.000000000e+00 3.495617256e-01 0.000000000e+00 2.584305169e-02 0.000000000e+00 -1.372725686e-01 0.000000000e+00 -5.168610338e-01 0.000000000e+00 4.791716590e-03 0.000000000e+00
26.40 4.635254916e-01 0.000000000e+00 1.902113033e+00 0.000000000e+00 -9.270509831e-01 0.000000000e+00 -7.469580412e-01 0.000000000e+00 3.236018398e-01 0.000000000e+00 2.607375439e-02 0.000000000e+00 -1.270781453e-01 0.000000000e+00 -5.214750877e-01 0.000000000e+00 4.435864086e-03 0.000000000e+00
26.45 4.260230171e-01 0.000000000e+00 1.917639470e+00 0.000000000e+00 -8.520460341e-01 0.000000000e+00 -7.530552588e-01 0.000000000e+00 2.974201735e-01 0.000000000e+00 2.628658743e-02 0.000000000e+00 -1.167966290e-01 0.000000000e+00 -5.257317486e-01 0.000000000e+00 4.076971463e-03 0.000000000e+00
26.50 3.882285677e-01 0.000000000e+00 1.931851653e+00 0.000000000e+00 -7.764571353e-01 0.000000000e+00 -7.586363699e-01 0.000000000e+00 2.710346702e-01 0.000000000e+00 2.648140496e-02 0.000000000e+00 -1.064350661e-01 0.000000000e+00 -5.296280992e-01 0.000000000e+00 3.715284686e-03 0.000000000e+00
26.55 3.501680458e-01 0.000000000e+00 1.944739841e+00 0.000000000e+00 -7.003360916e-01 0.000000000e+00 -7.636975496e-01 0.000000000e+00 2.444634134e-01 0.000000000e+00 2.665807346e-02 0.000000000e+00 -9.600055794e-02 0.000000000e+00 -5.331614692e-01 0.000000000e+00 3.351051640e-03 0.000000000e+00
26.60 3.118675362e-01 0.000000000e+00 1.956295201e+00 0.000000000e+00 -6.237350725e-01 0.000000000e+00 -7.682353291e-01 0.000000000e+00 2.177246135e-01 0.000000000e+00 2.681647185e-02 0.000000000e+00 -8.550025578e-02 0.000000000e+00 -5.363294370e-01 0.000000000e+00 2.984521949e-03 0.000000000e+00
26.65 2.733532882e-01 0.000000000e+00 1.966509815e+00 0.000000000e+00 -5.467065765e-01 0.000000000e+00 -7.722465986e-01 0.000000000e+00 1.908365960e-01 0.000000000e+00 2.695649156e-02 0.000000000e+00 -7.494135602e-02 0.000000000e+00 -5.391298313e-01 0.000000000e+00 2.615946817e-03 0.000000000e+00
26.70 2.346516976e-01 0.000000000e+00 1.975376681e+00 0.000000000e+00 -4.693033951e-01 0.000000000e+00 -7.757286087e-01 0.000000000e+00 1.638177887e-01 0.000000000e+00 2.707803665e-02 0.000000000e+00 -6.433109519e-02 0.000000000e+00 -5.415607330e-01 0.000000000e+00 2.245578845e-03 0.000000000e+00
26.75 1.957892883e-01 0.000000000e+00 1.982889723e+00 0.000000000e+00 -3.915785767e-01 0.000000000e+00 -7.786789732e-01 0.000000000e+00 1.366867089e-01 0.000000000e+00 2.718102380e-02 0.000000000e+00 -5.367674505e-02 0.000000000e+00 -5.436204760e-01 0.000000000e+00 1.873671866e-03 0.000000000e+00
26.80 1.567926949e-01 0.000000000e+00 1.989043791e+00 0.000000000e+00 -3.135853898e-01 0.000000000e+00 -7.810956701e-01 0.000000000e+00 1.094619508e-01 0.000000000e+00 2.726538243e-02 0.000000000e+00 -4.298560755e-02 0.000000000e+00 -5.453076486e-01 0.000000000e+00 1.500480765e-03 0.000000000e+00
26.85 1.176886436e-01 0.000000000e+00 1.993834667e+00 0.000000000e+00 -2.353772872e-01 0.000000000e+00 -7.829770430e-01 0.000000000e+00 8.216217292e-02 0.000000000e+00 2.733105473e-02 0.000000000e+00 -3.226500985e-02 0.000000000e+00 -5.466210947e-01 0.000000000e+00 1.126261310e-03 0.000000000e+00
26.90 7.850393436e-02 0.000000000e+00 1.997259070e+00 0.000000000e+00 -1.570078687e-01 0.000000000e+00 -7.843218025e-01 0.000000000e+00 5.480608522e-02 0.000000000e+00 2.737799570e-02 0.000000000e+00 -2.152229934e-02 0.000000000e+00 -5.475599140e-01 0.000000000e+00 7.512699720e-04 0.000000000e+00
26.95 3.926542246e-02 0.000000000e+00 1.999314650e+00 0.000000000e+00 -7.853084492e-02 0.000000000e+00 -7.851290271e-01 0.000000000e+00 2.741243617e-02 0.000000000e+00 2.740617315e-02 0.000000000e+00 -1.076483851e-02 0.000000000e+00 -5.481234630e-01 0.000000000e+00 3.757637509e-04 0.000000000e+00
27.00 3.583020358e-15 0.000000000e+00 2.000000000e+00 0.000000000e+00 -6.798646677e-15 0.000000000e+00 -7.853981634e-01 0.000000000e+00 2.437297740e-15 0.000000000e+00 2.741556778e-02 0.000000000e+00 -9.823053750e-16 0.000000000e+00 -5.483113556e-01 0.000000000e+00 3.253097530e-17 0.000000000e+00
27.05 -3.926542246e-02 0.000000000e+00 1.999314650e+00 0.000000000e+00 7.853084492e-02 0.000000000e+00 -7.851290271e-01 0.000000000e+00 -2.741243617e-02 0.000000000e+00 2.740617315e-02 0.000000000e+00 1.076483851e-02 0.000000000e+00 -5.481234630e-01 0.000000000e+00 -3.757637509e-04 0.000000000e+00
27.10 -7.850393436e-02 0.000000000e+00 1.997259070e+00 0.000000000e+00 1.570078687e-01 0.000000000e+00 -7.843218025e-01 0.000000000e+00 -5.480608522e-02 0.000000000e+00 2.737799570e-02 0.000000000e+00 2.152229934e-02 0.000000000e+00 -5.475599140e-01 0.000000000e+00 -7.512699720e-04 0.000000000e+00
27.15 -1.176886436e-01 0.000000000e+00 1.993834667e+00 0.000000000e+00 2.353772872e-01 0.000000000e+00 -7.829770430e-01 0.000000000e+00 -8.216217292e-02 0.000000000e+00 2.733105473e-02 0.000000000e+00 3.226500985e-02 0.000000000e+00 -5.466210947e-01 0.000000000e+00 -1.126261310e-03 0.000000000e+00
27.20 -1.567926949e-01 0.000000000e+00 1.989043791e+00 0.000000000e+00 3.135853898e-01 0.000000000e+00 -7.810956701e-01 0.000000000e+00 -1.094619508e-01 0.000000000e+00 2.726538243e-02 0.000000000e+00 4.298560755e-02 0.000000000e+00 -5.453076486e-01 0.000000000e+00 -1.500480765e-03 0.000000000e+00
27.25 -1.957892883e-01 0.000000000e+00 1.982889723e+00 0.000000000e+00 3.915785767e-01 0.000000000e+00 -7.786789732e-01 0.000000000e+00 -1.366867089e-01 0.000000000e+00 2.718102380e-02 0.000000000e+00 5.367674505e-02 0.000000000e+00 -5.436204760e-01 0.000000000e+00 -1.873671866e-03 0.000000000e+00
27.30 -2.346516976e-01 0.000000000e+00 1.975376681e+00 0.000000000e+00 4.693033951e-01 0.000000000e+00 -7.757286087e-01 0.000000000e+00 -1.638177887e-01 0.000000000e+00 2.707803665e-02 0.000000000e+00 6.433109519e-02 0.000000000e+00 -5.415607330e-01 0.000000000e+00 -2.245578845e-03 0.000000000e+00
27.35 -2.733532882e-01 0.000000000e+00 1.966509815e+00 0.000000000e+00 5.467065765e-01 0.000000000e+00 -7.722465986e-01 0.000000000e+00 -1.908365960e-01 0.000000000e+00 2.695649156e-02 0.000000000e+00 7.494135602e-02 0.000000000e+00 -5.391298313e-01 0.000000000e+00 -2.615946817e-03 0.000000000e+00
27.40 -3.118675362e-01 0.000000000e+00 1.956295201e+00 0.000000000e+00 6.237350725e-01 0.000000000e+00 -7.682353291e-01 0.000000000e+00 -2.177246135e-01 0.000000000e+00 2.681647185e-02 0.000000000e+00 8.550025578e-02 0.000000000e+00 -5.363294370e-01 0.000000000e+00 -2.984521949e-03 0.000000000e+00
27.45 -3.501680458e-01 0.000000000e+00 1.944739841e+00 0.000000000e+00 7.003360916e-01 0.000000000e+00 -7.636975496e-01 0.000000000e+00 -2.444634134e-01 0.000000000e+00 2.665807346e-02 0.000000000e+00 9.600055794e-02 0.000000000e+00 -5.331614692e-01 0.000000000e+00 -3.351051640e-03 0.000000000e+00
27.50 -3.882285677e-01 0.000000000e+00 1.931851653e+00 0.000000000e+00 7.764571353e-01 0.000000000e+00 -7.586363699e-01 0.000000000e+00 -2.710346702e-01 0.000000000e+00 2.648140496e-02 0.000000000e+00 1.064350661e-01 0.000000000e+00 -5.296280992e-01 0.000000000e+00 -3.715284686e-03 0.000000000e+00
27.55 -4.260230171e-01 0.000000000e+00 1.917639470e+00 0.000000000e+00 8.520460341e-01 0.000000000e+00 -7.530552588e-01 0.000000000e+00 -2.974201735e-01 0.000000000e+00 2.628658743e-02 0.000000000e+00 1.167966290e-01 0.000000000e+00 -5.257317486e-01 0.000000000e+00 -4.076971463e-03 0.000000000e+00
27.60 -4.635254916e-01 0.000000000e+00 1.902113033e+00 0.000000000e+00 9.270509831e-01 0.000000000e+00 -7.469580412e-01 0.000000000e+00 -3.236018398e-01 0.000000000e+00 2.607375439e-02 0.000000000e+00 1.270781453e-01 0.000000000e+00 -5.214750877e-01 0.000000000e+00 -4.435864086e-03 0.000000000e+00
27.65 -5.007102889e-01 0.000000000e+00 1.885282982e+00 0.000000000e+00 1.001420578e+00 0.000000000e+00 -7.403488958e-01 0.000000000e+00 -3.495617256e-01 0.000000000e+00 2.584305169e-02 0.000000000e+00 1.372725686e-01 0.000000000e+00 -5.168610338e-01 0.000000000e+00 -4.791716590e-03 0.000000000e+00
27.70 -5.375519243e-01 0.000000000e+00 1.867160853e+00 0.000000000e+00 1.075103849e+00 0.000000000e+00 -7.332323524e-01 0.000000000e+00 -3.752820392e-01 0.000000000e+00 2.559463746e-02 0.000000000e+00 1.473729122e-01 0.000000000e+00 -5.118927492e-01 0.000000000e+00 -5.144285091e-03 0.000000000e+00
27.75 -5.740251485e-01 0.000000000e+00 1.847759065e+00 0.000000000e+00 1.148050297e+00 0.000000000e+00 -7.256132880e-01 0.000000000e+00 -4.007451533e-01 0.000000000e+00 2.532868194e-02 0.000000000e+00 1.573722537e-01 0.000000000e+00 -5.065736389e-01 0.000000000e+00 -5.493327956e-03 0.000000000e+00
27.80 -6.101049646e-01 0.000000000e+00 1.827090915e+00 0.000000000e+00 1.220209929e+00 0.000000000e+00 -7.174969246e-01 0.000000000e+00 -4.259336166e-01 0.000000000e+00 2.504536741e-02 0.000000000e+00 1.672637401e-01 0.000000000e+00 -5.009073483e-01 0.000000000e+00 -5.838605968e-03 0.000000000e+00
27.85 -6.457666452e-01 0.000000000e+00 1.805170569e+00 0.000000000e+00 1.291533290e+00 0.000000000e+00 -7.088888246e-01 0.000000000e+00 -4.508301663e-01 0.000000000e+00 2.474488804e-02 0.000000000e+00 1.770405923e-01 0.000000000e+00 -4.948977608e-01 0.000000000e+00 -6.179882491e-03 0.000000000e+00
27.90 -6.809857496e-01 0.000000000e+00 1.782013048e+00 0.000000000e+00 1.361971499e+00 0.000000000e+00 -6.997948877e-01 0.000000000e+00 -4.754177396e-01 0.000000000e+00 2.442744976e-02 0.000000000e+00 1.866961098e-01 0.000000000e+00 -4.885489951e-01 0.000000000e+00 -6.516923632e-03 0.000000000e+00
27.95 -7.157381404e-01 0.000000000e+00 1.757634225e+00 0.000000000e+00 1.431476281e+00 0.000000000e+00 -6.902213462e-01 0.000000000e+00 -4.996794853e-01 0.000000000e+00 2.409327012e-02 0.000000000e+00 1.962236750e-01 0.000000000e+00 -4.818654024e-01 0.000000000e+00 -6.849498399e-03 0.000000000e+00
28.00 -7.500000000e-01 0.000000000e+00 1.732050808e+00 0.000000000e+00 1.500000000e+00 0.000000000e+00 -6.801747616e-01 0.000000000e+00 -5.235987756e-01 0.000000000e+00 2.374257816e-02 0.000000000e+00 2.056167584e-01 0.000000000e+00 -4.748515631e-01 0.000000000e+00 -7.177378861e-03 0.000000000e+00
28.05 -7.837478471e-01 0.000000000e+00 1.705280329e+00 0.000000000e+00 1.567495694e+00 0.000000000e+00 -6.696620191e-01 0.000000000e+00 -5.471592175e-01 0.000000000e+00 2.337561422e-02 0.000000000e+00 2.148689222e-01 0.000000000e+00 -4.675122844e-01 0.000000000e+00 -7.500340307e-03 0.000000000e+00
28.10 -8.169585525e-01 0.000000000e+00 1.677341136e+00 0.000000000e+00 1.633917105e+00 0.000000000e+00 -6.586903238e-01 0.000000000e+00 -5.703446638e-01 0.000000000e+00 2.299262980e-02 0.000000000e+00 2.239738257e-01 0.000000000e+00 -4.598525960e-01 0.000000000e+00 -7.818161394e-03 0.000000000e+00
28.15 -8.496093554e-01 0.000000000e+00 1.648252377e+00 0.000000000e+00 1.699218711e+00 0.000000000e+00 -6.472671950e-01 0.000000000e+00 -5.931392243e-01 0.000000000e+00 2.259388738e-02 0.000000000e+00 2.329252287e-01 0.000000000e+00 -4.518777477e-01 0.000000000e+00 -8.130624303e-03 0.000000000e+00
28.20 -8.816778784e-01 0.000000000e+00 1.618033989e+00 0.000000000e+00 1.763355757e+00 0.000000000e+00 -6.354004615e-01 0.000000000e+00 -6.155272768e-01 0.000000000e+00 2.217966025e-02 0.000000000e+00 2.417169964e-01 0.000000000e+00 -4.435932049e-01 0.000000000e+00 -8.437514889e-03 0.000000000e+00
28.25 -9.131421435e-01 0.000000000e+00 1.586706681e+00 0.000000000e+00 1.826284287e+00 0.000000000e+00 -6.230982564e-01 0.000000000e+00 -6.374934777e-01 0.000000000e+00 2.175023227e-02 0.000000000e+00 2.503431033e-01 0.000000000e+00 -4.350046455e-01 0.000000000e+00 -8.738622824e-03 0.000000000e+00
28.30 -9.439805866e-01 0.000000000e+00 1.554291923e+00 0.000000000e+00 1.887961173e+00 0.000000000e+00 -6.103690108e-01 0.000000000e+00 -6.590227724e-01 0.000000000e+00 2.130589778e-02 0.000000000e+00 2.587976376e-01 0.000000000e+00 -4.261179556e-01 0.000000000e+00 -9.033741743e-03 0.000000000e+00
28.35 -9.741720725e-01 0.000000000e+00 1.520811931e+00 0.000000000e+00 1.948344145e+00 0.000000000e+00 -5.972214488e-01 0.000000000e+00 -6.801004058e-01 0.000000000e+00 2.084696129e-02 0.000000000e+00 2.670748048e-01 0.000000000e+00 -4.169392258e-01 0.000000000e+00 -9.322669387e-03 0.000000000e+00
28.40 -1.003695910e+00 0.000000000e+00 1.486289651e+00 0.000000000e+00 2.007391819e+00 0.000000000e+00 -5.836645811e-01 0.000000000e+00 -7.007119324e-01 0.000000000e+00 2.037373733e-02 0.000000000e+00 2.751689324e-01 0.000000000e+00 -4.074747467e-01 0.000000000e+00 -9.605207739e-03 0.000000000e+00
28.45 -1.032531864e+00 0.000000000e+00 1.450748742e+00 0.000000000e+00 2.065063727e+00 0.000000000e+00 -5.697076988e-01 0.000000000e+00 -7.208432260e-01 0.000000000e+00 1.988655023e-02 0.000000000e+00 2.830744729e-01 0.000000000e+00 -3.977310047e-01 0.000000000e+00 -9.881163161e-03 0.000000000e+00
28.50 -1.060660172e+00 0.000000000e+00 1.414213562e+00 0.000000000e+00 2.121320344e+00 0.000000000e+00 -5.553603673e-01 0.000000000e+00 -7.404804897e-01 0.000000000e+00 1.938573389e-02 0.000000000e+00 2.907860083e-01 0.000000000e+00 -3.877146778e-01 0.000000000e+00 -1.015034653e-02 0.000000000e+00
28.55 -1.088061557e+00 0.000000000e+00 1.376709151e+00 0.000000000e+00 2.176123113e+00 0.000000000e+00 -5.406324195e-01 0.000000000e+00 -7.596102650e-01 0.000000000e+00 1.887163153e-02 0.000000000e+00 2.982982535e-01 0.000000000e+00 -3.774326305e-01 0.000000000e+00 -1.041257335e-02 0.000000000e+00
28.60 -1.114717238e+00 0.000000000e+00 1.338261213e+00 0.000000000e+00 2.229434476e+00 0.000000000e+00 -5.255339493e-01 0.000000000e+00 -7.782194414e-01 0.000000000e+00 1.834459549e-02 0.000000000e+00 3.056060600e-01 0.000000000e+00 -3.668919099e-01 0.000000000e+00 -1.066766392e-02 0.000000000e+00
28.65 -1.140608948e+00 0.000000000e+00 1.298896097e+00 0.000000000e+00 2.281217897e+00 0.000000000e+00 -5.100753044e-01 0.000000000e+00 -7.962952651e-01 0.000000000e+00 1.780498699e-02 0.000000000e+00 3.127044194e-01 0.000000000e+00 -3.560997398e-01 0.000000000e+00 -1.091544341e-02 0.000000000e+00
28.70 -1.165718942e+00 0.000000000e+00 1.258640782e+00 0.000000000e+00 2.331437884e+00 0.000000000e+00 -4.942670793e-01 0.000000000e+00 -8.138253478e-01 0.000000000e+00 1.725317584e-02 0.000000000e+00 3.195884667e-01 0.000000000e+00 -3.450635167e-01 0.000000000e+00 -1.115574199e-02 0.000000000e+00
28.75 -1.190030010e+00 0.000000000e+00 1.217522858e+00 0.000000000e+00 2.380060021e+00 0.000000000e+00 -4.781201083e-01 0.000000000e+00 -8.307976752e-01 0.000000000e+00 1.668954022e-02 0.000000000e+00 3.262534841e-01 0.000000000e+00 -3.337908044e-01 0.000000000e+00 -1.138839499e-02 0.000000000e+00
28.80 -1.213525492e+00 0.000000000e+00 1.175570505e+00 0.000000000e+00 2.427050983e+00 0.000000000e+00 -4.616454576e-01 0.000000000e+00 -8.472006154e-01 0.000000000e+00 1.611446642e-02 0.000000000e+00 3.326949037e-01 0.000000000e+00 -3.222893285e-01 0.000000000e+00 -1.161324295e-02 0.000000000e+00
28.85 -1.236189283e+00 0.000000000e+00 1.132812474e+00 0.000000000e+00 2.472378566e+00 0.000000000e+00 -4.448544182e-01 0.000000000e+00 -8.630229266e-01 0.000000000e+00 1.552834858e-02 0.000000000e+00 3.389083108e-01 0.000000000e+00 -3.105669716e-01 0.000000000e+00 -1.183013177e-02 0.000000000e+00
28.90 -1.258005852e+00 0.000000000e+00 1.089278070e+00 0.000000000e+00 2.516011704e+00 0.000000000e+00 -4.277584978e-01 0.000000000e+00 -8.782537650e-01 0.000000000e+00 1.493158838e-02 0.000000000e+00 3.448894470e-01 0.000000000e+00 -2.986317676e-01 0.000000000e+00 -1.203891281e-02 0.000000000e+00
28.95 -1.278960247e+00 0.000000000e+00 1.044997129e+00 0.000000000e+00 2.557920493e+00 0.000000000e+00 -4.103694131e-01 0.000000000e+00 -8.928826922e-01 0.000000000e+00 1.432459482e-02 0.000000000e+00 3.506342133e-01 0.000000000e+00 -2.864918963e-01 0.000000000e+00 -1.223944298e-02 0.000000000e+00
29.00 -1.299038106e+00 0.000000000e+00 1.000000000e+00 0.000000000e+00 2.598076211e+00 0.000000000e+00 -3.926990817e-01 0.000000000e+00 -9.068996821e-01 0.000000000e+00 1.370778389e-02 0.000000000e+00 3.561386724e-01 0.000000000e+00 -2.741556778e-01 0.000000000e+00 -1.243158485e-02 0.000000000e+00
29.05 -1.318225669e+00 0.000000000e+00 9.543175205e-01 0.000000000e+00 2.636451338e+00 0.000000000e+00 -3.747596140e-01 0.000000000e+00 -9.202951283e-01 0.000000000e+00 1.308157833e-02 0.000000000e+00 3.613990518e-01 0.000000000e+00 -2.616315667e-01 0.000000000e+00 -1.261520673e-02 0.000000000e+00
29.10 -1.336509786e+00 0.000000000e+00 9.079809995e-01 0.000000000e+00 2.673019573e+00 0.000000000e+00 -3.565633047e-01 0.000000000e+00 -9.330598502e-01 0.000000000e+00 1.244640732e-02 0.000000000e+00 3.664117464e-01 0.000000000e+00 -2.489281463e-01 0.000000000e+00 -1.279018278e-02 0.000000000e+00
29.15 -1.353877927e+00 0.000000000e+00 8.610221936e-01 0.000000000e+00 2.707755853e+00 0.000000000e+00 -3.381226248e-01 0.000000000e+00 -9.451850995e-01 0.000000000e+00 1.180270615e-02 0.000000000e+00 3.711733206e-01 0.000000000e+00 -2.360541231e-01 0.000000000e+00 -1.295639308e-02 0.000000000e+00
29.20 -1.370318186e+00 0.000000000e+00 8.134732862e-01 0.000000000e+00 2.740636373e+00 0.000000000e+00 -3.194502125e-01 0.000000000e+00 -9.566625662e-01 0.000000000e+00 1.115091601e-02 0.000000000e+00 3.756805112e-01 0.000000000e+00 -2.230183201e-01 0.000000000e+00 -1.311372371e-02 0.000000000e+00
29.25 -1.385819299e+00 0.000000000e+00 7.653668647e-01 0.000000000e+00 2.771638598e+00 0.000000000e+00 -3.005588649e-01 0.000000000e+00 -9.674843840e-01 0.000000000e+00 1.049148358e-02 0.000000000e+00 3.799302292e-01 0.000000000e+00 -2.098296716e-01 0.000000000e+00 -1.326206685e-02 0.000000000e+00
29.30 -1.400370640e+00 0.000000000e+00 7.167358991e-01 0.000000000e+00 2.800741279e+00 0.000000000e+00 -2.814615294e-01 0.000000000e+00 -9.776431365e-01 0.000000000e+00 9.824860811e-03 0.000000000e+00 3.839195619e-01 0.000000000e+00 -1.964972162e-01 0.000000000e+00 -1.340132084e-02 0.000000000e+00
29.35 -1.413962237e+00 0.000000000e+00 6.676137185e-01 0.000000000e+00 2.827924473e+00 0.000000000e+00 -2.621712942e-01 0.000000000e+00 -9.871318611e-01 0.000000000e+00 9.151504575e-03 0.000000000e+00 3.876457754e-01 0.000000000e+00 -1.830300915e-01 0.000000000e+00 -1.353139022e-02 0.000000000e+00
29.40 -1.426584774e+00 0.000000000e+00 6.180339887e-01 0.000000000e+00 2.853169549e+00 0.000000000e+00 -2.427013798e-01 0.000000000e+00 -9.959440549e-01 0.000000000e+00 8.471876355e-03 0.000000000e+00 3.911063158e-01 0.000000000e+00 -1.694375271e-01 0.000000000e+00 -1.365218587e-02 0.000000000e+00
29.45 -1.438229602e+00 0.000000000e+00 5.680306894e-01 0.000000000e+00 2.876459205e+00 0.000000000e+00 -2.230651301e-01 0.000000000e+00 -1.004073678e+00 0.000000000e+00 7.786441934e-03 0.000000000e+00 3.942988115e-01 0.000000000e+00 -1.557288387e-01 0.000000000e+00 -1.376362499e-02 0.000000000e+00
29.50 -1.448888739e+00 0.000000000e+00 5.176380902e-01 0.000000000e+00 2.897777479e+00 0.000000000e+00 -2.032760027e-01 0.000000000e+00 -1.011515160e+00 0.000000000e+00 7.095671074e-03 0.000000000e+00 3.972210744e-01 0.000000000e+00 -1.419134215e-01 0.000000000e+00 -1.386563121e-02 0.000000000e+00
29.55 -1.458554881e+00 0.000000000e+00 4.668907277e-01 0.000000000e+00 2.917109761e+00 0.000000000e+00 -1.833475600e-01 0.000000000e+00 -1.018263399e+00 0.000000000e+00 6.400037196e-03 0.000000000e+00 3.998711019e-01 0.000000000e+00 -1.280007439e-01 0.000000000e+00 -1.395813462e-02 0.000000000e+00
29.60 -1.467221401e+00 0.000000000e+00 4.158233816e-01 0.000000000e+00 2.934442802e+00 0.000000000e+00 -1.632934601e-01 0.000000000e+00 -1.024313772e+00 0.000000000e+00 5.700017052e-03 0.000000000e+00 4.022470777e-01 0.000000000e+00 -1.140003410e-01 0.000000000e+00 -1.404107183e-02 0.000000000e+00
29.65 -1.474882361e+00 0.000000000e+00 3.644710510e-01 0.000000000e+00 2.949764723e+00 0.000000000e+00 -1.431274470e-01 0.000000000e+00 -1.029662131e+00 0.000000000e+00 4.996090401e-03 0.000000000e+00 4.043473735e-01 0.000000000e+00 -9.992180802e-02 0.000000000e+00 -1.411438598e-02 0.000000000e+00
29.70 -1.481532511e+00 0.000000000e+00 3.128689301e-01 0.000000000e+00 2.963065022e+00 0.000000000e+00 -1.228633415e-01 0.000000000e+00 -1.034304812e+00 0.000000000e+00 4.288739680e-03 0.000000000e+00 4.061705497e-01 0.000000000e+00 -8.577479359e-02 0.000000000e+00 -1.417802683e-02 0.000000000e+00
29.75 -1.487167292e+00 0.000000000e+00 2.610523844e-01 0.000000000e+00 2.974334584e+00 0.000000000e+00 -1.025150316e-01 0.000000000e+00 -1.038238631e+00 0.000000000e+00 3.578449670e-03 0.000000000e+00 4.077153570e-01 0.000000000e+00 -7.156899340e-02 0.000000000e+00 -1.423195078e-02 0.000000000e+00
29.80 -1.491782843e+00 0.000000000e+00 2.090569265e-01 0.000000000e+00 2.983565686e+00 0.000000000e+00 -8.209646307e-02 0.000000000e+00 -1.041460893e+00 0.000000000e+00 2.865707170e-03 0.000000000e+00 4.089807365e-01 0.000000000e+00 -5.731414339e-02 0.000000000e+00 -1.427612086e-02 0.000000000e+00
29.85 -1.495376001e+00 0.000000000e+00 1.569181915e-01 0.000000000e+00 2.990752001e+00 0.000000000e+00 -6.162162969e-02 0.000000000e+00 -1.043969391e+00 0.000000000e+00 2.151000657e-03 0.000000000e+00 4.099658210e-01 0.000000000e+00 -4.302001314e-02 0.000000000e+00 -1.431050679e-02 0.000000000e+00
29.90 -1.497944302e+00 0.000000000e+00 1.046719125e-01 0.000000000e+00 2.995888604e+00 0.000000000e+00 -4.110456391e-02 0.000000000e+00 -1.045762403e+00 0.000000000e+00 1.434819956e-03 0.000000000e+00 4.106699355e-01 0.000000000e+00 -2.869639912e-02 0.000000000e+00 -1.433508503e-02 0.000000000e+00
29.95 -1.499485987e+00 0.000000000e+00 5.235389662e-02 0.000000000e+00 2.998971975e+00 0.000000000e+00 -2.055932712e-02 0.000000000e+00 -1.046838703e+00 0.000000000e+00 7.176559006e-04 0.000000000e+00 4.110925973e-01 0.000000000e+00 -1.435311801e-02 0.000000000e+00 -1.434983871e-02 0.000000000e+00
30.00 -1.500000000e+00 0.000000000e+00 4.777360478e-15 0.000000000e+00 3.000000000e+00 0.000000000e+00 -1.924156840e-15 0.000000000e+00 -1.047197551e+00 0.000000000e+00 6.380830563e-17 0.000000000e+00 4.112335167e-01 0.000000000e+00 -1.309740500e-15 0.000000000e+00 -1.435475772e-02 0.000000000e+00
30.05 -1.499485987e+00 0.000000000e+00 -5.235389662e-02 0.000000000e+00 2.998971975e+00 0.000000000e+00 2.055932712e-02 0.000000000e+00 -1.046838703e+00 0.000000000e+00 -7.176559006e-04 0.000000000e+00 4.110925973e-01 0.000000000e+00 1.435311801e-02 0.000000000e+00 -1.434983871e-02 0.000000000e+00
30.10 -1.497944302e+00 0.000000000e+00 -1.046719125e-01 0.000000000e+00 2.995888604e+00 0.000000000e+00 4.110456391e-02 0.000000000e+00 -1.045762403e+00 0.000000000e+00 -1.434819956e-03 0.000000000e+00 4.106699355e-01 0.000000000e+00 2.869639912e-02 0.000000000e+00 -1.433508503e-02 0.000000000e+00
30.15 -1.495376001e+00 0.000000000e+00 -1.569181915e-01 0.000000000e+00 2.990752001e+00 0.000000000e+00 6.162162969e-02 0.000000000e+00 -1.043969391e+00 0.000000000e+00 -2.151000657e-03 0.000000000e+00 4.099658210e-01 0.000000000e+00 4.302001314e-02 0.000000000e+00 -1.431050679e-02 0.000000000e+00
30.20 -1.491782843e+00 0.000000000e+00 -2.090569265e-01 0.000000000e+00 2.983565686e+00 0.000000000e+00 8.209646307e-02 0.000000000e+00 -1.041460893e+00 0.000000000e+00 -2.865707170e-03 0.000000000e+00 4.089807365e-01 0.000000000e+00 5.731414339e-02 0.000000000e+00 -1.427612086e-02 0.000000000e+00
30.25 -1.487167292e+00 0.000000000e+00 -2.610523844e-01 0.000000000e+00 2.974334584e+00 0.000000000e+00 1.025150316e-01 0.000000000e+00 -1.038238631e+00 0.000000000e+00 -3.578449670e-03 0.000000000e+00 4.077153570e-01 0.000000000e+00 7.156899340e-02 0.000000000e+00 -1.423195078e-02 0.000000000e+00
30.30 -1.481532511e+00 0.000000000e+00 -3.128689301e-01 0.000000000e+00 2.963065022e+00 0.000000000e+00 1.228633415e-01 0.000000000e+00 -1.034304812e+00 0.000000000e+00 -4.288739680e-03 0.000000000e+00 4.061705497e-01 0.000000000e+00 8.577479359e-02 0.000000000e+00 -1.417802683e-02 0.000000000e+00
30.35 -1.474882361e+00 0.000000000e+00 -3.644710510e-01 0.000000000e+00 2.949764723e+00 0.000000000e+00 1.431274470e-01 0.000000000e+00 -1.029662131e+00 0.000000000e+00 -4.996090401e-03 0.000000000e+00 4.043473735e-01 0.000000000e+00 9.992180802e-02 0.000000000e+00 -1.411438598e-02 0.000000000e+00
30.40 -1.467221401e+00 0.000000000e+00 -4.158233816e-01 0.000000000e+00 2.934442802e+00 0.000000000e+00 1.632934601e-01 0.000000000e+00 -1.024313772e+00 0.000000000e+00 -5.700017052e-03 0.000000000e+00 4.022470777e-01 0.000000000e+00 1.140003410e-01 0.000000000e+00 -1.404107183e-02 0.000000000e+00
30.45 -1.458554881e+00 0.000000000e+00 -4.668907277e-01 0.000000000e+00 2.917109761e+00 0.000000000e+00 1.833475600e-01 0.000000000e+00 -1.018263399e+00 0.000000000e+00 -6.400037196e-03 0.000000000e+00 3.998711019e-01 0.000000000e+00 1.280007439e-01 0.000000000e+00 -1.395813462e-02 0.000000000e+00
30.50 -1.448888739e+00 0.000000000e+00 -5.176380902e-01 0.000000000e+00 2.897777479e+00 0.000000000e+00 2.032760027e-01 0.000000000e+00 -1.011515160e+00 0.000000000e+00 -7.095671074e-03 0.000000000e+00 3.972210744e-01 0.000000000e+00 1.419134215e-01 0.000000000e+00 -1.386563121e-02 0.000000000e+00
30.55 -1.438229602e+00 0.000000000e+00 -5.680306894e-01 0.000000000e+00 2.876459205e+00 0.000000000e+00 2.230651301e-01 0.000000000e+00 -1.004073678e+00 0.000000000e+00 -7.786441934e-03 0.000000000e+00 3.942988115e-01 0.000000000e+00 1.557288387e-01 0.000000000e+00 -1.376362499e-02 0.000000000e+00
30.60 -1.426584774e+00 0.000000000e+00 -6.180339887e-01 0.000000000e+00 2.853169549e+00 0.000000000e+00 2.427013798e-01 0.000000000e+00 -9.959440549e-01 0.000000000e+00 -8.471876355e-03 0.000000000e+00 3.911063158e-01 0.000000000e+00 1.694375271e-01 0.000000000e+00 -1.365218587e-02 0.000000000e+00
30.65 -1.413962237e+00 0.000000000e+00 -6.676137185e-01 0.000000000e+00 2.827924473e+00 0.000000000e+00 2.621712942e-01 0.000000000e+00 -9.871318611e-01 0.000000000e+00 -9.151504575e-03 0.000000000e+00 3.876457754e-01 0.000000000e+00 1.830300915e-01 0.000000000e+00 -1.353139022e-02 0.000000000e+00
30.70 -1.400370640e+00 0.000000000e+00 -7.167358991e-01 0.000000000e+00 2.800741279e+00 0.000000000e+00 2.814615294e-01 0.000000000e+00 -9.776431365e-01 0.000000000e+00 -9.824860811e-03 0.000000000e+00 3.839195619e-01 0.000000000e+00 1.964972162e-01 0.000000000e+00 -1.340132084e-02 0.000000000e+00
30.75 -1.385819299e+00 0.000000000e+00 -7.653668647e-01 0.000000000e+00 2.771638598e+00 0.000000000e+00 3.005588649e-01 0.000000000e+00 -9.674843840e-01 0.000000000e+00 -1.049148358e-02 0.000000000e+00 3.799302292e-01 0.000000000e+00 2.098296716e-01 0.000000000e+00 -1.326206685e-02 0.000000000e+00
30.80 -1.370318186e+00 0.000000000e+00 -8.134732862e-01 0.000000000e+00 2.740636373e+00 0.000000000e+00 3.194502125e-01 0.000000000e+00 -9.566625662e-01 0.000000000e+00 -1.115091601e-02 0.000000000e+00 3.756805112e-01 0.000000000e+00 2.230183201e-01 0.000000000e+00 -1.311372371e-02 0.000000000e+00
30.85 -1.353877927e+00 0.000000000e+00 -8.610221936e-01 0.000000000e+00 2.707755853e+00 0.000000000e+00 3.381226248e-01 0.000000000e+00 -9.451850995e-01 0.000000000e+00 -1.180270615e-02 0.000000000e+00 3.711733206e-01 0.000000000e+00 2.360541231e-01 0.000000000e+00 -1.295639308e-02 0.000000000e+00
30.90 -1.336509786e+00 0.000000000e+00 -9.079809995e-01 0.000000000e+00 2.673019573e+00 0.000000000e+00 3.565633047e-01 0.000000000e+00 -9.330598502e-01 0.000000000e+00 -1.244640732e-02 0.000000000e+00 3.664117464e-01 0.000000000e+00 2.489281463e-01 0.000000000e+00 -1.279018278e-02 0.000000000e+00
30.95 -1.318225669e+00 0.000000000e+00 -9.543175205e-01 0.000000000e+00 2.636451338e+00 0.000000000e+00 3.747596140e-01 0.000000000e+00 -9.202951283e-01 0.000000000e+00 -1.308157833e-02 0.000000000e+00 3.613990518e-01 0.000000000e+00 2.616315667e-01 0.000000000e+00 -1.261520673e-02 0.000000000e+00
31.00 -1.299038106e+00 0.000000000e+00 -1.000000000e+00 0.000000000e+00 2.598076211e+00 0.000000000e+00 3.926990817e-01 0.000000000e+00 -9.068996821e-01 0.000000000e+00 -1.370778389e-02 0.000000000e+00 3.561386724e-01 0.000000000e+00 2.741556778e-01 0.000000000e+00 -1.243158485e-02 0.000000000e+00
31.05 -1.278960247e+00 0.000000000e+00 -1.044997129e+00 0.000000000e+00 2.557920493e+00 0.000000000e+00 4.103694131e-01 0.000000000e+00 -8.928826922e-01 0.000000000e+00 -1.432459482e-02 0.000000000e+00 3.506342133e-01 0.000000000e+00 2.864918963e-01 0.000000000e+00 -1.223944298e-02 0.000000000e+00
31.10 -1.258005852e+00 0.000000000e+00 -1.089278070e+00 0.000000000e+00 2.516011704e+00 0.000000000e+00 4.277584978e-01 0.000000000e+00 -8.782537650e-01 0.000000000e+00 -1.493158838e-02 0.000000000e+00 3.448894470e-01 0.000000000e+00 2.986317676e-01 0.000000000e+00 -1.203891281e-02 0.000000000e+00
31.15 -1.236189283e+00 0.000000000e+00 -1.132812474e+00 0.000000000e+00 2.472378566e+00 0.000000000e+00 4.448544182e-01 0.000000000e+00 -8.630229266e-01 0.000000000e+00 -1.552834858e-02 0.000000000e+00 3.389083108e-01 0.000000000e+00 3.105669716e-01 0.000000000e+00 -1.183013177e-02 0.000000000e+00
31.20 -1.213525492e+00 0.000000000e+00 -1.175570505e+00 0.000000000e+00 2.427050983e+00 0.000000000e+00 4.616454576e-01 0.000000000e+00 -8.472006154e-01 0.000000000e+00 -1.611446642e-02 0.000000000e+00 3.326949037e-01 0.000000000e+00 3.222893285e-01 0.000000000e+00 -1.161324295e-02 0.000000000e+00
31.25 -1.190030010e+00 0.000000000e+00 -1.217522858e+00 0.000000000e+00 2.380060021e+00 0.000000000e+00 4.781201083e-01 0.000000000e+00 -8.307976752e-01 0.000000000e+00 -1.668954022e-02 0.000000000e+00 3.262534841e-01 0.000000000e+00 3.337908044e-01 0.000000000e+00 -1.138839499e-02 0.000000000e+00
31.30 -1.165718942e+00 0.000000000e+00 -1.258640782e+00 0.000000000e+00 2.331437884e+00 0.000000000e+00 4.942670793e-01 0.000000000e+00 -8.138253478e-01 0.000000000e+00 -1.725317584e-02 0.000000000e+00 3.195884667e-01 0.000000000e+00 3.450635167e-01 0.000000000e+00 -1.115574199e-02 0.000000000e+00
31.35 -1.140608948e+00 0.000000000e+00 -1.298896097e+00 0.000000000e+00 2.281217897e+00 0.000000000e+00 5.100753044e-01 0.000000000e+00 -7.962952651e-01 0.000000000e+00 -1.780498699e-02 0.000000000e+00 3.127044194e-01 0.000000000e+00 3.560997398e-01 0.000000000e+00 -1.091544341e-02 0.000000000e+00
31.40 -1.114717238e+00 0.000000000e+00 -1.338261213e+00 0.000000000e+00 2.229434476e+00 0.000000000e+00 5.255339493e-01 0.000000000e+00 -7.782194414e-01 0.000000000e+00 -1.834459549e-02 0.000000000e+00 3.056060600e-01 0.000000000e+00 3.668919099e-01 0.000000000e+00 -1.066766392e-02 0.000000000e+00
31.45 -1.088061557e+00 0.000000000e+00 -1.376709151e+00 0.000000000e+00 2.176123113e+00 0.000000000e+00 5.406324195e-01 0.000000000e+00 -7.596102650e-01 0.000000000e+00 -1.887163153e-02 0.000000000e+00 2.982982535e-01 0.000000000e+00 3.774326305e-01 0.000000000e+00 -1.041257335e-02 0.000000000e+00
31.50 -1.060660172e+00 0.000000000e+00 -1.414213562e+00 0.000000000e+00 2.121320344e+00 0.000000000e+00 5.553603673e-01 0.000000000e+00 -7.404804897e-01 0.000000000e+00 -1.938573389e-02 0.000000000e+00 2.907860083e-01 0.000000000e+00 3.877146778e-01 0.000000000e+00 -1.015034653e-02 0.000000000e+00
31.55 -1.032531864e+00 0.000000000e+00 -1.450748742e+00 0.000000000e+00 2.065063727e+00 0.000000000e+00 5.697076988e-01 0.000000000e+00 -7.208432260e-01 0.000000000e+00 -1.988655023e-02 0.000000000e+00 2.830744729e-01 0.000000000e+00 3.977310047e-01 0.000000000e+00 -9.881163161e-03 0.000000000e+00
31.60 -1.003695910e+00 0.000000000e+00 -1.486289651e+00 0.000000000e+00 2.007391819e+00 0.000000000e+00 5.836645811e-01 0.000000000e+00 -7.007119324e-01 0.000000000e+00 -2.037373733e-02 0.000000000e+00 2.751689324e-01 0.000000000e+00 4.074747467e-01 0.000000000e+00 -9.605207739e-03 0.000000000e+00
31.65 -9.741720725e-01 0.000000000e+00 -1.520811931e+00 0.000000000e+00 1.948344145e+00 0.000000000e+00 5.972214488e-01 0.000000000e+00 -6.801004058e-01 0.000000000e+00 -2.084696129e-02 0.000000000e+00 2.670748048e-01 0.000000000e+00 4.169392258e-01 0.000000000e+00 -9.322669387e-03 0.000000000e+00
31.70 -9.439805866e-01 0.000000000e+00 -1.554291923e+00 0.000000000e+00 1.887961173e+00 0.000000000e+00 6.103690108e-01 0.000000000e+00 -6.590227724e-01 0.000000000e+00 -2.130589778e-02 0.000000000e+00 2.587976376e-01 0.000000000e+00 4.261179556e-01 0.000000000e+00 -9.033741743e-03 0.000000000e+00
31.75 -9.131421435e-01 0.000000000e+00 -1.586706681e+00 0.000000000e+00 1.826284287e+00 0.000000000e+00 6.230982564e-01 0.000000000e+00 -6.374934777e-01 0.000000000e+00 -2.175023227e-02 0.000000000e+00 2.503431033e-01 0.000000000e+00 4.350046455e-01 0.000000000e+00 -8.738622824e-03 0.000000000e+00
31.80 -8.816778784e-01 0.000000000e+00 -1.618033989e+00 0.000000000e+00 1.763355757e+00 0.000000000e+00 6.354004615e-01 0.000000000e+00 -6.155272768e-01 0.000000000e+00 -2.217966025e-02 0.000000000e+00 2.417169964e-01 0.000000000e+00 4.435932049e-01 0.000000000e+00 -8.437514889e-03 0.000000000e+00
31.85 -8.496093554e-01 0.000000000e+00 -1.648252377e+00 0.000000000e+00 1.699218711e+00 0.000000000e+00 6.472671950e-01 0.000000000e+00 -5.931392243e-01 0.000000000e+00 -2.259388738e-02 0.000000000e+00 2.329252287e-01 0.000000000e+00 4.518777477e-01 0.000000000e+00 -8.130624303e-03 0.000000000e+00
31.90 -8.169585525e-01 0.000000000e+00 -1.677341136e+00 0.000000000e+00 1.633917105e+00 0.000000000e+00 6.586903238e-01 0.000000000e+00 -5.703446638e-01 0.000000000e+00 -2.299262980e-02 0.000000000e+00 2.239738257e-01 0.000000000e+00 4.598525960e-01 0.000000000e+00 -7.818161394e-03 0.000000000e+00
31.95 -7.837478471e-01 0.000000000e+00 -1.705280329e+00 0.000000000e+00 1.567495694e+00 0.000000000e+00 6.696620191e-01 0.000000000e+00 -5.471592175e-01 0.000000000e+00 -2.337561422e-02 0.000000000e+00 2.148689222e-01 0.000000000e+00 4.675122844e-01 0.000000000e+00 -7.500340307e-03 0.000000000e+00
32.00 -7.500000000e-01 0.000000000e+00 -1.732050808e+00 0.000000000e+00 1.500000000e+00 0.000000000e+00 6.801747616e-01 0.000000000e+00 -5.235987756e-01 0.000000000e+00 -2.374257816e-02 0.000000000e+00 2.056167584e-01 0.000000000e+00 4.748515631e-01 0.000000000e+00 -7.177378861e-03 0.000000000e+00
32.05 -7.157381404e-01 0.000000000e+00 -1.757634225e+00 0.000000000e+00 1.431476281e+00 0.000000000e+00 6.902213462e-01 0.000000000e+00 -4.996794853e-01 0.000000000e+00 -2.409327012e-02 0.000000000e+00 1.962236750e-01 0.000000000e+00 4.818654024e-01 0.000000000e+00 -6.849498399e-03 0.000000000e+00
32.10 -6.809857496e-01 0.000000000e+00 -1.782013048e+00 0.000000000e+00 1.361971499e+00 0.000000000e+00 6.997948877e-01 0.000000000e+00 -4.754177396e-01 0.000000000e+00 -2.442744976e-02 0.000000000e+00 1.866961098e-01 0.000000000e+00 4.885489951e-01 0.000000000e+00 -6.516923632e-03 0.000000000e+00
32.15 -6.457666452e-01 0.000000000e+00 -1.805170569e+00 0.000000000e+00 1.291533290e+00 0.000000000e+00 7.088888246e-01 0.000000000e+00 -4.508301663e-01 0.000000000e+00 -2.474488804e-02 0.000000000e+00 1.770405923e-01 0.000000000e+00 4.948977608e-01 0.000000000e+00 -6.179882491e-03 0.000000000e+00
32.20 -6.101049646e-01 0.000000000e+00 -1.827090915e+00 0.000000000e+00 1.220209929e+00 0.000000000e+00 7.174969246e-01 0.000000000e+00 -4.259336166e-01 0.000000000e+00 -2.504536741e-02 0.000000000e+00 1.672637401e-01 0.000000000e+00 5.009073483e-01 0.000000000e+00 -5.838605968e-03 0.000000000e+00
32.25 -5.740251485e-01 0.000000000e+00 -1.847759065e+00 0.000000000e+00 1.148050297e+00 0.000000000e+00 7.256132880e-01 0.000000000e+00 -4.007451533e-01 0.000000000e+00 -2.532868194e-02 0.000000000e+00 1.573722537e-01 0.000000000e+00 5.065736389e-01 0.000000000e+00 -5.493327956e-03 0.000000000e+00
32.30 -5.375519243e-01 0.000000000e+00 -1.867160853e+00 0.000000000e+00 1.075103849e+00 0.000000000e+00 7.332323524e-01 0.000000000e+00 -3.752820392e-01 0.000000000e+00 -2.559463746e-02 0.000000000e+00 1.473729122e-01 0.000000000e+00 5.118927492e-01 0.000000000e+00 -5.144285091e-03 0.000000000e+00
32.35 -5.007102889e-01 0.000000000e+00 -1.885282982e+00 0.000000000e+00 1.001420578e+00 0.000000000e+00 7.403488958e-01 0.000000000e+00 -3.495617256e-01 0.000000000e+00 -2.584305169e-02 0.000000000e+00 1.372725686e-01 0.000000000e+00 5.168610338e-01 0.000000000e+00 -4.791716590e-03 0.000000000e+00
32.40 -4.635254916e-01 0.000000000e+00 -1.902113033e+00 0.000000000e+00 9.270509831e-01 0.000000000e+00 7.469580412e-01 0.000000000e+00 -3.236018398e-01 0.000000000e+00 -2.607375439e-02 0.000000000e+00 1.270781453e-01 0.000000000e+00 5.214750877e-01 0.000000000e+00 -4.435864086e-03 0.000000000e+00
32.45 -4.260230171e-01 0.000000000e+00 -1.917639470e+00 0.000000000e+00 8.520460341e-01 0.000000000e+00 7.530552588e-01 0.000000000e+00 -2.974201735e-01 0.000000000e+00 -2.628658743e-02 0.000000000e+00 1.167966290e-01 0.000000000e+00 5.257317486e-01 0.000000000e+00 -4.076971463e-03 0.000000000e+00
32.50 -3.882285677e-01 0.000000000e+00 -1.931851653e+00 0.000000000e+00 7.764571353e-01 0.000000000e+00 7.586363699e-01 0.000000000e+00 -2.710346702e-01 0.000000000e+00 -2.648140496e-02 0.000000000e+00 1.064350661e-01 0.000000000e+00 5.296280992e-01 0.000000000e+00 -3.715284686e-03 0.000000000e+00
32.55 -3.501680458e-01 0.000000000e+00 -1.944739841e+00 0.000000000e+00 7.003360916e-01 0.000000000e+00 7.636975496e-01 0.000000000e+00 -2.444634134e-01 0.000000000e+00 -2.665807346e-02 0.000000000e+00 9.600055794e-02 0.000000000e+00 5.331614692e-01 0.000000000e+00 -3.351051640e-03 0.000000000e+00
32.60 -3.118675362e-01 0.000000000e+00 -1.956295201e+00 0.000000000e+00 6.237350725e-01 0.000000000e+00 7.682353291e-01 0.000000000e+00 -2.177246135e-01 0.000000000e+00 -2.681647185e-02 0.000000000e+00 8.550025578e-02 0.000000000e+00 5.363294370e-01 0.000000000e+00 -2.984521949e-03 0.000000000e+00
32.65 -2.733532882e-01 0.000000000e+00 -1.966509815e+00 0.000000000e+00 5.467065765e-01 0.000000000e+00 7.722465986e-01 0.000000000e+00 -1.908365960e-01 0.000000000e+00 -2.695649156e-02 0.000000000e+00 7.494135602e-02 0.000000000e+00 5.391298313e-01 0.000000000e+00 -2.615946817e-03 0.000000000e+00
32.70 -2.346516976e-01 0.000000000e+00 -1.975376681e+00 0.000000000e+00 4.693033951e-01 0.000000000e+00 7.757286087e-01 0.000000000e+00 -1.638177887e-01 0.000000000e+00 -2.707803665e-02 0.000000000e+00 6.433109519e-02 0.000000000e+00 5.415607330e-01 0.000000000e+00 -2.245578845e-03 0.000000000e+00
32.75 -1.957892883e-01 0.000000000e+00 -1.982889723e+00 0.000000000e+00 3.915785767e-01 0.000000000e+00 7.786789732e-01 0.000000000e+00 -1.366867089e-01 0.000000000e+00 -2.718102380e-02 0.000000000e+00 5.367674505e-02 0.000000000e+00 5.436204760e-01 0.000000000e+00 -1.873671866e-03 0.000000000e+00
32.80 -1.567926949e-01 0.000000000e+00 -1.989043791e+00 0.000000000e+00 3.135853898e-01 0.000000000e+00 7.810956701e-01 0.000000000e+00 -1.094619508e-01 0.000000000e+00 -2.726538243e-02 0.000000000e+00 4.298560755e-02 0.000000000e+00 5.453076486e-01 0.000000000e+00 -1.500480765e-03 0.000000000e+00
32.85 -1.176886436e-01 0.000000000e+00 -1.993834667e+00 0.000000000e+00 2.353772872e-01 0.000000000e+00 7.829770430e-01 0.000000000e+00 -8.216217292e-02 0.000000000e+00 -2.733105473e-02 0.000000000e+00 3.226500985e-02 0.000000000e+00 5.466210947e-01 0.000000000e+00 -1.126261310e-03 0.000000000e+00
32.90 -7.850393436e-02 0.000000000e+00 -1.997259070e+00 0.000000000e+00 1.570078687e-01 0.000000000e+00 7.843218025e-01 0.000000000e+00 -5.480608522e-02 0.000000000e+00 -2.737799570e-02 0.000000000e+00 2.152229934e-02 0.000000000e+00 5.475599140e-01 0.000000000e+00 -7.512699720e-04 0.000000000e+00
32.95 -3.926542246e-02 0.000000000e+00 -1.999314650e+00 0.000000000e+00 7.853084492e-02 0.000000000e+00 7.851290271e-01 0.000000000e+00 -2.741243617e-02 0.000000000e+00 -2.740617315e-02 0.000000000e+00 1.076483851e-02 0.000000000e+00 5.481234630e-01 0.000000000e+00 -3.757637509e-04 0.000000000e+00
33.00 -1.102182119e-15 0.000000000e+00 -2.000000000e+00 0.000000000e+00 7.166040717e-15 0.000000000e+00 7.853981634e-01 0.000000000e+00 -2.565542453e-15 0.000000000e+00 -2.741556778e-02 0.000000000e+00 3.021694860e-16 0.000000000e+00 5.483113556e-01 0.000000000e+00 -3.428892611e-17 0.000000000e+00
33.05 3.926542246e-02 0.000000000e+00 -1.999314650e+00 0.000000000e+00 -7.853084492e-02 0.000000000e+00 7.851290271e-01 0.000000000e+00 2.741243617e-02 0.000000000e+00 -2.740617315e-02 0.000000000e+00 -1.076483851e-02 0.000000000e+00 5.481234630e-01 0.000000000e+00 3.757637509e-04 0.000000000e+00
33.10 7.850393436e-02 0.000000000e+00 -1.997259070e+00 0.000000000e+00 -1.570078687e-01 0.000000000e+00 7.843218025e-01 0.000000000e+00 5.480608522e-02 0.000000000e+00 -2.737799570e-02 0.000000000e+00 -2.152229934e-02 0.000000000e+00 5.475599140e-01 0.000000000e+00 7.512699720e-04 0.000000000e+00
33.15 1.176886436e-01 0.000000000e+00 -1.993834667e+00 0.000000000e+00 -2.353772872e-01 0.000000000e+00 7.829770430e-01 0.000000000e+00 8.216217292e-02 0.000000000e+00 -2.733105473e-02 0.000000000e+00 -3.226500985e-02 0.000000000e+00 5.466210947e-01 0.000000000e+00 1.126261310e-03 0.000000000e+00
33.20 1.567926949e-01 0.000000000e+00 -1.989043791e+00 0.000000000e+00 -3.135853898e-01 0.000000000e+00 7.810956701e-01 0.000000000e+00 1.094619508e-01 0.000000000e+00 -2.726538243e-02 0.000000000e+00 -4.298560755e-02 0.000000000e+00 5.453076486e-01 0.000000000e+00 1.500480765e-03 0.000000000e+00
33.25 1.957892883e-01 0.000000000e+00 -1.982889723e+00 0.000000000e+00 -3.915785767e-01 0.000000000e+00 7.786789732e-01 0.000000000e+00 1.366867089e-01 0.000000000e+00 -2.718102380e-02 0.000000000e+00 -5.367674505e-02 0.000000000e+00 5.436204760e-01 0.000000000e+00 1.873671866e-03 0.000000000e+00
33.30 2.346516976e-01 0.000000000e+00 -1.975376681e+00 0.000000000e+00 -4.693033951e-01 0.000000000e+00 7.757286087e-01 0.000000000e+00 1.638177887e-01 0.000000000e+00 -2.707803665e-02 0.000000000e+00 -6.433109519e-02 0.000000000e+00 5.415607330e-01 0.000000000e+00 2.245578845e-03 0.000000000e+00
33.35 2.733532882e-01 0.000000000e+00 -1.966509815e+00 0.000000000e+00 -5.467065765e-01 0.000000000e+00 7.722465986e-01 0.000000000e+00 1.908365960e-01 0.000000000e+00 -2.695649156e-02 0.000000000e+00 -7.494135602e-02 0.000000000e+00 5.391298313e-01 0.000000000e+00 2.615946817e-03 0.000000000e+00
33.40 3.118675362e-01 0.000000000e+00 -1.956295201e+00 0.000000000e+00 -6.237350725e-01 0.000000000e+00 7.682353291e-01 0.000000000e+00 2.177246135e-01 0.000000000e+00 -2.681647185e-02 0.000000000e+00 -8.550025578e-02 0.000000000e+00 5.363294370e-01 0.000000000e+00 2.984521949e-03 0.000000000e+00
33.45 3.501680458e-01 0.000000000e+00 -1.944739841e+00 0.000000000e+00 -7.003360916e-01 0.000000000e+00 7.636975496e-01 0.000000000e+00 2.444634134e-01 0.000000000e+00 -2.665807346e-02 0.000000000e+00 -9.600055794e-02 0.000000000e+00 5.331614692e-01 0.000000000e+00 3.351051640e-03 0.000000000e+00
33.50 3.882285677e-01 0.000000000e+00 -1.931851653e+00 0.000000000e+00 -7.764571353e-01 0.000000000e+00 7.586363699e-01 0.000000000e+00 2.710346702e-01 0.000000000e+00 -2.648140496e-02 0.000000000e+00 -1.064350661e-01 0.000000000e+00 5.296280992e-01 0.000000000e+00 3.715284686e-03 0.000000000e+00
33.55 4.260230171e-01 0.000000000e+00 -1.917639470e+00 0.000000000e+00 -8.520460341e-01 0.000000000e+00 7.530552588e-01 0.000000000e+00 2.974201735e-01 0.000000000e+00 -2.628658743e-02 0.000000000e+00 -1.167966290e-01 0.000000000e+00 5.257317486e-01 0.000000000e+00 4.076971463e-03 0.000000000e+00
33.60 4.635254916e-01 0.000000000e+00 -1.902113033e+00 0.000000000e+00 -9.270509831e-01 0.000000000e+00 7.469580412e-01 0.000000000e+00 3.236018398e-01 0.000000000e+00 -2.607375439e-02 0.000000000e+00 -1.270781453e-01 0.000000000e+00 5.214750877e-01 0.000000000e+00 4.435864086e-03 0.000000000e+00
33.65 5.007102889e-01 0.000000000e+00 -1.885282982e+00 0.000000000e+00 -1.001420578e+00 0.000000000e+00 7.403488958e-01 0.000000000e+00 3.495617256e-01 0.000000000e+00 -2.584305169e-02 0.000000000e+00 -1.372725686e-01 0.000000000e+00 5.168610338e-01 0.000000000e+00 4.791716590e-03 0.000000000e+00
33.70 5.375519243e-01 0.000000000e+00 -1.867160853e+00 0.000000000e+00 -1.075103849e+00 0.000000000e+00 7.332323524e-01 0.000000000e+00 3.752820392e-01 0.000000000e+00 -2.559463746e-02 0.000000000e+00 -1.473729122e-01 0.000000000e+00 5.118927492e-01 0.000000000e+00 5.144285091e-03 0.000000000e+00
33.75 5.740251485e-01 0.000000000e+00 -1.847759065e+00 0.000000000e+00 -1.148050297e+00 0.000000000e+00 7.256132880e-01 0.000000000e+00 4.007451533e-01 0.000000000e+00 -2.532868194e-02 0.000000000e+00 -1.573722537e-01 0.000000000e+00 5.065736389e-01 0.000000000e+00 5.493327956e-03 0.000000000e+00
33.80 6.101049646e-01 0.000000000e+00 -1.827090915e+00 0.000000000e+00 -1.220209929e+00 0.000000000e+00 7.174969246e-01 0.000000000e+00 4.259336166e-01 0.000000000e+00 -2.504536741e-02 0.000000000e+00 -1.672637401e-01 0.000000000e+00 5.009073483e-01 0.000000000e+00 5.838605968e-03 0.000000000e+00
33.85 6.457666452e-01 0.000000000e+00 -1.805170569e+00 0.000000000e+00 -1.291533290e+00 0.000000000e+00 7.088888246e-01 0.000000000e+00 4.508301663e-01 0.000000000e+00 -2.474488804e-02 0.000000000e+00 -1.770405923e-01 0.000000000e+00 4.948977608e-01 0.000000000e+00 6.179882491e-03 0.000000000e+00
33.90 6.809857496e-01 0.000000000e+00 -1.782013048e+00 0.000000000e+00 -1.361971499e+00 0.000000000e+00 6.997948877e-01 0.000000000e+00 4.754177396e-01 0.000000000e+00 -2.442744976e-02 0.000000000e+00 -1.866961098e-01 0.000000000e+00 4.885489951e-01 0.000000000e+00 6.516923632e-03 0.000000000e+00
33.95 7.157381404e-01 0.000000000e+00 -1.757634225e+00 0.000000000e+00 -1.431476281e+00 0.000000000e+00 6.902213462e-01 0.000000000e+00 4.996794853e-01 0.000000000e+00 -2.409327012e-02 0.000000000e+00 -1.962236750e-01 0.000000000e+00 4.818654024e-01 0.000000000e+00 6.849498399e-03 0.000000000e+00
34.00 7.500000000e-01 0.000000000e+00 -1.732050808e+00 0.000000000e+00 -1.500000000e+00 0.000000000e+00 6.801747616e-01 0.000000000e+00 5.235987756e-01 0.000000000e+00 -2.374257816e-02 0.000000000e+00 -2.056167584e-01 0.000000000e+00 4.748515631e-01 0.000000000e+00 7.177378861e-03 0.000000000e+00
34.05 7.837478471e-01 0.000000000e+00 -1.705280329e+00 0.000000000e+00 -1.567495694e+00 0.000000000e+00 6.696620191e-01 0.000000000e+00 5.471592175e-01 0.000000000e+00 -2.337561422e-02 0.000000000e+00 -2.148689222e-01 0.000000000e+00 4.675122844e-01 0.000000000e+00 7.500340307e-03 0.000000000e+00
34.10 8.169585525e-01 0.000000000e+00 -1.677341136e+00 0.000000000e+00 -1.633917105e+00 0.000000000e+00 6.586903238e-01 0.000000000e+00 5.703446638e-01 0.000000000e+00 -2.299262980e-02 0.000000000e+00 -2.239738257e-01 0.000000000e+00 4.598525960e-01 0.000000000e+00 7.818161394e-03 0.000000000e+00
34.15 8.496093554e-01 0.000000000e+00 -1.648252377e+00 0.000000000e+00 -1.699218711e+00 0.000000000e+00 6.472671950e-01 0.000000000e+00 5.931392243e-01 0.000000000e+00 -2.259388738e-02 0.000000000e+00 -2.329252287e-01 0.000000000e+00 4.518777477e-01 0.000000000e+00 8.130624303e-03 0.000000000e+00
34.20 8.816778784e-01 0.000000000e+00 -1.618033989e+00 0.000000000e+00 -1.763355757e+00 0.000000000e+00 6.354004615e-01 0.000000000e+00 6.155272768e-01 0.000000000e+00 -2.217966025e-02 0.000000000e+00 -2.417169964e-01 0.000000000e+00 4.435932049e-01 0.000000000e+00 8.437514889e-03 0.000000000e+00
34.25 9.131421435e-01 0.000000000e+00 -1.586706681e+00 0.000000000e+00 -1.826284287e+00 0.000000000e+00 6.230982564e-01 0.000000000e+00 6.374934777e-01 0.000000000e+00 -2.175023227e-02 0.000000000e+00 -2.503431033e-01 0.000000000e+00 4.350046455e-01 0.000000000e+00 8.738622824e-03 0.000000000e+00
34.30 9.439805866e-01 0.000000000e+00 -1.554291923e+00 0.000000000e+00 -1.887961173e+00 0.000000000e+00 6.103690108e-01 0.000000000e+00 6.590227724e-01 0.000000000e+00 -2.130589778e-02 0.000000000e+00 -2.587976376e-01 0.000000000e+00 4.261179556e-01 0.000000000e+00 9.033741743e-03 0.000000000e+00
34.35 9.741720725e-01 0.000000000e+00 -1.520811931e+00 0.000000000e+00 -1.948344145e+00 0.000000000e+00 5.972214488e-01 0.000000000e+00 6.801004058e-01 0.000000000e+00 -2.084696129e-02 0.000000000e+00 -2.670748048e-01 0.000000000e+00 4.169392258e-01 0.000000000e+00 9.322669387e-03 0.000000000e+00
34.40 1.003695910e+00 0.000000000e+00 -1.486289651e+00 0.000000000e+00 -2.007391819e+00 0.000000000e+00 5.836645811e-01 0.000000000e+00 7.007119324e-01 0.000000000e+00 -2.037373733e-02 0.000000000e+00 -2.751689324e-01 0.000000000e+00 4.074747467e-01 0.000000000e+00 9.605207739e-03 0.000000000e+00
34.45 1.032531864e+00 0.000000000e+00 -1.450748742e+00 0.000000000e+00 -2.065063727e+00 0.000000000e+00 5.697076988e-01 0.000000000e+00 7.208432260e-01 0.000000000e+00 -1.988655023e-02 0.000000000e+00 -2.830744729e-01 0.000000000e+00 3.977310047e-01 0.000000000e+00 9.881163161e-03 0.000000000e+00
34.50 1.060660172e+00 0.000000000e+00 -1.414213562e+00 0.000000000e+00 -2.121320344e+00 0.000000000e+00 5.553603673e-01 0.000000000e+00 7.404804897e-01 0.000000000e+00 -1.938573389e-02 0.000000000e+00 -2.907860083e-01 0.000000000e+00 3.877146778e-01 0.000000000e+00 1.015034653e-02 0.000000000e+00
34.55 1.088061557e+00 0.000000000e+00 -1.376709151e+00 0.000000000e+00 -2.176123113e+00 0.000000000e+00 5.406324195e-01 0.000000000e+00 7.596102650e-01 0.000000000e+00 -1.887163153e-02 0.000000000e+00 -2.982982535e-01 0.000000000e+00 3.774326305e-01 0.000000000e+00 1.041257335e-02 0.000000000e+00
34.60 1.114717238e+00 0.000000000e+00 -1.338261213e+00 0.000000000e+00 -2.229434476e+00 0.000000000e+00 5.255339493e-01 0.000000000e+00 7.782194414e-01 0.000000000e+00 -1.834459549e-02 0.000000000e+00 -3.056060600e-01 0.000000000e+00 3.668919099e-01 0.000000000e+00 1.066766392e-02 0.000000000e+00
34.65 1.140608948e+00 0.000000000e+00 -1.298896097e+00 0.000000000e+00 -2.281217897e+00 0.000000000e+00 5.100753044e-01 0.000000000e+00 7.962952651e-01 0.000000000e+00 -1.780498699e-02 0.000000000e+00 -3.127044194e-01 0.000000000e+00 3.560997398e-01 0.000000000e+00 1.091544341e-02 0.000000000e+00
34.70 1.165718942e+00 0.000000000e+00 -1.258640782e+00 0.000000000e+00 -2.331437884e+00 0.000000000e+00 4.942670793e-01 0.000000000e+00 8.138253478e-01 0.000000000e+00 -1.725317584e-02 0.000000000e+00 -3.195884667e-01 0.000000000e+00 3.450635167e-01 0.000000000e+00 1.115574199e-02 0.000000000e+00
34.75 1.190030010e+00 0.000000000e+00 -1.217522858e+00 0.000000000e+00 -2.380060021e+00 0.000000000e+00 4.781201083e-01 0.000000000e+00 8.307976752e-01 0.000000000e+00 -1.668954022e-02 0.000000000e+00 -3.262534841e-01 0.000000000e+00 3.337908044e-01 0.000000000e+00 1.138839499e-02 0.000000000e+00
34.80 1.213525492e+00 0.000000000e+00 -1.175570505e+00 0.000000000e+00 -2.427050983e+00 0.000000000e+00 4.616454576e-01 0.000000000e+00 8.472006154e-01 0.000000000e+00 -1.611446642e-02 0.000000000e+00 -3.326949037e-01 0.000000000e+00 3.222893285e-01 0.000000000e+00 1.161324295e-02 0.000000000e+00
34.85 1.236189283e+00 0.000000000e+00 -1.132812474e+00 0.000000000e+00 -2.472378566e+00 0.000000000e+00 4.448544182e-01 0.000000000e+00 8.630229266e-01 0.000000000e+00 -1.552834858e-02 0.000000000e+00 -3.389083108e-01 0.000000000e+00 3.105669716e-01 0.000000000e+00 1.183013177e-02 0.000000000e+00
34.90 1.258005852e+00 0.000000000e+00 -1.089278070e+00 0.000000000e+00 -2.516011704e+00 0.000000000e+00 4.277584978e-01 0.000000000e+00 8.782537650e-01 0.000000000e+00 -1.493158838e-02 0.000000000e+00 -3.448894470e-01 0.000000000e+00 2.986317676e-01 0.000000000e+00 1.203891281e-02 0.000000000e+00
34.95 1.278960247e+00 0.000000000e+00 -1.044997129e+00 0.000000000e+00 -2.557920493e+00 0.000000000e+00 4.103694131e-01 0.000000000e+00 8.928826922e-01 0.000000000e+00 -1.432459482e-02 0.000000000e+00 -3.506342133e-01 0.000000000e+00 2.864918963e-01 0.000000000e+00 1.223944298e-02 0.000000000e+00
35.00 1.299038106e+00 0.000000000e+00 -1.000000000e+00 0.000000000e+00 -2.598076211e+00 0.000000000e+00 3.926990817e-01 0.000000000e+00 9.068996821e-01 0.000000000e+00 -1.370778389e-02 0.000000000e+00 -3.561386724e-01 0.000000000e+00 2.741556778e-01 0.000000000e+00 1.243158485e-02 0.000000000e+00
35.05 1.318225669e+00 0.000000000e+00 -9.543175205e-01 0.000000000e+00 -2.636451338e+00 0.000000000e+00 3.747596140e-01 0.000000000e+00 9.202951283e-01 0.000000000e+00 -1.308157833e-02 0.000000000e+00 -3.613990518e-01 0.000000000e+00 2.616315667e-01 0.000000000e+00 1.261520673e-02 0.000000000e+00
35.10 1.336509786e+00 0.000000000e+00 -9.079809995e-01 0.000000000e+00 -2.673019573e+00 0.000000000e+00 3.565633047e-01 0.000000000e+00 9.330598502e-01 0.000000000e+00 -1.244640732e-02 0.000000000e+00 -3.664117464e-01 0.000000000e+00 2.489281463e-01 0.000000000e+00 1.279018278e-02 0.000000000e+00
35.15 1.353877927e+00 0.000000000e+00 -8.610221936e-01 0.000000000e+00 -2.707755853e+00 0.000000000e+00 3.381226248e-01 0.000000000e+00 9.451850995e-01 0.000000000e+00 -1.180270615e-02 0.000000000e+00 -3.711733206e-01 0.000000000e+00 2.360541231e-01 0.000000000e+00 1.295639308e-02 0.000000000e+00
35.20 1.370318186e+00 0.000000000e+00 -8.134732862e-01 0.000000000e+00 -2.740636373e+00 0.000000000e+00 3.194502125e-01 0.000000000e+00 9.566625662e-01 0.000000000e+00 -1.115091601e-02 0.000000000e+00 -3.756805112e-01 0.000000000e+00 2.230183201e-01 0.000000000e+00 1.311372371e-02 0.000000000e+00
35.25 1.385819299e+00 0.000000000e+00 -7.653668647e-01 0.000000000e+00 -2.771638598e+00 0.000000000e+00 3.005588649e-01 0.000000000e+00 9.674843840e-01 0.000000000e+00 -1.049148358e-02 0.000000000e+00 -3.799302292e-01 0.000000000e+00 2.098296716e-01 0.000000000e+00 1.326206685e-02 0.000000000e+00
35.30 1.400370640e+00 0.000000000e+00 -7.167358991e-01 0.000000000e+00 -2.800741279e+00 0.000000000e+00 2.814615294e-01 0.000000000e+00 9.776431365e-01 0.000000000e+00 -9.824860811e-03 0.000000000e+00 -3.839195619e-01 0.000000000e+00 1.964972162e-01 0.000000000e+00 1.340132084e-02 0.000000000e+00
35.35 1.413962237e+00 0.000000000e+00 -6.676137185e-01 0.000000000e+00 -2.827924473e+00 0.000000000e+00 2.621712942e-01 0.000000000e+00 9.871318611e-01 0.000000000e+00 -9.151504575e-03 0.000000000e+00 -3.876457754e-01 0.000000000e+00 1.830300915e-01 0.000000000e+00 1.353139022e-02 0.000000000e+00
35.40 1.426584774e+00 0.000000000e+00 -6.180339887e-01 0.000000000e+00 -2.853169549e+00 0.000000000e+00 2.427013798e-01 0.000000000e+00 9.959440549e-01 0.000000000e+00 -8.471876355e-03 0.000000000e+00 -3.911063158e-01 0.000000000e+00 1.694375271e-01 0.000000000e+00 1.365218587e-02 0.000000000e+00
35.45 1.438229602e+00 0.000000000e+00 -5.680306894e-01 0.000000000e+00 -2.876459205e+00 0.000000000e+00 2.230651301e-01 0.000000000e+00 1.004073678e+00 0.000000000e+00 -7.786441934e-03 0.000000000e+00 -3.942988115e-01 0.000000000e+00 1.557288387e-01 0.000000000e+00 1.376362499e-02 0.000000000e+00
35.50 1.448888739e+00 0.000000000e+00 -5.176380902e-01 0.000000000e+00 -2.897777479e+00 0.000000000e+00 2.032760027e-01 0.000000000e+00 1.011515160e+00 0.000000000e+00 -7.095671074e-03 0.000000000e+00 -3.972210744e-01 0.000000000e+00 1.419134215e-01 0.000000000e+00 1.386563121e-02 0.000000000e+00
35.55 1.458554881e+00 0.000000000e+00 -4.668907277e-01 0.000000000e+00 -2.917109761e+00 0.000000000e+00 1.833475600e-01 0.000000000e+00 1.018263399e+00 0.000000000e+00 -6.400037196e-03 0.000000000e+00 -3.998711019e-01 0.000000000e+00 1.280007439e-01 0.000000000e+00 1.395813462e-02 0.000000000e+00
35.60 1.467221401e+00 0.000000000e+00 -4.158233816e-01 0.000000000e+00 -2.934442802e+00 0.000000000e+00 1.632934601e-01 0.000000000e+00 1.024313772e+00 0.000000000e+00 -5.700017052e-03 0.000000000e+00 -4.022470777e-01 0.000000000e+00 1.140003410e-01 0.000000000e+00 1.404107183e-02 0.000000000e+00
35.65 1.474882361e+00 0.000000000e+00 -3.644710510e-01 0.000000000e+00 -2.949764723e+00 0.000000000e+00 1.431274470e-01 0.000000000e+00 1.029662131e+00 0.000000000e+00 -4.996090401e-03 0.000000000e+00 -4.043473735e-01 0.000000000e+00 9.992180802e-02 0.000000000e+00 1.411438598e-02 0.000000000e+00
35.70 1.481532511e+00 0.000000000e+00 -3.128689301e-01 0.000000000e+00 -2.963065022e+00 0.000000000e+00 1.228633415e-01 0.000000000e+00 1.034304812e+00 0.000000000e+00 -4.288739680e-03 0.000000000e+00 -4.061705497e-01 0.000000000e+00 8.577479359e-02 0.000000000e+00 1.417802683e-02 0.000000000e+00
35.75 1.487167292e+00 0.000000000e+00 -2.610523844e-01 0.000000000e+00 -2.974334584e+00 0.000000000e+00 1.025150316e-01 0.000000000e+00 1.038238631e+00 0.000000000e+00 -3.578449670e-03 0.000000000e+00 -4.077153570e-01 0.000000000e+00 7.156899340e-02 0.000000000e+00 1.423195078e-02 0.000000000e+00
35.80 1.491782843e+00 0.000000000e+00 -2.090569265e-01 0.000000000e+00 -2.983565686e+00 0.000000000e+00 8.209646307e-02 0.000000000e+00 1.041460893e+00 0.000000000e+00 -2.865707170e-03 0.000000000e+00 -4.089807365e-01 0.000000000e+00 5.731414339e-02 0.000000000e+00 1.427612086e-02 0.000000000e+00
35.85 1.495376001e+00 0.000000000e+00 -1.569181915e-01 0.000000000e+00 -2.990752001e+00 0.000000000e+00 6.162162969e-02 0.000000000e+00 1.043969391e+00 0.000000000e+00 -2.151000657e-03 0.000000000e+00 -4.099658210e-01 0.000000000e+00 4.302001314e-02 0.000000000e+00 1.431050679e-02 0.000000000e+00
35.90 1.497944302e+00 0.000000000e+00 -1.046719125e-01 0.000000000e+00 -2.995888604e+00 0.000000000e+00 4.110456391e-02 0.000000000e+00 1.045762403e+00 0.000000000e+00 -1.434819956e-03 0.000000000e+00 -4.106699355e-01 0.000000000e+00 2.869639912e-02 0.000000000e+00 1.433508503e-02 0.000000000e+00
35.95 1.499485987e+00 0.000000000e+00 -5.235389662e-02 0.000000000e+00 -2.998971975e+00 0.000000000e+00 2.055932712e-02 0.000000000e+00 1.046838703e+00 0.000000000e+00 -7.176559006e-04 0.000000000e+00 -4.110925973e-01 0.000000000e+00 1.435311801e-02 0.000000000e+00 1.434983871e-02 0.000000000e+00
36.00 1.500000000e+00 0.000000000e+00 -1.469576159e-15 0.000000000e+00 -3.000000000e+00 0.000000000e+00 -7.699544237e-16 0.000000000e+00 1.047197551e+00 0.000000000e+00 -6.716574436e-17 0.000000000e+00 -4.112335167e-01 0.000000000e+00 4.028926480e-16 0.000000000e+00 1.435475772e-02 0.000000000e+00
