# File: examples/data/lozon/gomex80_heave_3m_12s_dt005.txt
# Lozon 80 m cable demonstration motion with a C2 smooth start.
# The 3 m, 12 s harmonic heave reaches full amplitude after a 12 s quintic ramp.
# Columns: time(s) point_id x(m) y(m) z(m) vx(m/s) vy(m/s) vz(m/s) ax(m/s2) ay(m/s2) az(m/s2)
0.00  1  5.0000000000e+00  0.0000000000e+00  -1.4000000000e+01  0.0000000000e+00  0.0000000000e+00  0.0000000000e+00  0.0000000000e+00  0.0000000000e+00  0.0000000000e+00
0.05  1  5.0000000000e+00  0.0000000000e+00  -1.3999999944e+01  0.0000000000e+00  0.0000000000e+00  4.5089173713e-06  0.0000000000e+00  0.0000000000e+00  2.6979689755e-04
0.10  1  5.0000000000e+00  0.0000000000e+00  -1.3999999103e+01  0.0000000000e+00  0.0000000000e+00  3.5770602704e-05  0.0000000000e+00  0.0000000000e+00  1.0669947197e-03
0.15  1  5.0000000000e+00  0.0000000000e+00  -1.3999995489e+01  0.0000000000e+00  0.0000000000e+00  1.1967445135e-04  0.0000000000e+00  0.0000000000e+00  2.3721052523e-03
0.20  1  5.0000000000e+00  0.0000000000e+00  -1.3999985843e+01  0.0000000000e+00  0.0000000000e+00  2.8109683703e-04  0.0000000000e+00  0.0000000000e+00  4.1641102327e-03
0.25  1  5.0000000000e+00  0.0000000000e+00  -1.3999965690e+01  0.0000000000e+00  0.0000000000e+00  5.4382678457e-04  0.0000000000e+00  0.0000000000e+00  6.4205486875e-03
0.30  1  5.0000000000e+00  0.0000000000e+00  -1.3999929394e+01  0.0000000000e+00  0.0000000000e+00  9.3049605751e-04  0.0000000000e+00  0.0000000000e+00  9.1176061544e-03
0.35  1  5.0000000000e+00  0.0000000000e+00  -1.3999870217e+01  0.0000000000e+00  0.0000000000e+00  1.4625137496e-03  0.0000000000e+00  0.0000000000e+00  1.2230205582e-02
0.40  1  5.0000000000e+00  0.0000000000e+00  -1.3999780384e+01  0.0000000000e+00  0.0000000000e+00  2.1600054587e-03  0.0000000000e+00  0.0000000000e+00  1.5732099701e-02
0.45  1  5.0000000000e+00  0.0000000000e+00  -1.3999651145e+01  0.0000000000e+00  0.0000000000e+00  3.0417571125e-03  0.0000000000e+00  0.0000000000e+00  1.9595964660e-02
0.50  1  5.0000000000e+00  0.0000000000e+00  -1.3999472846e+01  0.0000000000e+00  0.0000000000e+00  4.1251635022e-03  0.0000000000e+00  0.0000000000e+00  2.3793494720e-02
0.55  1  5.0000000000e+00  0.0000000000e+00  -1.3999235001e+01  0.0000000000e+00  0.0000000000e+00  5.4261815740e-03  0.0000000000e+00  0.0000000000e+00  2.8295497804e-02
0.60  1  5.0000000000e+00  0.0000000000e+00  -1.3998926359e+01  0.0000000000e+00  0.0000000000e+00  6.9592885146e-03  0.0000000000e+00  0.0000000000e+00  3.3071991687e-02
0.65  1  5.0000000000e+00  0.0000000000e+00  -1.3998534987e+01  0.0000000000e+00  0.0000000000e+00  8.7374446586e-03  0.0000000000e+00  0.0000000000e+00  3.8092300636e-02
0.70  1  5.0000000000e+00  0.0000000000e+00  -1.3998048339e+01  0.0000000000e+00  0.0000000000e+00  1.0772061234e-02  0.0000000000e+00  0.0000000000e+00  4.3325152291e-02
0.75  1  5.0000000000e+00  0.0000000000e+00  -1.3997453341e+01  0.0000000000e+00  0.0000000000e+00  1.3072972956e-02  0.0000000000e+00  0.0000000000e+00  4.8738774586e-02
0.80  1  5.0000000000e+00  0.0000000000e+00  -1.3996736466e+01  0.0000000000e+00  0.0000000000e+00  1.5648415457e-02  0.0000000000e+00  0.0000000000e+00  5.4300992512e-02
0.85  1  5.0000000000e+00  0.0000000000e+00  -1.3995883813e+01  0.0000000000e+00  0.0000000000e+00  1.8505007559e-02  0.0000000000e+00  0.0000000000e+00  5.9979324533e-02
0.90  1  5.0000000000e+00  0.0000000000e+00  -1.3994881195e+01  0.0000000000e+00  0.0000000000e+00  2.1647738339e-02  0.0000000000e+00  0.0000000000e+00  6.5741078453e-02
0.95  1  5.0000000000e+00  0.0000000000e+00  -1.3993714214e+01  0.0000000000e+00  0.0000000000e+00  2.5079958985e-02  0.0000000000e+00  0.0000000000e+00  7.1553446553e-02
1.00  1  5.0000000000e+00  0.0000000000e+00  -1.3992368345e+01  0.0000000000e+00  0.0000000000e+00  2.8803379374e-02  0.0000000000e+00  0.0000000000e+00  7.7383599803e-02
1.05  1  5.0000000000e+00  0.0000000000e+00  -1.3990829020e+01  0.0000000000e+00  0.0000000000e+00  3.2818069340e-02  0.0000000000e+00  0.0000000000e+00  8.3198780980e-02
1.10  1  5.0000000000e+00  0.0000000000e+00  -1.3989081709e+01  0.0000000000e+00  0.0000000000e+00  3.7122464570e-02  0.0000000000e+00  0.0000000000e+00  8.8966396503e-02
1.15  1  5.0000000000e+00  0.0000000000e+00  -1.3987111998e+01  0.0000000000e+00  0.0000000000e+00  4.1713377046e-02  0.0000000000e+00  0.0000000000e+00  9.4654106809e-02
1.20  1  5.0000000000e+00  0.0000000000e+00  -1.3984905675e+01  0.0000000000e+00  0.0000000000e+00  4.6586009978e-02  0.0000000000e+00  0.0000000000e+00  1.0022991511e-01
1.25  1  5.0000000000e+00  0.0000000000e+00  -1.3982448807e+01  0.0000000000e+00  0.0000000000e+00  5.1733977121e-02  0.0000000000e+00  0.0000000000e+00  1.0566225438e-01
1.30  1  5.0000000000e+00  0.0000000000e+00  -1.3979727820e+01  0.0000000000e+00  0.0000000000e+00  5.7149326396e-02  0.0000000000e+00  0.0000000000e+00  1.1092007235e-01
1.35  1  5.0000000000e+00  0.0000000000e+00  -1.3976729575e+01  0.0000000000e+00  0.0000000000e+00  6.2822567715e-02  0.0000000000e+00  0.0000000000e+00  1.1597291446e-01
1.40  1  5.0000000000e+00  0.0000000000e+00  -1.3973441447e+01  0.0000000000e+00  0.0000000000e+00  6.8742704887e-02  0.0000000000e+00  0.0000000000e+00  1.2079100451e-01
1.45  1  5.0000000000e+00  0.0000000000e+00  -1.3969851397e+01  0.0000000000e+00  0.0000000000e+00  7.4897271509e-02  0.0000000000e+00  0.0000000000e+00  1.2534532294e-01
1.50  1  5.0000000000e+00  0.0000000000e+00  -1.3965948044e+01  0.0000000000e+00  0.0000000000e+00  8.1272370699e-02  0.0000000000e+00  0.0000000000e+00  1.2960768261e-01
1.55  1  5.0000000000e+00  0.0000000000e+00  -1.3961720738e+01  0.0000000000e+00  0.0000000000e+00  8.7852718554e-02  0.0000000000e+00  0.0000000000e+00  1.3355080185e-01
1.60  1  5.0000000000e+00  0.0000000000e+00  -1.3957159627e+01  0.0000000000e+00  0.0000000000e+00  9.4621691199e-02  0.0000000000e+00  0.0000000000e+00  1.3714837479e-01
1.65  1  5.0000000000e+00  0.0000000000e+00  -1.3952255723e+01  0.0000000000e+00  0.0000000000e+00  1.0156137527e-01  0.0000000000e+00  0.0000000000e+00  1.4037513874e-01
1.70  1  5.0000000000e+00  0.0000000000e+00  -1.3947000963e+01  0.0000000000e+00  0.0000000000e+00  1.0865262169e-01  0.0000000000e+00  0.0000000000e+00  1.4320693859e-01
1.75  1  5.0000000000e+00  0.0000000000e+00  -1.3941388273e+01  0.0000000000e+00  0.0000000000e+00  1.1587510261e-01  0.0000000000e+00  0.0000000000e+00  1.4562078807e-01
1.80  1  5.0000000000e+00  0.0000000000e+00  -1.3935411623e+01  0.0000000000e+00  0.0000000000e+00  1.2320737129e-01  0.0000000000e+00  0.0000000000e+00  1.4759492776e-01
1.85  1  5.0000000000e+00  0.0000000000e+00  -1.3929066081e+01  0.0000000000e+00  0.0000000000e+00  1.3062692485e-01  0.0000000000e+00  0.0000000000e+00  1.4910887987e-01
1.90  1  5.0000000000e+00  0.0000000000e+00  -1.3922347866e+01  0.0000000000e+00  0.0000000000e+00  1.3811026963e-01  0.0000000000e+00  0.0000000000e+00  1.5014349954e-01
1.95  1  5.0000000000e+00  0.0000000000e+00  -1.3915254397e+01  0.0000000000e+00  0.0000000000e+00  1.4563298907e-01  0.0000000000e+00  0.0000000000e+00  1.5068102272e-01
2.00  1  5.0000000000e+00  0.0000000000e+00  -1.3907784332e+01  0.0000000000e+00  0.0000000000e+00  1.5316981383e-01  0.0000000000e+00  0.0000000000e+00  1.5070511044e-01
2.05  1  5.0000000000e+00  0.0000000000e+00  -1.3899937614e+01  0.0000000000e+00  0.0000000000e+00  1.6069469413e-01  0.0000000000e+00  0.0000000000e+00  1.5020088962e-01
2.10  1  5.0000000000e+00  0.0000000000e+00  -1.3891715507e+01  0.0000000000e+00  0.0000000000e+00  1.6818087396e-01  0.0000000000e+00  0.0000000000e+00  1.4915499002e-01
2.15  1  5.0000000000e+00  0.0000000000e+00  -1.3883120628e+01  0.0000000000e+00  0.0000000000e+00  1.7560096705e-01  0.0000000000e+00  0.0000000000e+00  1.4755557764e-01
2.20  1  5.0000000000e+00  0.0000000000e+00  -1.3874156977e+01  0.0000000000e+00  0.0000000000e+00  1.8292703449e-01  0.0000000000e+00  0.0000000000e+00  1.4539238430e-01
2.25  1  5.0000000000e+00  0.0000000000e+00  -1.3864829965e+01  0.0000000000e+00  0.0000000000e+00  1.9013066363e-01  0.0000000000e+00  0.0000000000e+00  1.4265673343e-01
2.30  1  5.0000000000e+00  0.0000000000e+00  -1.3855146432e+01  0.0000000000e+00  0.0000000000e+00  1.9718304825e-01  0.0000000000e+00  0.0000000000e+00  1.3934156209e-01
2.35  1  5.0000000000e+00  0.0000000000e+00  -1.3845114666e+01  0.0000000000e+00  0.0000000000e+00  2.0405506973e-01  0.0000000000e+00  0.0000000000e+00  1.3544143915e-01
2.40  1  5.0000000000e+00  0.0000000000e+00  -1.3834744420e+01  0.0000000000e+00  0.0000000000e+00  2.1071737897e-01  0.0000000000e+00  0.0000000000e+00  1.3095257957e-01
2.45  1  5.0000000000e+00  0.0000000000e+00  -1.3824046915e+01  0.0000000000e+00  0.0000000000e+00  2.1714047901e-01  0.0000000000e+00  0.0000000000e+00  1.2587285497e-01
2.50  1  5.0000000000e+00  0.0000000000e+00  -1.3813034851e+01  0.0000000000e+00  0.0000000000e+00  2.2329480804e-01  0.0000000000e+00  0.0000000000e+00  1.2020180019e-01
2.55  1  5.0000000000e+00  0.0000000000e+00  -1.3801722406e+01  0.0000000000e+00  0.0000000000e+00  2.2915082262e-01  0.0000000000e+00  0.0000000000e+00  1.1394061620e-01
2.60  1  5.0000000000e+00  0.0000000000e+00  -1.3790125232e+01  0.0000000000e+00  0.0000000000e+00  2.3467908102e-01  0.0000000000e+00  0.0000000000e+00  1.0709216903e-01
2.65  1  5.0000000000e+00  0.0000000000e+00  -1.3778260448e+01  0.0000000000e+00  0.0000000000e+00  2.3985032632e-01  0.0000000000e+00  0.0000000000e+00  9.9660985059e-02
2.70  1  5.0000000000e+00  0.0000000000e+00  -1.3766146633e+01  0.0000000000e+00  0.0000000000e+00  2.4463556930e-01  0.0000000000e+00  0.0000000000e+00  9.1653242453e-02
2.75  1  5.0000000000e+00  0.0000000000e+00  -1.3753803802e+01  0.0000000000e+00  0.0000000000e+00  2.4900617065e-01  0.0000000000e+00  0.0000000000e+00  8.3076758940e-02
2.80  1  5.0000000000e+00  0.0000000000e+00  -1.3741253397e+01  0.0000000000e+00  0.0000000000e+00  2.5293392264e-01  0.0000000000e+00  0.0000000000e+00  7.3940975891e-02
2.85  1  5.0000000000e+00  0.0000000000e+00  -1.3728518253e+01  0.0000000000e+00  0.0000000000e+00  2.5639112980e-01  0.0000000000e+00  0.0000000000e+00  6.4256938802e-02
2.90  1  5.0000000000e+00  0.0000000000e+00  -1.3715622578e+01  0.0000000000e+00  0.0000000000e+00  2.5935068853e-01  0.0000000000e+00  0.0000000000e+00  5.4037274207e-02
2.95  1  5.0000000000e+00  0.0000000000e+00  -1.3702591919e+01  0.0000000000e+00  0.0000000000e+00  2.6178616559e-01  0.0000000000e+00  0.0000000000e+00  4.3296163111e-02
3.00  1  5.0000000000e+00  0.0000000000e+00  -1.3689453125e+01  0.0000000000e+00  0.0000000000e+00  2.6367187500e-01  0.0000000000e+00  0.0000000000e+00  3.2049310993e-02
3.05  1  5.0000000000e+00  0.0000000000e+00  -1.3676234309e+01  0.0000000000e+00  0.0000000000e+00  2.6498295348e-01  0.0000000000e+00  0.0000000000e+00  2.0313914473e-02
3.10  1  5.0000000000e+00  0.0000000000e+00  -1.3662964807e+01  0.0000000000e+00  0.0000000000e+00  2.6569543411e-01  0.0000000000e+00  0.0000000000e+00  8.1086247228e-03
3.15  1  5.0000000000e+00  0.0000000000e+00  -1.3649675126e+01  0.0000000000e+00  0.0000000000e+00  2.6578631807e-01  0.0000000000e+00  0.0000000000e+00  -4.5464922986e-03
3.20  1  5.0000000000e+00  0.0000000000e+00  -1.3636396902e+01  0.0000000000e+00  0.0000000000e+00  2.6523364432e-01  0.0000000000e+00  0.0000000000e+00  -1.7629998675e-02
3.25  1  5.0000000000e+00  0.0000000000e+00  -1.3623162836e+01  0.0000000000e+00  0.0000000000e+00  2.6401655707e-01  0.0000000000e+00  0.0000000000e+00  -3.1119130341e-02
3.30  1  5.0000000000e+00  0.0000000000e+00  -1.3610006648e+01  0.0000000000e+00  0.0000000000e+00  2.6211537087e-01  0.0000000000e+00  0.0000000000e+00  -4.4989845759e-02
3.35  1  5.0000000000e+00  0.0000000000e+00  -1.3596963009e+01  0.0000000000e+00  0.0000000000e+00  2.5951163324e-01  0.0000000000e+00  0.0000000000e+00  -5.9216877346e-02
3.40  1  5.0000000000e+00  0.0000000000e+00  -1.3584067481e+01  0.0000000000e+00  0.0000000000e+00  2.5618818458e-01  0.0000000000e+00  0.0000000000e+00  -7.3773785555e-02
3.45  1  5.0000000000e+00  0.0000000000e+00  -1.3571356450e+01  0.0000000000e+00  0.0000000000e+00  2.5212921540e-01  0.0000000000e+00  0.0000000000e+00  -8.8633015462e-02
3.50  1  5.0000000000e+00  0.0000000000e+00  -1.3558867059e+01  0.0000000000e+00  0.0000000000e+00  2.4732032064e-01  0.0000000000e+00  0.0000000000e+00  -1.0376595577e-01
3.55  1  5.0000000000e+00  0.0000000000e+00  -1.3546637133e+01  0.0000000000e+00  0.0000000000e+00  2.4174855091e-01  0.0000000000e+00  0.0000000000e+00  -1.1914300007e-01
3.60  1  5.0000000000e+00  0.0000000000e+00  -1.3534705110e+01  0.0000000000e+00  0.0000000000e+00  2.3540246072e-01  0.0000000000e+00  0.0000000000e+00  -1.3473361026e-01
3.65  1  5.0000000000e+00  0.0000000000e+00  -1.3523109959e+01  0.0000000000e+00  0.0000000000e+00  2.2827215341e-01  0.0000000000e+00  0.0000000000e+00  -1.5050638191e-01
3.70  1  5.0000000000e+00  0.0000000000e+00  -1.3511891104e+01  0.0000000000e+00  0.0000000000e+00  2.2034932282e-01  0.0000000000e+00  0.0000000000e+00  -1.6642911160e-01
3.75  1  5.0000000000e+00  0.0000000000e+00  -1.3501088347e+01  0.0000000000e+00  0.0000000000e+00  2.1162729148e-01  0.0000000000e+00  0.0000000000e+00  -1.8246886588e-01
3.80  1  5.0000000000e+00  0.0000000000e+00  -1.3490741780e+01  0.0000000000e+00  0.0000000000e+00  2.0210104538e-01  0.0000000000e+00  0.0000000000e+00  -1.9859205186e-01
3.85  1  5.0000000000e+00  0.0000000000e+00  -1.3480891702e+01  0.0000000000e+00  0.0000000000e+00  1.9176726515e-01  0.0000000000e+00  0.0000000000e+00  -2.1476448922e-01
3.90  1  5.0000000000e+00  0.0000000000e+00  -1.3471578540e+01  0.0000000000e+00  0.0000000000e+00  1.8062435359e-01  0.0000000000e+00  0.0000000000e+00  -2.3095148350e-01
3.95  1  5.0000000000e+00  0.0000000000e+00  -1.3462842751e+01  0.0000000000e+00  0.0000000000e+00  1.6867245955e-01  0.0000000000e+00  0.0000000000e+00  -2.4711790056e-01
4.00  1  5.0000000000e+00  0.0000000000e+00  -1.3454724746e+01  0.0000000000e+00  0.0000000000e+00  1.5591349797e-01  0.0000000000e+00  0.0000000000e+00  -2.6322824197e-01
4.05  1  5.0000000000e+00  0.0000000000e+00  -1.3447264792e+01  0.0000000000e+00  0.0000000000e+00  1.4235116627e-01  0.0000000000e+00  0.0000000000e+00  -2.7924672127e-01
4.10  1  5.0000000000e+00  0.0000000000e+00  -1.3440502928e+01  0.0000000000e+00  0.0000000000e+00  1.2799095677e-01  0.0000000000e+00  0.0000000000e+00  -2.9513734087e-01
4.15  1  5.0000000000e+00  0.0000000000e+00  -1.3434478874e+01  0.0000000000e+00  0.0000000000e+00  1.1284016533e-01  0.0000000000e+00  0.0000000000e+00  -3.1086396949e-01
4.20  1  5.0000000000e+00  0.0000000000e+00  -1.3429231937e+01  0.0000000000e+00  0.0000000000e+00  9.6907896132e-02  0.0000000000e+00  0.0000000000e+00  -3.2639041995e-01
4.25  1  5.0000000000e+00  0.0000000000e+00  -1.3424800928e+01  0.0000000000e+00  0.0000000000e+00  8.0205062448e-02  0.0000000000e+00  0.0000000000e+00  -3.4168052721e-01
4.30  1  5.0000000000e+00  0.0000000000e+00  -1.3421224063e+01  0.0000000000e+00  0.0000000000e+00  6.2744383645e-02  0.0000000000e+00  0.0000000000e+00  -3.5669822637e-01
4.35  1  5.0000000000e+00  0.0000000000e+00  -1.3418538879e+01  0.0000000000e+00  0.0000000000e+00  4.4540378202e-02  0.0000000000e+00  0.0000000000e+00  -3.7140763062e-01
4.40  1  5.0000000000e+00  0.0000000000e+00  -1.3416782143e+01  0.0000000000e+00  0.0000000000e+00  2.5609352867e-02  0.0000000000e+00  0.0000000000e+00  -3.8577310895e-01
4.45  1  5.0000000000e+00  0.0000000000e+00  -1.3415989760e+01  0.0000000000e+00  0.0000000000e+00  5.9693879320e-03  0.0000000000e+00  0.0000000000e+00  -3.9975936342e-01
4.50  1  5.0000000000e+00  0.0000000000e+00  -1.3416196690e+01  0.0000000000e+00  0.0000000000e+00  -1.4359681337e-02  0.0000000000e+00  0.0000000000e+00  -4.1333150580e-01
4.55  1  5.0000000000e+00  0.0000000000e+00  -1.3417436855e+01  0.0000000000e+00  0.0000000000e+00  -3.5356287093e-02  0.0000000000e+00  0.0000000000e+00  -4.2645513359e-01
4.60  1  5.0000000000e+00  0.0000000000e+00  -1.3419743057e+01  0.0000000000e+00  0.0000000000e+00  -5.6997155072e-02  0.0000000000e+00  0.0000000000e+00  -4.3909640509e-01
4.65  1  5.0000000000e+00  0.0000000000e+00  -1.3423146893e+01  0.0000000000e+00  0.0000000000e+00  -7.9257334491e-02  0.0000000000e+00  0.0000000000e+00  -4.5122211352e-01
4.70  1  5.0000000000e+00  0.0000000000e+00  -1.3427678670e+01  0.0000000000e+00  0.0000000000e+00  -1.0211023162e-01  0.0000000000e+00  0.0000000000e+00  -4.6279975985e-01
4.75  1  5.0000000000e+00  0.0000000000e+00  -1.3433367326e+01  0.0000000000e+00  0.0000000000e+00  -1.2552764698e-01  0.0000000000e+00  0.0000000000e+00  -4.7379762449e-01
4.80  1  5.0000000000e+00  0.0000000000e+00  -1.3440240349e+01  0.0000000000e+00  0.0000000000e+00  -1.4947981603e-01  0.0000000000e+00  0.0000000000e+00  -4.8418483737e-01
4.85  1  5.0000000000e+00  0.0000000000e+00  -1.3448323700e+01  0.0000000000e+00  0.0000000000e+00  -1.7393545344e-01  0.0000000000e+00  0.0000000000e+00  -4.9393144650e-01
4.90  1  5.0000000000e+00  0.0000000000e+00  -1.3457641740e+01  0.0000000000e+00  0.0000000000e+00  -1.9886180058e-01  0.0000000000e+00  0.0000000000e+00  -5.0300848484e-01
4.95  1  5.0000000000e+00  0.0000000000e+00  -1.3468217156e+01  0.0000000000e+00  0.0000000000e+00  -2.2422467650e-01  0.0000000000e+00  0.0000000000e+00  -5.1138803521e-01
5.00  1  5.0000000000e+00  0.0000000000e+00  -1.3480070891e+01  0.0000000000e+00  0.0000000000e+00  -2.4998853192e-01  0.0000000000e+00  0.0000000000e+00  -5.1904329335e-01
5.05  1  5.0000000000e+00  0.0000000000e+00  -1.3493222078e+01  0.0000000000e+00  0.0000000000e+00  -2.7611650644e-01  0.0000000000e+00  0.0000000000e+00  -5.2594862870e-01
5.10  1  5.0000000000e+00  0.0000000000e+00  -1.3507687976e+01  0.0000000000e+00  0.0000000000e+00  -3.0257048872e-01  0.0000000000e+00  0.0000000000e+00  -5.3207964313e-01
5.15  1  5.0000000000e+00  0.0000000000e+00  -1.3523483906e+01  0.0000000000e+00  0.0000000000e+00  -3.2931117950e-01  0.0000000000e+00  0.0000000000e+00  -5.3741322720e-01
5.20  1  5.0000000000e+00  0.0000000000e+00  -1.3540623199e+01  0.0000000000e+00  0.0000000000e+00  -3.5629815738e-01  0.0000000000e+00  0.0000000000e+00  -5.4192761401e-01
5.25  1  5.0000000000e+00  0.0000000000e+00  -1.3559117136e+01  0.0000000000e+00  0.0000000000e+00  -3.8348994726e-01  0.0000000000e+00  0.0000000000e+00  -5.4560243049e-01
5.30  1  5.0000000000e+00  0.0000000000e+00  -1.3578974900e+01  0.0000000000e+00  0.0000000000e+00  -4.1084409125e-01  0.0000000000e+00  0.0000000000e+00  -5.4841874600e-01
5.35  1  5.0000000000e+00  0.0000000000e+00  -1.3600203529e+01  0.0000000000e+00  0.0000000000e+00  -4.3831722195e-01  0.0000000000e+00  0.0000000000e+00  -5.5035911820e-01
5.40  1  5.0000000000e+00  0.0000000000e+00  -1.3622807869e+01  0.0000000000e+00  0.0000000000e+00  -4.6586513796e-01  0.0000000000e+00  0.0000000000e+00  -5.5140763605e-01
5.45  1  5.0000000000e+00  0.0000000000e+00  -1.3646790540e+01  0.0000000000e+00  0.0000000000e+00  -4.9344288143e-01  0.0000000000e+00  0.0000000000e+00  -5.5154995987e-01
5.50  1  5.0000000000e+00  0.0000000000e+00  -1.3672151894e+01  0.0000000000e+00  0.0000000000e+00  -5.2100481761e-01  0.0000000000e+00  0.0000000000e+00  -5.5077335837e-01
5.55  1  5.0000000000e+00  0.0000000000e+00  -1.3698889988e+01  0.0000000000e+00  0.0000000000e+00  -5.4850471610e-01  0.0000000000e+00  0.0000000000e+00  -5.4906674265e-01
5.60  1  5.0000000000e+00  0.0000000000e+00  -1.3727000553e+01  0.0000000000e+00  0.0000000000e+00  -5.7589583377e-01  0.0000000000e+00  0.0000000000e+00  -5.4642069692e-01
5.65  1  5.0000000000e+00  0.0000000000e+00  -1.3756476973e+01  0.0000000000e+00  0.0000000000e+00  -6.0313099908e-01  0.0000000000e+00  0.0000000000e+00  -5.4282750612e-01
5.70  1  5.0000000000e+00  0.0000000000e+00  -1.3787310262e+01  0.0000000000e+00  0.0000000000e+00  -6.3016269782e-01  0.0000000000e+00  0.0000000000e+00  -5.3828118015e-01
5.75  1  5.0000000000e+00  0.0000000000e+00  -1.3819489055e+01  0.0000000000e+00  0.0000000000e+00  -6.5694315980e-01  0.0000000000e+00  0.0000000000e+00  -5.3277747485e-01
5.80  1  5.0000000000e+00  0.0000000000e+00  -1.3852999592e+01  0.0000000000e+00  0.0000000000e+00  -6.8342444665e-01  0.0000000000e+00  0.0000000000e+00  -5.2631390955e-01
5.85  1  5.0000000000e+00  0.0000000000e+00  -1.3887825713e+01  0.0000000000e+00  0.0000000000e+00  -7.0955854037e-01  0.0000000000e+00  0.0000000000e+00  -5.1888978119e-01
5.90  1  5.0000000000e+00  0.0000000000e+00  -1.3923948859e+01  0.0000000000e+00  0.0000000000e+00  -7.3529743248e-01  0.0000000000e+00  0.0000000000e+00  -5.1050617507e-01
5.95  1  5.0000000000e+00  0.0000000000e+00  -1.3961348071e+01  0.0000000000e+00  0.0000000000e+00  -7.6059321360e-01  0.0000000000e+00  0.0000000000e+00  -5.0116597201e-01
6.00  1  5.0000000000e+00  0.0000000000e+00  -1.4000000000e+01  0.0000000000e+00  0.0000000000e+00  -7.8539816340e-01  0.0000000000e+00  0.0000000000e+00  -4.9087385212e-01
6.05  1  5.0000000000e+00  0.0000000000e+00  -1.4039878916e+01  0.0000000000e+00  0.0000000000e+00  -8.0966484053e-01  0.0000000000e+00  0.0000000000e+00  -4.7963629499e-01
6.10  1  5.0000000000e+00  0.0000000000e+00  -1.4080956728e+01  0.0000000000e+00  0.0000000000e+00  -8.3334617254e-01  0.0000000000e+00  0.0000000000e+00  -4.6746157640e-01
6.15  1  5.0000000000e+00  0.0000000000e+00  -1.4123203001e+01  0.0000000000e+00  0.0000000000e+00  -8.5639554557e-01  0.0000000000e+00  0.0000000000e+00  -4.5435976148e-01
6.20  1  5.0000000000e+00  0.0000000000e+00  -1.4166584982e+01  0.0000000000e+00  0.0000000000e+00  -8.7876689351e-01  0.0000000000e+00  0.0000000000e+00  -4.4034269445e-01
6.25  1  5.0000000000e+00  0.0000000000e+00  -1.4211067632e+01  0.0000000000e+00  0.0000000000e+00  -9.0041478667e-01  0.0000000000e+00  0.0000000000e+00  -4.2542398475e-01
6.30  1  5.0000000000e+00  0.0000000000e+00  -1.4256613657e+01  0.0000000000e+00  0.0000000000e+00  -9.2129451960e-01  0.0000000000e+00  0.0000000000e+00  -4.0961898976e-01
6.35  1  5.0000000000e+00  0.0000000000e+00  -1.4303183549e+01  0.0000000000e+00  0.0000000000e+00  -9.4136219802e-01  0.0000000000e+00  0.0000000000e+00  -3.9294479408e-01
6.40  1  5.0000000000e+00  0.0000000000e+00  -1.4350735626e+01  0.0000000000e+00  0.0000000000e+00  -9.6057482453e-01  0.0000000000e+00  0.0000000000e+00  -3.7542018536e-01
6.45  1  5.0000000000e+00  0.0000000000e+00  -1.4399226080e+01  0.0000000000e+00  0.0000000000e+00  -9.7889038314e-01  0.0000000000e+00  0.0000000000e+00  -3.5706562677e-01
6.50  1  5.0000000000e+00  0.0000000000e+00  -1.4448609030e+01  0.0000000000e+00  0.0000000000e+00  -9.9626792228e-01  0.0000000000e+00  0.0000000000e+00  -3.3790322616e-01
6.55  1  5.0000000000e+00  0.0000000000e+00  -1.4498836574e+01  0.0000000000e+00  0.0000000000e+00  -1.0126676362e+00  0.0000000000e+00  0.0000000000e+00  -3.1795670186e-01
6.60  1  5.0000000000e+00  0.0000000000e+00  -1.4549858853e+01  0.0000000000e+00  0.0000000000e+00  -1.0280509444e+00  0.0000000000e+00  0.0000000000e+00  -2.9725134541e-01
6.65  1  5.0000000000e+00  0.0000000000e+00  -1.4601624107e+01  0.0000000000e+00  0.0000000000e+00  -1.0423805697e+00  0.0000000000e+00  0.0000000000e+00  -2.7581398095e-01
6.70  1  5.0000000000e+00  0.0000000000e+00  -1.4654078749e+01  0.0000000000e+00  0.0000000000e+00  -1.0556206135e+00  0.0000000000e+00  0.0000000000e+00  -2.5367292166e-01
6.75  1  5.0000000000e+00  0.0000000000e+00  -1.4707167433e+01  0.0000000000e+00  0.0000000000e+00  -1.0677366288e+00  0.0000000000e+00  0.0000000000e+00  -2.3085792313e-01
6.80  1  5.0000000000e+00  0.0000000000e+00  -1.4760833129e+01  0.0000000000e+00  0.0000000000e+00  -1.0786956918e+00  0.0000000000e+00  0.0000000000e+00  -2.0740013379e-01
6.85  1  5.0000000000e+00  0.0000000000e+00  -1.4815017197e+01  0.0000000000e+00  0.0000000000e+00  -1.0884664698e+00  0.0000000000e+00  0.0000000000e+00  -1.8333204255e-01
6.90  1  5.0000000000e+00  0.0000000000e+00  -1.4869659475e+01  0.0000000000e+00  0.0000000000e+00  -1.0970192866e+00  0.0000000000e+00  0.0000000000e+00  -1.5868742360e-01
6.95  1  5.0000000000e+00  0.0000000000e+00  -1.4924698359e+01  0.0000000000e+00  0.0000000000e+00  -1.1043261861e+00  0.0000000000e+00  0.0000000000e+00  -1.3350127867e-01
7.00  1  5.0000000000e+00  0.0000000000e+00  -1.4980070891e+01  0.0000000000e+00  0.0000000000e+00  -1.1103609913e+00  0.0000000000e+00  0.0000000000e+00  -1.0780977663e-01
7.05  1  5.0000000000e+00  0.0000000000e+00  -1.5035712850e+01  0.0000000000e+00  0.0000000000e+00  -1.1150993617e+00  0.0000000000e+00  0.0000000000e+00  -8.1650190724e-02
7.10  1  5.0000000000e+00  0.0000000000e+00  -1.5091558845e+01  0.0000000000e+00  0.0000000000e+00  -1.1185188469e+00  0.0000000000e+00  0.0000000000e+00  -5.5060833420e-02
7.15  1  5.0000000000e+00  0.0000000000e+00  -1.5147542410e+01  0.0000000000e+00  0.0000000000e+00  -1.1205989365e+00  0.0000000000e+00  0.0000000000e+00  -2.8080989102e-02
7.20  1  5.0000000000e+00  0.0000000000e+00  -1.5203596105e+01  0.0000000000e+00  0.0000000000e+00  -1.1213211070e+00  0.0000000000e+00  0.0000000000e+00  -7.5084462219e-04
7.25  1  5.0000000000e+00  0.0000000000e+00  -1.5259651613e+01  0.0000000000e+00  0.0000000000e+00  -1.1206688658e+00  0.0000000000e+00  0.0000000000e+00  2.6888582088e-02
7.30  1  5.0000000000e+00  0.0000000000e+00  -1.5315639844e+01  0.0000000000e+00  0.0000000000e+00  -1.1186277900e+00  0.0000000000e+00  0.0000000000e+00  5.4795515248e-02
7.35  1  5.0000000000e+00  0.0000000000e+00  -1.5371491038e+01  0.0000000000e+00  0.0000000000e+00  -1.1151855631e+00  0.0000000000e+00  0.0000000000e+00  8.2927496157e-02
7.40  1  5.0000000000e+00  0.0000000000e+00  -1.5427134877e+01  0.0000000000e+00  0.0000000000e+00  -1.1103320071e+00  0.0000000000e+00  0.0000000000e+00  1.1124145969e-01
7.45  1  5.0000000000e+00  0.0000000000e+00  -1.5482500582e+01  0.0000000000e+00  0.0000000000e+00  -1.1040591104e+00  0.0000000000e+00  0.0000000000e+00  1.3969381223e-01
7.50  1  5.0000000000e+00  0.0000000000e+00  -1.5537517034e+01  0.0000000000e+00  0.0000000000e+00  -1.0963610532e+00  0.0000000000e+00  0.0000000000e+00  1.6824051084e-01
7.55  1  5.0000000000e+00  0.0000000000e+00  -1.5592112873e+01  0.0000000000e+00  0.0000000000e+00  -1.0872342270e+00  0.0000000000e+00  0.0000000000e+00  1.9683714363e-01
7.60  1  5.0000000000e+00  0.0000000000e+00  -1.5646216619e+01  0.0000000000e+00  0.0000000000e+00  -1.0766772515e+00  0.0000000000e+00  0.0000000000e+00  2.2543901106e-01
7.65  1  5.0000000000e+00  0.0000000000e+00  -1.5699756776e+01  0.0000000000e+00  0.0000000000e+00  -1.0646909870e+00  0.0000000000e+00  0.0000000000e+00  2.5400120811e-01
7.70  1  5.0000000000e+00  0.0000000000e+00  -1.5752661947e+01  0.0000000000e+00  0.0000000000e+00  -1.0512785423e+00  0.0000000000e+00  0.0000000000e+00  2.8247870709e-01
7.75  1  5.0000000000e+00  0.0000000000e+00  -1.5804860949e+01  0.0000000000e+00  0.0000000000e+00  -1.0364452790e+00  0.0000000000e+00  0.0000000000e+00  3.1082644103e-01
7.80  1  5.0000000000e+00  0.0000000000e+00  -1.5856282920e+01  0.0000000000e+00  0.0000000000e+00  -1.0201988114e+00  0.0000000000e+00  0.0000000000e+00  3.3899938740e-01
7.85  1  5.0000000000e+00  0.0000000000e+00  -1.5906857439e+01  0.0000000000e+00  0.0000000000e+00  -1.0025490018e+00  0.0000000000e+00  0.0000000000e+00  3.6695265204e-01
7.90  1  5.0000000000e+00  0.0000000000e+00  -1.5956514632e+01  0.0000000000e+00  0.0000000000e+00  -9.8350795240e-01  0.0000000000e+00  0.0000000000e+00  3.9464155317e-01
7.95  1  5.0000000000e+00  0.0000000000e+00  -1.6005185285e+01  0.0000000000e+00  0.0000000000e+00  -9.6308999248e-01  0.0000000000e+00  0.0000000000e+00  4.2202170528e-01
8.00  1  5.0000000000e+00  0.0000000000e+00  -1.6052800957e+01  0.0000000000e+00  0.0000000000e+00  -9.4131166137e-01  0.0000000000e+00  0.0000000000e+00  4.4904910275e-01
8.05  1  5.0000000000e+00  0.0000000000e+00  -1.6099294089e+01  0.0000000000e+00  0.0000000000e+00  -9.1819168746e-01  0.0000000000e+00  0.0000000000e+00  4.7568020302e-01
8.10  1  5.0000000000e+00  0.0000000000e+00  -1.6144598112e+01  0.0000000000e+00  0.0000000000e+00  -8.9375096298e-01  0.0000000000e+00  0.0000000000e+00  5.0187200921e-01
8.15  1  5.0000000000e+00  0.0000000000e+00  -1.6188647556e+01  0.0000000000e+00  0.0000000000e+00  -8.6801251466e-01  0.0000000000e+00  0.0000000000e+00  5.2758215202e-01
8.20  1  5.0000000000e+00  0.0000000000e+00  -1.6231378153e+01  0.0000000000e+00  0.0000000000e+00  -8.4100147029e-01  0.0000000000e+00  0.0000000000e+00  5.5276897058e-01
8.25  1  5.0000000000e+00  0.0000000000e+00  -1.6272726945e+01  0.0000000000e+00  0.0000000000e+00  -8.1274502136e-01  0.0000000000e+00  0.0000000000e+00  5.7739159246e-01
8.30  1  5.0000000000e+00  0.0000000000e+00  -1.6312632384e+01  0.0000000000e+00  0.0000000000e+00  -7.8327238161e-01  0.0000000000e+00  0.0000000000e+00  6.0141001224e-01
8.35  1  5.0000000000e+00  0.0000000000e+00  -1.6351034432e+01  0.0000000000e+00  0.0000000000e+00  -7.5261474175e-01  0.0000000000e+00  0.0000000000e+00  6.2478516885e-01
8.40  1  5.0000000000e+00  0.0000000000e+00  -1.6387874659e+01  0.0000000000e+00  0.0000000000e+00  -7.2080522040e-01  0.0000000000e+00  0.0000000000e+00  6.4747902132e-01
8.45  1  5.0000000000e+00  0.0000000000e+00  -1.6423096338e+01  0.0000000000e+00  0.0000000000e+00  -6.8787881112e-01  0.0000000000e+00  0.0000000000e+00  6.6945462285e-01
8.50  1  5.0000000000e+00  0.0000000000e+00  -1.6456644538e+01  0.0000000000e+00  0.0000000000e+00  -6.5387232599e-01  0.0000000000e+00  0.0000000000e+00  6.9067619308e-01
8.55  1  5.0000000000e+00  0.0000000000e+00  -1.6488466211e+01  0.0000000000e+00  0.0000000000e+00  -6.1882433545e-01  0.0000000000e+00  0.0000000000e+00  7.1110918836e-01
8.60  1  5.0000000000e+00  0.0000000000e+00  -1.6518510283e+01  0.0000000000e+00  0.0000000000e+00  -5.8277510481e-01  0.0000000000e+00  0.0000000000e+00  7.3072036987e-01
8.65  1  5.0000000000e+00  0.0000000000e+00  -1.6546727732e+01  0.0000000000e+00  0.0000000000e+00  -5.4576652729e-01  0.0000000000e+00  0.0000000000e+00  7.4947786958e-01
8.70  1  5.0000000000e+00  0.0000000000e+00  -1.6573071670e+01  0.0000000000e+00  0.0000000000e+00  -5.0784205394e-01  0.0000000000e+00  0.0000000000e+00  7.6735125368e-01
8.75  1  5.0000000000e+00  0.0000000000e+00  -1.6597497420e+01  0.0000000000e+00  0.0000000000e+00  -4.6904662036e-01  0.0000000000e+00  0.0000000000e+00  7.8431158360e-01
8.80  1  5.0000000000e+00  0.0000000000e+00  -1.6619962588e+01  0.0000000000e+00  0.0000000000e+00  -4.2942657046e-01  0.0000000000e+00  0.0000000000e+00  8.0033147428e-01
8.85  1  5.0000000000e+00  0.0000000000e+00  -1.6640427128e+01  0.0000000000e+00  0.0000000000e+00  -3.8902957744e-01  0.0000000000e+00  0.0000000000e+00  8.1538514975e-01
8.90  1  5.0000000000e+00  0.0000000000e+00  -1.6658853411e+01  0.0000000000e+00  0.0000000000e+00  -3.4790456193e-01  0.0000000000e+00  0.0000000000e+00  8.2944849566e-01
8.95  1  5.0000000000e+00  0.0000000000e+00  -1.6675206284e+01  0.0000000000e+00  0.0000000000e+00  -3.0610160773e-01  0.0000000000e+00  0.0000000000e+00  8.4249910899e-01
9.00  1  5.0000000000e+00  0.0000000000e+00  -1.6689453125e+01  0.0000000000e+00  0.0000000000e+00  -2.6367187500e-01  0.0000000000e+00  0.0000000000e+00  8.5451634442e-01
9.05  1  5.0000000000e+00  0.0000000000e+00  -1.6701563894e+01  0.0000000000e+00  0.0000000000e+00  -2.2066751135e-01  0.0000000000e+00  0.0000000000e+00  8.6548135762e-01
9.10  1  5.0000000000e+00  0.0000000000e+00  -1.6711511183e+01  0.0000000000e+00  0.0000000000e+00  -1.7714156071e-01  0.0000000000e+00  0.0000000000e+00  8.7537714515e-01
9.15  1  5.0000000000e+00  0.0000000000e+00  -1.6719270254e+01  0.0000000000e+00  0.0000000000e+00  -1.3314787042e-01  0.0000000000e+00  0.0000000000e+00  8.8418858085e-01
9.20  1  5.0000000000e+00  0.0000000000e+00  -1.6724819083e+01  0.0000000000e+00  0.0000000000e+00  -8.8740996497e-02  0.0000000000e+00  0.0000000000e+00  8.9190244885e-01
9.25  1  5.0000000000e+00  0.0000000000e+00  -1.6728138387e+01  0.0000000000e+00  0.0000000000e+00  -4.3976107362e-02  0.0000000000e+00  0.0000000000e+00  8.9850747288e-01
9.30  1  5.0000000000e+00  0.0000000000e+00  -1.6729211655e+01  0.0000000000e+00  0.0000000000e+00  1.0911137697e-03  0.0000000000e+00  0.0000000000e+00  9.0399434189e-01
9.35  1  5.0000000000e+00  0.0000000000e+00  -1.6728025171e+01  0.0000000000e+00  0.0000000000e+00  4.6404567730e-02  0.0000000000e+00  0.0000000000e+00  9.0835573198e-01
9.40  1  5.0000000000e+00  0.0000000000e+00  -1.6724568034e+01  0.0000000000e+00  0.0000000000e+00  9.1907839219e-02  0.0000000000e+00  0.0000000000e+00  9.1158632446e-01
9.45  1  5.0000000000e+00  0.0000000000e+00  -1.6718832167e+01  0.0000000000e+00  0.0000000000e+00  1.3754429743e-01  0.0000000000e+00  0.0000000000e+00  9.1368282002e-01
9.50  1  5.0000000000e+00  0.0000000000e+00  -1.6710812330e+01  0.0000000000e+00  0.0000000000e+00  1.8325719731e-01  0.0000000000e+00  0.0000000000e+00  9.1464394905e-01
9.55  1  5.0000000000e+00  0.0000000000e+00  -1.6700506120e+01  0.0000000000e+00  0.0000000000e+00  2.2898978120e-01  0.0000000000e+00  0.0000000000e+00  9.1447047789e-01
9.60  1  5.0000000000e+00  0.0000000000e+00  -1.6687913969e+01  0.0000000000e+00  0.0000000000e+00  2.7468538071e-01  0.0000000000e+00  0.0000000000e+00  9.1316521115e-01
9.65  1  5.0000000000e+00  0.0000000000e+00  -1.6673039139e+01  0.0000000000e+00  0.0000000000e+00  3.2028751861e-01  0.0000000000e+00  0.0000000000e+00  9.1073298991e-01
9.70  1  5.0000000000e+00  0.0000000000e+00  -1.6655887711e+01  0.0000000000e+00  0.0000000000e+00  3.6574001053e-01  0.0000000000e+00  0.0000000000e+00  9.0718068594e-01
9.75  1  5.0000000000e+00  0.0000000000e+00  -1.6636468563e+01  0.0000000000e+00  0.0000000000e+00  4.1098706626e-01  0.0000000000e+00  0.0000000000e+00  9.0251719177e-01
9.80  1  5.0000000000e+00  0.0000000000e+00  -1.6614793350e+01  0.0000000000e+00  0.0000000000e+00  4.5597339043e-01  0.0000000000e+00  0.0000000000e+00  8.9675340674e-01
9.85  1  5.0000000000e+00  0.0000000000e+00  -1.6590876481e+01  0.0000000000e+00  0.0000000000e+00  5.0064428246e-01  0.0000000000e+00  0.0000000000e+00  8.8990221887e-01
9.90  1  5.0000000000e+00  0.0000000000e+00  -1.6564735080e+01  0.0000000000e+00  0.0000000000e+00  5.4494573543e-01  0.0000000000e+00  0.0000000000e+00  8.8197848273e-01
9.95  1  5.0000000000e+00  0.0000000000e+00  -1.6536388952e+01  0.0000000000e+00  0.0000000000e+00  5.8882453378e-01  0.0000000000e+00  0.0000000000e+00  8.7299899320e-01
10.00  1  5.0000000000e+00  0.0000000000e+00  -1.6505860543e+01  0.0000000000e+00  0.0000000000e+00  6.3222834957e-01  0.0000000000e+00  0.0000000000e+00  8.6298245516e-01
10.05  1  5.0000000000e+00  0.0000000000e+00  -1.6473174890e+01  0.0000000000e+00  0.0000000000e+00  6.7510583714e-01  0.0000000000e+00  0.0000000000e+00  8.5194944927e-01
10.10  1  5.0000000000e+00  0.0000000000e+00  -1.6438359570e+01  0.0000000000e+00  0.0000000000e+00  7.1740672600e-01  0.0000000000e+00  0.0000000000e+00  8.3992239358e-01
10.15  1  5.0000000000e+00  0.0000000000e+00  -1.6401444647e+01  0.0000000000e+00  0.0000000000e+00  7.5908191159e-01  0.0000000000e+00  0.0000000000e+00  8.2692550140e-01
10.20  1  5.0000000000e+00  0.0000000000e+00  -1.6362462606e+01  0.0000000000e+00  0.0000000000e+00  8.0008354396e-01  0.0000000000e+00  0.0000000000e+00  8.1298473511e-01
10.25  1  5.0000000000e+00  0.0000000000e+00  -1.6321448294e+01  0.0000000000e+00  0.0000000000e+00  8.4036511398e-01  0.0000000000e+00  0.0000000000e+00  7.9812775631e-01
10.30  1  5.0000000000e+00  0.0000000000e+00  -1.6278438848e+01  0.0000000000e+00  0.0000000000e+00  8.7988153695e-01  0.0000000000e+00  0.0000000000e+00  7.8238387205e-01
10.35  1  5.0000000000e+00  0.0000000000e+00  -1.6233473620e+01  0.0000000000e+00  0.0000000000e+00  9.1858923349e-01  0.0000000000e+00  0.0000000000e+00  7.6578397746e-01
10.40  1  5.0000000000e+00  0.0000000000e+00  -1.6186594104e+01  0.0000000000e+00  0.0000000000e+00  9.5644620742e-01  0.0000000000e+00  0.0000000000e+00  7.4836049480e-01
10.45  1  5.0000000000e+00  0.0000000000e+00  -1.6137843851e+01  0.0000000000e+00  0.0000000000e+00  9.9341212048e-01  0.0000000000e+00  0.0000000000e+00  7.3014730890e-01
10.50  1  5.0000000000e+00  0.0000000000e+00  -1.6087268387e+01  0.0000000000e+00  0.0000000000e+00  1.0294483638e+00  0.0000000000e+00  0.0000000000e+00  7.1117969925e-01
10.55  1  5.0000000000e+00  0.0000000000e+00  -1.6034915124e+01  0.0000000000e+00  0.0000000000e+00  1.0645181260e+00  0.0000000000e+00  0.0000000000e+00  6.9149426876e-01
10.60  1  5.0000000000e+00  0.0000000000e+00  -1.5980833266e+01  0.0000000000e+00  0.0000000000e+00  1.0985864572e+00  0.0000000000e+00  0.0000000000e+00  6.7112886929e-01
10.65  1  5.0000000000e+00  0.0000000000e+00  -1.5925073720e+01  0.0000000000e+00  0.0000000000e+00  1.1316203299e+00  0.0000000000e+00  0.0000000000e+00  6.5012252414e-01
10.70  1  5.0000000000e+00  0.0000000000e+00  -1.5867688993e+01  0.0000000000e+00  0.0000000000e+00  1.1635886952e+00  0.0000000000e+00  0.0000000000e+00  6.2851534745e-01
10.75  1  5.0000000000e+00  0.0000000000e+00  -1.5808733094e+01  0.0000000000e+00  0.0000000000e+00  1.1944625357e+00  0.0000000000e+00  0.0000000000e+00  6.0634846096e-01
10.80  1  5.0000000000e+00  0.0000000000e+00  -1.5748261432e+01  0.0000000000e+00  0.0000000000e+00  1.2242149131e+00  0.0000000000e+00  0.0000000000e+00  5.8366390786e-01
10.85  1  5.0000000000e+00  0.0000000000e+00  -1.5686330708e+01  0.0000000000e+00  0.0000000000e+00  1.2528210129e+00  0.0000000000e+00  0.0000000000e+00  5.6050456421e-01
10.90  1  5.0000000000e+00  0.0000000000e+00  -1.5622998814e+01  0.0000000000e+00  0.0000000000e+00  1.2802581829e+00  0.0000000000e+00  0.0000000000e+00  5.3691404792e-01
10.95  1  5.0000000000e+00  0.0000000000e+00  -1.5558324714e+01  0.0000000000e+00  0.0000000000e+00  1.3065059689e+00  0.0000000000e+00  0.0000000000e+00  5.1293662547e-01
11.00  1  5.0000000000e+00  0.0000000000e+00  -1.5492368345e+01  0.0000000000e+00  0.0000000000e+00  1.3315461438e+00  0.0000000000e+00  0.0000000000e+00  4.8861711651e-01
11.05  1  5.0000000000e+00  0.0000000000e+00  -1.5425190494e+01  0.0000000000e+00  0.0000000000e+00  1.3553627335e+00  0.0000000000e+00  0.0000000000e+00  4.6400079658e-01
11.10  1  5.0000000000e+00  0.0000000000e+00  -1.5356852694e+01  0.0000000000e+00  0.0000000000e+00  1.3779420370e+00  0.0000000000e+00  0.0000000000e+00  4.3913329798e-01
11.15  1  5.0000000000e+00  0.0000000000e+00  -1.5287417104e+01  0.0000000000e+00  0.0000000000e+00  1.3992726417e+00  0.0000000000e+00  0.0000000000e+00  4.1406050918e-01
11.20  1  5.0000000000e+00  0.0000000000e+00  -1.5216946395e+01  0.0000000000e+00  0.0000000000e+00  1.4193454338e+00  0.0000000000e+00  0.0000000000e+00  3.8882847273e-01
11.25  1  5.0000000000e+00  0.0000000000e+00  -1.5145503639e+01  0.0000000000e+00  0.0000000000e+00  1.4381536031e+00  0.0000000000e+00  0.0000000000e+00  3.6348328194e-01
11.30  1  5.0000000000e+00  0.0000000000e+00  -1.5073152188e+01  0.0000000000e+00  0.0000000000e+00  1.4556926435e+00  0.0000000000e+00  0.0000000000e+00  3.3807097663e-01
11.35  1  5.0000000000e+00  0.0000000000e+00  -1.4999955564e+01  0.0000000000e+00  0.0000000000e+00  1.4719603470e+00  0.0000000000e+00  0.0000000000e+00  3.1263743789e-01
11.40  1  5.0000000000e+00  0.0000000000e+00  -1.4925977342e+01  0.0000000000e+00  0.0000000000e+00  1.4869567939e+00  0.0000000000e+00  0.0000000000e+00  2.8722828233e-01
11.45  1  5.0000000000e+00  0.0000000000e+00  -1.4851281035e+01  0.0000000000e+00  0.0000000000e+00  1.5006843360e+00  0.0000000000e+00  0.0000000000e+00  2.6188875581e-01
11.50  1  5.0000000000e+00  0.0000000000e+00  -1.4775929982e+01  0.0000000000e+00  0.0000000000e+00  1.5131475764e+00  0.0000000000e+00  0.0000000000e+00  2.3666362694e-01
11.55  1  5.0000000000e+00  0.0000000000e+00  -1.4699987236e+01  0.0000000000e+00  0.0000000000e+00  1.5243533421e+00  0.0000000000e+00  0.0000000000e+00  2.1159708054e-01
11.60  1  5.0000000000e+00  0.0000000000e+00  -1.4623515456e+01  0.0000000000e+00  0.0000000000e+00  1.5343106528e+00  0.0000000000e+00  0.0000000000e+00  1.8673261126e-01
11.65  1  5.0000000000e+00  0.0000000000e+00  -1.4546576793e+01  0.0000000000e+00  0.0000000000e+00  1.5430306834e+00  0.0000000000e+00  0.0000000000e+00  1.6211291762e-01
11.70  1  5.0000000000e+00  0.0000000000e+00  -1.4469232789e+01  0.0000000000e+00  0.0000000000e+00  1.5505267214e+00  0.0000000000e+00  0.0000000000e+00  1.3777979654e-01
11.75  1  5.0000000000e+00  0.0000000000e+00  -1.4391544266e+01  0.0000000000e+00  0.0000000000e+00  1.5568141197e+00  0.0000000000e+00  0.0000000000e+00  1.1377403879e-01
11.80  1  5.0000000000e+00  0.0000000000e+00  -1.4313571232e+01  0.0000000000e+00  0.0000000000e+00  1.5619102433e+00  0.0000000000e+00  0.0000000000e+00  9.0135325325e-02
11.85  1  5.0000000000e+00  0.0000000000e+00  -1.4235372776e+01  0.0000000000e+00  0.0000000000e+00  1.5658344115e+00  0.0000000000e+00  0.0000000000e+00  6.6902124961e-02
11.90  1  5.0000000000e+00  0.0000000000e+00  -1.4157006971e+01  0.0000000000e+00  0.0000000000e+00  1.5686078344e+00  0.0000000000e+00  0.0000000000e+00  4.4111593392e-02
11.95  1  5.0000000000e+00  0.0000000000e+00  -1.4078530788e+01  0.0000000000e+00  0.0000000000e+00  1.5702535452e+00  0.0000000000e+00  0.0000000000e+00  2.1799473916e-02
12.00  1  5.0000000000e+00  0.0000000000e+00  -1.4000000000e+01  0.0000000000e+00  0.0000000000e+00  1.5707963268e+00  0.0000000000e+00  0.0000000000e+00  2.0144632398e-16
12.05  1  5.0000000000e+00  0.0000000000e+00  -1.3921469155e+01  0.0000000000e+00  0.0000000000e+00  1.5702580541e+00  0.0000000000e+00  0.0000000000e+00  -2.1529677019e-02
12.10  1  5.0000000000e+00  0.0000000000e+00  -1.3842992131e+01  0.0000000000e+00  0.0000000000e+00  1.5686436050e+00  0.0000000000e+00  0.0000000000e+00  -4.3044598673e-02
12.15  1  5.0000000000e+00  0.0000000000e+00  -1.3764622713e+01  0.0000000000e+00  0.0000000000e+00  1.5659540859e+00  0.0000000000e+00  0.0000000000e+00  -6.4530019708e-02
12.20  1  5.0000000000e+00  0.0000000000e+00  -1.3686414610e+01  0.0000000000e+00  0.0000000000e+00  1.5621913402e+00  0.0000000000e+00  0.0000000000e+00  -8.5971215092e-02
12.25  1  5.0000000000e+00  0.0000000000e+00  -1.3608421423e+01  0.0000000000e+00  0.0000000000e+00  1.5573579465e+00  0.0000000000e+00  0.0000000000e+00  -1.0735349010e-01
12.30  1  5.0000000000e+00  0.0000000000e+00  -1.3530696605e+01  0.0000000000e+00  0.0000000000e+00  1.5514572174e+00  0.0000000000e+00  0.0000000000e+00  -1.2866219039e-01
12.35  1  5.0000000000e+00  0.0000000000e+00  -1.3453293424e+01  0.0000000000e+00  0.0000000000e+00  1.5444931971e+00  0.0000000000e+00  0.0000000000e+00  -1.4988271204e-01
12.40  1  5.0000000000e+00  0.0000000000e+00  -1.3376264928e+01  0.0000000000e+00  0.0000000000e+00  1.5364706583e+00  0.0000000000e+00  0.0000000000e+00  -1.7100051156e-01
12.45  1  5.0000000000e+00  0.0000000000e+00  -1.3299663908e+01  0.0000000000e+00  0.0000000000e+00  1.5273950992e+00  0.0000000000e+00  0.0000000000e+00  -1.9200111588e-01
12.50  1  5.0000000000e+00  0.0000000000e+00  -1.3223542865e+01  0.0000000000e+00  0.0000000000e+00  1.5172727399e+00  0.0000000000e+00  0.0000000000e+00  -2.1287013222e-01
12.55  1  5.0000000000e+00  0.0000000000e+00  -1.3147953966e+01  0.0000000000e+00  0.0000000000e+00  1.5061105176e+00  0.0000000000e+00  0.0000000000e+00  -2.3359325801e-01
12.60  1  5.0000000000e+00  0.0000000000e+00  -1.3072949017e+01  0.0000000000e+00  0.0000000000e+00  1.4939160824e+00  0.0000000000e+00  0.0000000000e+00  -2.5415629064e-01
12.65  1  5.0000000000e+00  0.0000000000e+00  -1.2998579422e+01  0.0000000000e+00  0.0000000000e+00  1.4806977917e+00  0.0000000000e+00  0.0000000000e+00  -2.7454513725e-01
12.70  1  5.0000000000e+00  0.0000000000e+00  -1.2924896151e+01  0.0000000000e+00  0.0000000000e+00  1.4664647047e+00  0.0000000000e+00  0.0000000000e+00  -2.9474582434e-01
12.75  1  5.0000000000e+00  0.0000000000e+00  -1.2851949703e+01  0.0000000000e+00  0.0000000000e+00  1.4512265761e+00  0.0000000000e+00  0.0000000000e+00  -3.1474450736e-01
12.80  1  5.0000000000e+00  0.0000000000e+00  -1.2779790071e+01  0.0000000000e+00  0.0000000000e+00  1.4349938492e+00  0.0000000000e+00  0.0000000000e+00  -3.3452748022e-01
12.85  1  5.0000000000e+00  0.0000000000e+00  -1.2708466710e+01  0.0000000000e+00  0.0000000000e+00  1.4177776493e+00  0.0000000000e+00  0.0000000000e+00  -3.5408118465e-01
12.90  1  5.0000000000e+00  0.0000000000e+00  -1.2638028501e+01  0.0000000000e+00  0.0000000000e+00  1.3995897753e+00  0.0000000000e+00  0.0000000000e+00  -3.7339221952e-01
12.95  1  5.0000000000e+00  0.0000000000e+00  -1.2568523719e+01  0.0000000000e+00  0.0000000000e+00  1.3804426925e+00  0.0000000000e+00  0.0000000000e+00  -3.9244735002e-01
13.00  1  5.0000000000e+00  0.0000000000e+00  -1.2500000000e+01  0.0000000000e+00  0.0000000000e+00  1.3603495232e+00  0.0000000000e+00  0.0000000000e+00  -4.1123351671e-01
13.05  1  5.0000000000e+00  0.0000000000e+00  -1.2432504306e+01  0.0000000000e+00  0.0000000000e+00  1.3393240382e+00  0.0000000000e+00  0.0000000000e+00  -4.2973784449e-01
13.10  1  5.0000000000e+00  0.0000000000e+00  -1.2366082895e+01  0.0000000000e+00  0.0000000000e+00  1.3173806475e+00  0.0000000000e+00  0.0000000000e+00  -4.4794765142e-01
13.15  1  5.0000000000e+00  0.0000000000e+00  -1.2300781289e+01  0.0000000000e+00  0.0000000000e+00  1.2945343899e+00  0.0000000000e+00  0.0000000000e+00  -4.6585045740e-01
13.20  1  5.0000000000e+00  0.0000000000e+00  -1.2236644243e+01  0.0000000000e+00  0.0000000000e+00  1.2708009231e+00  0.0000000000e+00  0.0000000000e+00  -4.8343399274e-01
13.25  1  5.0000000000e+00  0.0000000000e+00  -1.2173715713e+01  0.0000000000e+00  0.0000000000e+00  1.2461965128e+00  0.0000000000e+00  0.0000000000e+00  -5.0068620658e-01
13.30  1  5.0000000000e+00  0.0000000000e+00  -1.2112038827e+01  0.0000000000e+00  0.0000000000e+00  1.2207380216e+00  0.0000000000e+00  0.0000000000e+00  -5.1759527510e-01
13.35  1  5.0000000000e+00  0.0000000000e+00  -1.2051655855e+01  0.0000000000e+00  0.0000000000e+00  1.1944428976e+00  0.0000000000e+00  0.0000000000e+00  -5.3414960967e-01
13.40  1  5.0000000000e+00  0.0000000000e+00  -1.1992608181e+01  0.0000000000e+00  0.0000000000e+00  1.1673291621e+00  0.0000000000e+00  0.0000000000e+00  -5.5033786479e-01
13.45  1  5.0000000000e+00  0.0000000000e+00  -1.1934936273e+01  0.0000000000e+00  0.0000000000e+00  1.1394153975e+00  0.0000000000e+00  0.0000000000e+00  -5.6614894581e-01
13.50  1  5.0000000000e+00  0.0000000000e+00  -1.1878679656e+01  0.0000000000e+00  0.0000000000e+00  1.1107207345e+00  0.0000000000e+00  0.0000000000e+00  -5.8157201664e-01
13.55  1  5.0000000000e+00  0.0000000000e+00  -1.1823876887e+01  0.0000000000e+00  0.0000000000e+00  1.0812648390e+00  0.0000000000e+00  0.0000000000e+00  -5.9659650705e-01
13.60  1  5.0000000000e+00  0.0000000000e+00  -1.1770565524e+01  0.0000000000e+00  0.0000000000e+00  1.0510678986e+00  0.0000000000e+00  0.0000000000e+00  -6.1121212001e-01
13.65  1  5.0000000000e+00  0.0000000000e+00  -1.1718782103e+01  0.0000000000e+00  0.0000000000e+00  1.0201506088e+00  0.0000000000e+00  0.0000000000e+00  -6.2540883873e-01
13.70  1  5.0000000000e+00  0.0000000000e+00  -1.1668562116e+01  0.0000000000e+00  0.0000000000e+00  9.8853415864e-01  0.0000000000e+00  0.0000000000e+00  -6.3917693346e-01
13.75  1  5.0000000000e+00  0.0000000000e+00  -1.1619939979e+01  0.0000000000e+00  0.0000000000e+00  9.5624021658e-01  0.0000000000e+00  0.0000000000e+00  -6.5250696825e-01
13.80  1  5.0000000000e+00  0.0000000000e+00  -1.1572949017e+01  0.0000000000e+00  0.0000000000e+00  9.2329091525e-01  0.0000000000e+00  0.0000000000e+00  -6.6538980735e-01
13.85  1  5.0000000000e+00  0.0000000000e+00  -1.1527621434e+01  0.0000000000e+00  0.0000000000e+00  8.8970883644e-01  0.0000000000e+00  0.0000000000e+00  -6.7781662152e-01
13.90  1  5.0000000000e+00  0.0000000000e+00  -1.1483988296e+01  0.0000000000e+00  0.0000000000e+00  8.5551699563e-01  0.0000000000e+00  0.0000000000e+00  -6.8977889404e-01
13.95  1  5.0000000000e+00  0.0000000000e+00  -1.1442079507e+01  0.0000000000e+00  0.0000000000e+00  8.2073882621e-01  0.0000000000e+00  0.0000000000e+00  -7.0126842655e-01
14.00  1  5.0000000000e+00  0.0000000000e+00  -1.1401923789e+01  0.0000000000e+00  0.0000000000e+00  7.8539816340e-01  0.0000000000e+00  0.0000000000e+00  -7.1227734472e-01
14.05  1  5.0000000000e+00  0.0000000000e+00  -1.1363548662e+01  0.0000000000e+00  0.0000000000e+00  7.4951922791e-01  0.0000000000e+00  0.0000000000e+00  -7.2279810357e-01
14.10  1  5.0000000000e+00  0.0000000000e+00  -1.1326980427e+01  0.0000000000e+00  0.0000000000e+00  7.1312660939e-01  0.0000000000e+00  0.0000000000e+00  -7.3282349271e-01
14.15  1  5.0000000000e+00  0.0000000000e+00  -1.1292244147e+01  0.0000000000e+00  0.0000000000e+00  6.7624524951e-01  0.0000000000e+00  0.0000000000e+00  -7.4234664123e-01
14.20  1  5.0000000000e+00  0.0000000000e+00  -1.1259363627e+01  0.0000000000e+00  0.0000000000e+00  6.3890042492e-01  0.0000000000e+00  0.0000000000e+00  -7.5136102245e-01
14.25  1  5.0000000000e+00  0.0000000000e+00  -1.1228361402e+01  0.0000000000e+00  0.0000000000e+00  6.0111772988e-01  0.0000000000e+00  0.0000000000e+00  -7.5986045835e-01
14.30  1  5.0000000000e+00  0.0000000000e+00  -1.1199258721e+01  0.0000000000e+00  0.0000000000e+00  5.6292305879e-01  0.0000000000e+00  0.0000000000e+00  -7.6783912384e-01
14.35  1  5.0000000000e+00  0.0000000000e+00  -1.1172075527e+01  0.0000000000e+00  0.0000000000e+00  5.2434258834e-01  0.0000000000e+00  0.0000000000e+00  -7.7529155076e-01
14.40  1  5.0000000000e+00  0.0000000000e+00  -1.1146830451e+01  0.0000000000e+00  0.0000000000e+00  4.8540275968e-01  0.0000000000e+00  0.0000000000e+00  -7.8221263158e-01
14.45  1  5.0000000000e+00  0.0000000000e+00  -1.1123540795e+01  0.0000000000e+00  0.0000000000e+00  4.4613026021e-01  0.0000000000e+00  0.0000000000e+00  -7.8859762293e-01
14.50  1  5.0000000000e+00  0.0000000000e+00  -1.1102222521e+01  0.0000000000e+00  0.0000000000e+00  4.0655200535e-01  0.0000000000e+00  0.0000000000e+00  -7.9444214886e-01
14.55  1  5.0000000000e+00  0.0000000000e+00  -1.1082890239e+01  0.0000000000e+00  0.0000000000e+00  3.6669512005e-01  0.0000000000e+00  0.0000000000e+00  -7.9974220382e-01
14.60  1  5.0000000000e+00  0.0000000000e+00  -1.1065557198e+01  0.0000000000e+00  0.0000000000e+00  3.2658692023e-01  0.0000000000e+00  0.0000000000e+00  -8.0449415543e-01
14.65  1  5.0000000000e+00  0.0000000000e+00  -1.1050235277e+01  0.0000000000e+00  0.0000000000e+00  2.8625489405e-01  0.0000000000e+00  0.0000000000e+00  -8.0869474692e-01
14.70  1  5.0000000000e+00  0.0000000000e+00  -1.1036934978e+01  0.0000000000e+00  0.0000000000e+00  2.4572668307e-01  0.0000000000e+00  0.0000000000e+00  -8.1234109944e-01
14.75  1  5.0000000000e+00  0.0000000000e+00  -1.1025665416e+01  0.0000000000e+00  0.0000000000e+00  2.0503006329e-01  0.0000000000e+00  0.0000000000e+00  -8.1543071394e-01
14.80  1  5.0000000000e+00  0.0000000000e+00  -1.1016434314e+01  0.0000000000e+00  0.0000000000e+00  1.6419292615e-01  0.0000000000e+00  0.0000000000e+00  -8.1796147296e-01
14.85  1  5.0000000000e+00  0.0000000000e+00  -1.1009247999e+01  0.0000000000e+00  0.0000000000e+00  1.2324325937e-01  0.0000000000e+00  0.0000000000e+00  -8.1993164204e-01
14.90  1  5.0000000000e+00  0.0000000000e+00  -1.1004111396e+01  0.0000000000e+00  0.0000000000e+00  8.2209127826e-02  0.0000000000e+00  0.0000000000e+00  -8.2133987094e-01
14.95  1  5.0000000000e+00  0.0000000000e+00  -1.1001028025e+01  0.0000000000e+00  0.0000000000e+00  4.1118654249e-02  0.0000000000e+00  0.0000000000e+00  -8.2218519451e-01
15.00  1  5.0000000000e+00  0.0000000000e+00  -1.1000000000e+01  0.0000000000e+00  0.0000000000e+00  1.8760650726e-15  0.0000000000e+00  0.0000000000e+00  -8.2246703342e-01
15.05  1  5.0000000000e+00  0.0000000000e+00  -1.1001028025e+01  0.0000000000e+00  0.0000000000e+00  -4.1118654249e-02  0.0000000000e+00  0.0000000000e+00  -8.2218519451e-01
15.10  1  5.0000000000e+00  0.0000000000e+00  -1.1004111396e+01  0.0000000000e+00  0.0000000000e+00  -8.2209127826e-02  0.0000000000e+00  0.0000000000e+00  -8.2133987094e-01
15.15  1  5.0000000000e+00  0.0000000000e+00  -1.1009247999e+01  0.0000000000e+00  0.0000000000e+00  -1.2324325937e-01  0.0000000000e+00  0.0000000000e+00  -8.1993164204e-01
15.20  1  5.0000000000e+00  0.0000000000e+00  -1.1016434314e+01  0.0000000000e+00  0.0000000000e+00  -1.6419292615e-01  0.0000000000e+00  0.0000000000e+00  -8.1796147296e-01
15.25  1  5.0000000000e+00  0.0000000000e+00  -1.1025665416e+01  0.0000000000e+00  0.0000000000e+00  -2.0503006329e-01  0.0000000000e+00  0.0000000000e+00  -8.1543071394e-01
15.30  1  5.0000000000e+00  0.0000000000e+00  -1.1036934978e+01  0.0000000000e+00  0.0000000000e+00  -2.4572668307e-01  0.0000000000e+00  0.0000000000e+00  -8.1234109944e-01
15.35  1  5.0000000000e+00  0.0000000000e+00  -1.1050235277e+01  0.0000000000e+00  0.0000000000e+00  -2.8625489405e-01  0.0000000000e+00  0.0000000000e+00  -8.0869474692e-01
15.40  1  5.0000000000e+00  0.0000000000e+00  -1.1065557198e+01  0.0000000000e+00  0.0000000000e+00  -3.2658692023e-01  0.0000000000e+00  0.0000000000e+00  -8.0449415543e-01
15.45  1  5.0000000000e+00  0.0000000000e+00  -1.1082890239e+01  0.0000000000e+00  0.0000000000e+00  -3.6669512005e-01  0.0000000000e+00  0.0000000000e+00  -7.9974220382e-01
15.50  1  5.0000000000e+00  0.0000000000e+00  -1.1102222521e+01  0.0000000000e+00  0.0000000000e+00  -4.0655200535e-01  0.0000000000e+00  0.0000000000e+00  -7.9444214886e-01
15.55  1  5.0000000000e+00  0.0000000000e+00  -1.1123540795e+01  0.0000000000e+00  0.0000000000e+00  -4.4613026021e-01  0.0000000000e+00  0.0000000000e+00  -7.8859762293e-01
15.60  1  5.0000000000e+00  0.0000000000e+00  -1.1146830451e+01  0.0000000000e+00  0.0000000000e+00  -4.8540275968e-01  0.0000000000e+00  0.0000000000e+00  -7.8221263158e-01
15.65  1  5.0000000000e+00  0.0000000000e+00  -1.1172075527e+01  0.0000000000e+00  0.0000000000e+00  -5.2434258834e-01  0.0000000000e+00  0.0000000000e+00  -7.7529155076e-01
15.70  1  5.0000000000e+00  0.0000000000e+00  -1.1199258721e+01  0.0000000000e+00  0.0000000000e+00  -5.6292305879e-01  0.0000000000e+00  0.0000000000e+00  -7.6783912384e-01
15.75  1  5.0000000000e+00  0.0000000000e+00  -1.1228361402e+01  0.0000000000e+00  0.0000000000e+00  -6.0111772988e-01  0.0000000000e+00  0.0000000000e+00  -7.5986045835e-01
15.80  1  5.0000000000e+00  0.0000000000e+00  -1.1259363627e+01  0.0000000000e+00  0.0000000000e+00  -6.3890042492e-01  0.0000000000e+00  0.0000000000e+00  -7.5136102245e-01
15.85  1  5.0000000000e+00  0.0000000000e+00  -1.1292244147e+01  0.0000000000e+00  0.0000000000e+00  -6.7624524951e-01  0.0000000000e+00  0.0000000000e+00  -7.4234664123e-01
15.90  1  5.0000000000e+00  0.0000000000e+00  -1.1326980427e+01  0.0000000000e+00  0.0000000000e+00  -7.1312660939e-01  0.0000000000e+00  0.0000000000e+00  -7.3282349271e-01
15.95  1  5.0000000000e+00  0.0000000000e+00  -1.1363548662e+01  0.0000000000e+00  0.0000000000e+00  -7.4951922791e-01  0.0000000000e+00  0.0000000000e+00  -7.2279810357e-01
16.00  1  5.0000000000e+00  0.0000000000e+00  -1.1401923789e+01  0.0000000000e+00  0.0000000000e+00  -7.8539816340e-01  0.0000000000e+00  0.0000000000e+00  -7.1227734472e-01
16.05  1  5.0000000000e+00  0.0000000000e+00  -1.1442079507e+01  0.0000000000e+00  0.0000000000e+00  -8.2073882621e-01  0.0000000000e+00  0.0000000000e+00  -7.0126842655e-01
16.10  1  5.0000000000e+00  0.0000000000e+00  -1.1483988296e+01  0.0000000000e+00  0.0000000000e+00  -8.5551699563e-01  0.0000000000e+00  0.0000000000e+00  -6.8977889404e-01
16.15  1  5.0000000000e+00  0.0000000000e+00  -1.1527621434e+01  0.0000000000e+00  0.0000000000e+00  -8.8970883644e-01  0.0000000000e+00  0.0000000000e+00  -6.7781662152e-01
16.20  1  5.0000000000e+00  0.0000000000e+00  -1.1572949017e+01  0.0000000000e+00  0.0000000000e+00  -9.2329091525e-01  0.0000000000e+00  0.0000000000e+00  -6.6538980735e-01
16.25  1  5.0000000000e+00  0.0000000000e+00  -1.1619939979e+01  0.0000000000e+00  0.0000000000e+00  -9.5624021658e-01  0.0000000000e+00  0.0000000000e+00  -6.5250696825e-01
16.30  1  5.0000000000e+00  0.0000000000e+00  -1.1668562116e+01  0.0000000000e+00  0.0000000000e+00  -9.8853415864e-01  0.0000000000e+00  0.0000000000e+00  -6.3917693346e-01
16.35  1  5.0000000000e+00  0.0000000000e+00  -1.1718782103e+01  0.0000000000e+00  0.0000000000e+00  -1.0201506088e+00  0.0000000000e+00  0.0000000000e+00  -6.2540883873e-01
16.40  1  5.0000000000e+00  0.0000000000e+00  -1.1770565524e+01  0.0000000000e+00  0.0000000000e+00  -1.0510678986e+00  0.0000000000e+00  0.0000000000e+00  -6.1121212001e-01
16.45  1  5.0000000000e+00  0.0000000000e+00  -1.1823876887e+01  0.0000000000e+00  0.0000000000e+00  -1.0812648390e+00  0.0000000000e+00  0.0000000000e+00  -5.9659650705e-01
16.50  1  5.0000000000e+00  0.0000000000e+00  -1.1878679656e+01  0.0000000000e+00  0.0000000000e+00  -1.1107207345e+00  0.0000000000e+00  0.0000000000e+00  -5.8157201664e-01
16.55  1  5.0000000000e+00  0.0000000000e+00  -1.1934936273e+01  0.0000000000e+00  0.0000000000e+00  -1.1394153975e+00  0.0000000000e+00  0.0000000000e+00  -5.6614894581e-01
16.60  1  5.0000000000e+00  0.0000000000e+00  -1.1992608181e+01  0.0000000000e+00  0.0000000000e+00  -1.1673291621e+00  0.0000000000e+00  0.0000000000e+00  -5.5033786479e-01
16.65  1  5.0000000000e+00  0.0000000000e+00  -1.2051655855e+01  0.0000000000e+00  0.0000000000e+00  -1.1944428976e+00  0.0000000000e+00  0.0000000000e+00  -5.3414960967e-01
16.70  1  5.0000000000e+00  0.0000000000e+00  -1.2112038827e+01  0.0000000000e+00  0.0000000000e+00  -1.2207380216e+00  0.0000000000e+00  0.0000000000e+00  -5.1759527510e-01
16.75  1  5.0000000000e+00  0.0000000000e+00  -1.2173715713e+01  0.0000000000e+00  0.0000000000e+00  -1.2461965128e+00  0.0000000000e+00  0.0000000000e+00  -5.0068620658e-01
16.80  1  5.0000000000e+00  0.0000000000e+00  -1.2236644243e+01  0.0000000000e+00  0.0000000000e+00  -1.2708009231e+00  0.0000000000e+00  0.0000000000e+00  -4.8343399274e-01
16.85  1  5.0000000000e+00  0.0000000000e+00  -1.2300781289e+01  0.0000000000e+00  0.0000000000e+00  -1.2945343899e+00  0.0000000000e+00  0.0000000000e+00  -4.6585045740e-01
16.90  1  5.0000000000e+00  0.0000000000e+00  -1.2366082895e+01  0.0000000000e+00  0.0000000000e+00  -1.3173806475e+00  0.0000000000e+00  0.0000000000e+00  -4.4794765142e-01
16.95  1  5.0000000000e+00  0.0000000000e+00  -1.2432504306e+01  0.0000000000e+00  0.0000000000e+00  -1.3393240382e+00  0.0000000000e+00  0.0000000000e+00  -4.2973784449e-01
17.00  1  5.0000000000e+00  0.0000000000e+00  -1.2500000000e+01  0.0000000000e+00  0.0000000000e+00  -1.3603495232e+00  0.0000000000e+00  0.0000000000e+00  -4.1123351671e-01
17.05  1  5.0000000000e+00  0.0000000000e+00  -1.2568523719e+01  0.0000000000e+00  0.0000000000e+00  -1.3804426925e+00  0.0000000000e+00  0.0000000000e+00  -3.9244735002e-01
17.10  1  5.0000000000e+00  0.0000000000e+00  -1.2638028501e+01  0.0000000000e+00  0.0000000000e+00  -1.3995897753e+00  0.0000000000e+00  0.0000000000e+00  -3.7339221952e-01
17.15  1  5.0000000000e+00  0.0000000000e+00  -1.2708466710e+01  0.0000000000e+00  0.0000000000e+00  -1.4177776493e+00  0.0000000000e+00  0.0000000000e+00  -3.5408118465e-01
17.20  1  5.0000000000e+00  0.0000000000e+00  -1.2779790071e+01  0.0000000000e+00  0.0000000000e+00  -1.4349938492e+00  0.0000000000e+00  0.0000000000e+00  -3.3452748022e-01
17.25  1  5.0000000000e+00  0.0000000000e+00  -1.2851949703e+01  0.0000000000e+00  0.0000000000e+00  -1.4512265761e+00  0.0000000000e+00  0.0000000000e+00  -3.1474450736e-01
17.30  1  5.0000000000e+00  0.0000000000e+00  -1.2924896151e+01  0.0000000000e+00  0.0000000000e+00  -1.4664647047e+00  0.0000000000e+00  0.0000000000e+00  -2.9474582434e-01
17.35  1  5.0000000000e+00  0.0000000000e+00  -1.2998579422e+01  0.0000000000e+00  0.0000000000e+00  -1.4806977917e+00  0.0000000000e+00  0.0000000000e+00  -2.7454513725e-01
17.40  1  5.0000000000e+00  0.0000000000e+00  -1.3072949017e+01  0.0000000000e+00  0.0000000000e+00  -1.4939160824e+00  0.0000000000e+00  0.0000000000e+00  -2.5415629064e-01
17.45  1  5.0000000000e+00  0.0000000000e+00  -1.3147953966e+01  0.0000000000e+00  0.0000000000e+00  -1.5061105176e+00  0.0000000000e+00  0.0000000000e+00  -2.3359325801e-01
17.50  1  5.0000000000e+00  0.0000000000e+00  -1.3223542865e+01  0.0000000000e+00  0.0000000000e+00  -1.5172727399e+00  0.0000000000e+00  0.0000000000e+00  -2.1287013222e-01
17.55  1  5.0000000000e+00  0.0000000000e+00  -1.3299663908e+01  0.0000000000e+00  0.0000000000e+00  -1.5273950992e+00  0.0000000000e+00  0.0000000000e+00  -1.9200111588e-01
17.60  1  5.0000000000e+00  0.0000000000e+00  -1.3376264928e+01  0.0000000000e+00  0.0000000000e+00  -1.5364706583e+00  0.0000000000e+00  0.0000000000e+00  -1.7100051156e-01
17.65  1  5.0000000000e+00  0.0000000000e+00  -1.3453293424e+01  0.0000000000e+00  0.0000000000e+00  -1.5444931971e+00  0.0000000000e+00  0.0000000000e+00  -1.4988271204e-01
17.70  1  5.0000000000e+00  0.0000000000e+00  -1.3530696605e+01  0.0000000000e+00  0.0000000000e+00  -1.5514572174e+00  0.0000000000e+00  0.0000000000e+00  -1.2866219039e-01
17.75  1  5.0000000000e+00  0.0000000000e+00  -1.3608421423e+01  0.0000000000e+00  0.0000000000e+00  -1.5573579465e+00  0.0000000000e+00  0.0000000000e+00  -1.0735349010e-01
17.80  1  5.0000000000e+00  0.0000000000e+00  -1.3686414610e+01  0.0000000000e+00  0.0000000000e+00  -1.5621913402e+00  0.0000000000e+00  0.0000000000e+00  -8.5971215092e-02
17.85  1  5.0000000000e+00  0.0000000000e+00  -1.3764622713e+01  0.0000000000e+00  0.0000000000e+00  -1.5659540859e+00  0.0000000000e+00  0.0000000000e+00  -6.4530019708e-02
17.90  1  5.0000000000e+00  0.0000000000e+00  -1.3842992131e+01  0.0000000000e+00  0.0000000000e+00  -1.5686436050e+00  0.0000000000e+00  0.0000000000e+00  -4.3044598673e-02
17.95  1  5.0000000000e+00  0.0000000000e+00  -1.3921469155e+01  0.0000000000e+00  0.0000000000e+00  -1.5702580541e+00  0.0000000000e+00  0.0000000000e+00  -2.1529677019e-02
18.00  1  5.0000000000e+00  0.0000000000e+00  -1.4000000000e+01  0.0000000000e+00  0.0000000000e+00  -1.5707963268e+00  0.0000000000e+00  0.0000000000e+00  -3.0216948597e-16
18.05  1  5.0000000000e+00  0.0000000000e+00  -1.4078530845e+01  0.0000000000e+00  0.0000000000e+00  -1.5702580541e+00  0.0000000000e+00  0.0000000000e+00  2.1529677019e-02
18.10  1  5.0000000000e+00  0.0000000000e+00  -1.4157007869e+01  0.0000000000e+00  0.0000000000e+00  -1.5686436050e+00  0.0000000000e+00  0.0000000000e+00  4.3044598673e-02
18.15  1  5.0000000000e+00  0.0000000000e+00  -1.4235377287e+01  0.0000000000e+00  0.0000000000e+00  -1.5659540859e+00  0.0000000000e+00  0.0000000000e+00  6.4530019708e-02
18.20  1  5.0000000000e+00  0.0000000000e+00  -1.4313585390e+01  0.0000000000e+00  0.0000000000e+00  -1.5621913402e+00  0.0000000000e+00  0.0000000000e+00  8.5971215092e-02
18.25  1  5.0000000000e+00  0.0000000000e+00  -1.4391578577e+01  0.0000000000e+00  0.0000000000e+00  -1.5573579465e+00  0.0000000000e+00  0.0000000000e+00  1.0735349010e-01
18.30  1  5.0000000000e+00  0.0000000000e+00  -1.4469303395e+01  0.0000000000e+00  0.0000000000e+00  -1.5514572174e+00  0.0000000000e+00  0.0000000000e+00  1.2866219039e-01
18.35  1  5.0000000000e+00  0.0000000000e+00  -1.4546706576e+01  0.0000000000e+00  0.0000000000e+00  -1.5444931971e+00  0.0000000000e+00  0.0000000000e+00  1.4988271204e-01
18.40  1  5.0000000000e+00  0.0000000000e+00  -1.4623735072e+01  0.0000000000e+00  0.0000000000e+00  -1.5364706583e+00  0.0000000000e+00  0.0000000000e+00  1.7100051156e-01
18.45  1  5.0000000000e+00  0.0000000000e+00  -1.4700336092e+01  0.0000000000e+00  0.0000000000e+00  -1.5273950992e+00  0.0000000000e+00  0.0000000000e+00  1.9200111588e-01
18.50  1  5.0000000000e+00  0.0000000000e+00  -1.4776457135e+01  0.0000000000e+00  0.0000000000e+00  -1.5172727399e+00  0.0000000000e+00  0.0000000000e+00  2.1287013222e-01
18.55  1  5.0000000000e+00  0.0000000000e+00  -1.4852046034e+01  0.0000000000e+00  0.0000000000e+00  -1.5061105176e+00  0.0000000000e+00  0.0000000000e+00  2.3359325801e-01
18.60  1  5.0000000000e+00  0.0000000000e+00  -1.4927050983e+01  0.0000000000e+00  0.0000000000e+00  -1.4939160824e+00  0.0000000000e+00  0.0000000000e+00  2.5415629064e-01
18.65  1  5.0000000000e+00  0.0000000000e+00  -1.5001420578e+01  0.0000000000e+00  0.0000000000e+00  -1.4806977917e+00  0.0000000000e+00  0.0000000000e+00  2.7454513725e-01
18.70  1  5.0000000000e+00  0.0000000000e+00  -1.5075103849e+01  0.0000000000e+00  0.0000000000e+00  -1.4664647047e+00  0.0000000000e+00  0.0000000000e+00  2.9474582434e-01
18.75  1  5.0000000000e+00  0.0000000000e+00  -1.5148050297e+01  0.0000000000e+00  0.0000000000e+00  -1.4512265761e+00  0.0000000000e+00  0.0000000000e+00  3.1474450736e-01
18.80  1  5.0000000000e+00  0.0000000000e+00  -1.5220209929e+01  0.0000000000e+00  0.0000000000e+00  -1.4349938492e+00  0.0000000000e+00  0.0000000000e+00  3.3452748022e-01
18.85  1  5.0000000000e+00  0.0000000000e+00  -1.5291533290e+01  0.0000000000e+00  0.0000000000e+00  -1.4177776493e+00  0.0000000000e+00  0.0000000000e+00  3.5408118465e-01
18.90  1  5.0000000000e+00  0.0000000000e+00  -1.5361971499e+01  0.0000000000e+00  0.0000000000e+00  -1.3995897753e+00  0.0000000000e+00  0.0000000000e+00  3.7339221952e-01
18.95  1  5.0000000000e+00  0.0000000000e+00  -1.5431476281e+01  0.0000000000e+00  0.0000000000e+00  -1.3804426925e+00  0.0000000000e+00  0.0000000000e+00  3.9244735002e-01
19.00  1  5.0000000000e+00  0.0000000000e+00  -1.5500000000e+01  0.0000000000e+00  0.0000000000e+00  -1.3603495232e+00  0.0000000000e+00  0.0000000000e+00  4.1123351671e-01
19.05  1  5.0000000000e+00  0.0000000000e+00  -1.5567495694e+01  0.0000000000e+00  0.0000000000e+00  -1.3393240382e+00  0.0000000000e+00  0.0000000000e+00  4.2973784449e-01
19.10  1  5.0000000000e+00  0.0000000000e+00  -1.5633917105e+01  0.0000000000e+00  0.0000000000e+00  -1.3173806475e+00  0.0000000000e+00  0.0000000000e+00  4.4794765142e-01
19.15  1  5.0000000000e+00  0.0000000000e+00  -1.5699218711e+01  0.0000000000e+00  0.0000000000e+00  -1.2945343899e+00  0.0000000000e+00  0.0000000000e+00  4.6585045740e-01
19.20  1  5.0000000000e+00  0.0000000000e+00  -1.5763355757e+01  0.0000000000e+00  0.0000000000e+00  -1.2708009231e+00  0.0000000000e+00  0.0000000000e+00  4.8343399274e-01
19.25  1  5.0000000000e+00  0.0000000000e+00  -1.5826284287e+01  0.0000000000e+00  0.0000000000e+00  -1.2461965128e+00  0.0000000000e+00  0.0000000000e+00  5.0068620658e-01
19.30  1  5.0000000000e+00  0.0000000000e+00  -1.5887961173e+01  0.0000000000e+00  0.0000000000e+00  -1.2207380216e+00  0.0000000000e+00  0.0000000000e+00  5.1759527510e-01
19.35  1  5.0000000000e+00  0.0000000000e+00  -1.5948344145e+01  0.0000000000e+00  0.0000000000e+00  -1.1944428976e+00  0.0000000000e+00  0.0000000000e+00  5.3414960967e-01
19.40  1  5.0000000000e+00  0.0000000000e+00  -1.6007391819e+01  0.0000000000e+00  0.0000000000e+00  -1.1673291621e+00  0.0000000000e+00  0.0000000000e+00  5.5033786479e-01
19.45  1  5.0000000000e+00  0.0000000000e+00  -1.6065063727e+01  0.0000000000e+00  0.0000000000e+00  -1.1394153975e+00  0.0000000000e+00  0.0000000000e+00  5.6614894581e-01
19.50  1  5.0000000000e+00  0.0000000000e+00  -1.6121320344e+01  0.0000000000e+00  0.0000000000e+00  -1.1107207345e+00  0.0000000000e+00  0.0000000000e+00  5.8157201664e-01
19.55  1  5.0000000000e+00  0.0000000000e+00  -1.6176123113e+01  0.0000000000e+00  0.0000000000e+00  -1.0812648390e+00  0.0000000000e+00  0.0000000000e+00  5.9659650705e-01
19.60  1  5.0000000000e+00  0.0000000000e+00  -1.6229434476e+01  0.0000000000e+00  0.0000000000e+00  -1.0510678986e+00  0.0000000000e+00  0.0000000000e+00  6.1121212001e-01
19.65  1  5.0000000000e+00  0.0000000000e+00  -1.6281217897e+01  0.0000000000e+00  0.0000000000e+00  -1.0201506088e+00  0.0000000000e+00  0.0000000000e+00  6.2540883873e-01
19.70  1  5.0000000000e+00  0.0000000000e+00  -1.6331437884e+01  0.0000000000e+00  0.0000000000e+00  -9.8853415864e-01  0.0000000000e+00  0.0000000000e+00  6.3917693346e-01
19.75  1  5.0000000000e+00  0.0000000000e+00  -1.6380060021e+01  0.0000000000e+00  0.0000000000e+00  -9.5624021658e-01  0.0000000000e+00  0.0000000000e+00  6.5250696825e-01
19.80  1  5.0000000000e+00  0.0000000000e+00  -1.6427050983e+01  0.0000000000e+00  0.0000000000e+00  -9.2329091525e-01  0.0000000000e+00  0.0000000000e+00  6.6538980735e-01
19.85  1  5.0000000000e+00  0.0000000000e+00  -1.6472378566e+01  0.0000000000e+00  0.0000000000e+00  -8.8970883644e-01  0.0000000000e+00  0.0000000000e+00  6.7781662152e-01
19.90  1  5.0000000000e+00  0.0000000000e+00  -1.6516011704e+01  0.0000000000e+00  0.0000000000e+00  -8.5551699563e-01  0.0000000000e+00  0.0000000000e+00  6.8977889404e-01
19.95  1  5.0000000000e+00  0.0000000000e+00  -1.6557920493e+01  0.0000000000e+00  0.0000000000e+00  -8.2073882621e-01  0.0000000000e+00  0.0000000000e+00  7.0126842655e-01
20.00  1  5.0000000000e+00  0.0000000000e+00  -1.6598076211e+01  0.0000000000e+00  0.0000000000e+00  -7.8539816340e-01  0.0000000000e+00  0.0000000000e+00  7.1227734472e-01
20.05  1  5.0000000000e+00  0.0000000000e+00  -1.6636451338e+01  0.0000000000e+00  0.0000000000e+00  -7.4951922791e-01  0.0000000000e+00  0.0000000000e+00  7.2279810357e-01
20.10  1  5.0000000000e+00  0.0000000000e+00  -1.6673019573e+01  0.0000000000e+00  0.0000000000e+00  -7.1312660939e-01  0.0000000000e+00  0.0000000000e+00  7.3282349271e-01
20.15  1  5.0000000000e+00  0.0000000000e+00  -1.6707755853e+01  0.0000000000e+00  0.0000000000e+00  -6.7624524951e-01  0.0000000000e+00  0.0000000000e+00  7.4234664123e-01
20.20  1  5.0000000000e+00  0.0000000000e+00  -1.6740636373e+01  0.0000000000e+00  0.0000000000e+00  -6.3890042492e-01  0.0000000000e+00  0.0000000000e+00  7.5136102245e-01
20.25  1  5.0000000000e+00  0.0000000000e+00  -1.6771638598e+01  0.0000000000e+00  0.0000000000e+00  -6.0111772988e-01  0.0000000000e+00  0.0000000000e+00  7.5986045835e-01
20.30  1  5.0000000000e+00  0.0000000000e+00  -1.6800741279e+01  0.0000000000e+00  0.0000000000e+00  -5.6292305879e-01  0.0000000000e+00  0.0000000000e+00  7.6783912384e-01
20.35  1  5.0000000000e+00  0.0000000000e+00  -1.6827924473e+01  0.0000000000e+00  0.0000000000e+00  -5.2434258834e-01  0.0000000000e+00  0.0000000000e+00  7.7529155076e-01
20.40  1  5.0000000000e+00  0.0000000000e+00  -1.6853169549e+01  0.0000000000e+00  0.0000000000e+00  -4.8540275968e-01  0.0000000000e+00  0.0000000000e+00  7.8221263158e-01
20.45  1  5.0000000000e+00  0.0000000000e+00  -1.6876459205e+01  0.0000000000e+00  0.0000000000e+00  -4.4613026021e-01  0.0000000000e+00  0.0000000000e+00  7.8859762293e-01
20.50  1  5.0000000000e+00  0.0000000000e+00  -1.6897777479e+01  0.0000000000e+00  0.0000000000e+00  -4.0655200535e-01  0.0000000000e+00  0.0000000000e+00  7.9444214886e-01
20.55  1  5.0000000000e+00  0.0000000000e+00  -1.6917109761e+01  0.0000000000e+00  0.0000000000e+00  -3.6669512005e-01  0.0000000000e+00  0.0000000000e+00  7.9974220382e-01
20.60  1  5.0000000000e+00  0.0000000000e+00  -1.6934442802e+01  0.0000000000e+00  0.0000000000e+00  -3.2658692023e-01  0.0000000000e+00  0.0000000000e+00  8.0449415543e-01
20.65  1  5.0000000000e+00  0.0000000000e+00  -1.6949764723e+01  0.0000000000e+00  0.0000000000e+00  -2.8625489405e-01  0.0000000000e+00  0.0000000000e+00  8.0869474692e-01
20.70  1  5.0000000000e+00  0.0000000000e+00  -1.6963065022e+01  0.0000000000e+00  0.0000000000e+00  -2.4572668307e-01  0.0000000000e+00  0.0000000000e+00  8.1234109944e-01
20.75  1  5.0000000000e+00  0.0000000000e+00  -1.6974334584e+01  0.0000000000e+00  0.0000000000e+00  -2.0503006329e-01  0.0000000000e+00  0.0000000000e+00  8.1543071394e-01
20.80  1  5.0000000000e+00  0.0000000000e+00  -1.6983565686e+01  0.0000000000e+00  0.0000000000e+00  -1.6419292615e-01  0.0000000000e+00  0.0000000000e+00  8.1796147296e-01
20.85  1  5.0000000000e+00  0.0000000000e+00  -1.6990752001e+01  0.0000000000e+00  0.0000000000e+00  -1.2324325937e-01  0.0000000000e+00  0.0000000000e+00  8.1993164204e-01
20.90  1  5.0000000000e+00  0.0000000000e+00  -1.6995888604e+01  0.0000000000e+00  0.0000000000e+00  -8.2209127826e-02  0.0000000000e+00  0.0000000000e+00  8.2133987094e-01
20.95  1  5.0000000000e+00  0.0000000000e+00  -1.6998971975e+01  0.0000000000e+00  0.0000000000e+00  -4.1118654249e-02  0.0000000000e+00  0.0000000000e+00  8.2218519451e-01
21.00  1  5.0000000000e+00  0.0000000000e+00  -1.7000000000e+01  0.0000000000e+00  0.0000000000e+00  -6.7328474280e-16  0.0000000000e+00  0.0000000000e+00  8.2246703342e-01
21.05  1  5.0000000000e+00  0.0000000000e+00  -1.6998971975e+01  0.0000000000e+00  0.0000000000e+00  4.1118654249e-02  0.0000000000e+00  0.0000000000e+00  8.2218519451e-01
21.10  1  5.0000000000e+00  0.0000000000e+00  -1.6995888604e+01  0.0000000000e+00  0.0000000000e+00  8.2209127826e-02  0.0000000000e+00  0.0000000000e+00  8.2133987094e-01
21.15  1  5.0000000000e+00  0.0000000000e+00  -1.6990752001e+01  0.0000000000e+00  0.0000000000e+00  1.2324325937e-01  0.0000000000e+00  0.0000000000e+00  8.1993164204e-01
21.20  1  5.0000000000e+00  0.0000000000e+00  -1.6983565686e+01  0.0000000000e+00  0.0000000000e+00  1.6419292615e-01  0.0000000000e+00  0.0000000000e+00  8.1796147296e-01
21.25  1  5.0000000000e+00  0.0000000000e+00  -1.6974334584e+01  0.0000000000e+00  0.0000000000e+00  2.0503006329e-01  0.0000000000e+00  0.0000000000e+00  8.1543071394e-01
21.30  1  5.0000000000e+00  0.0000000000e+00  -1.6963065022e+01  0.0000000000e+00  0.0000000000e+00  2.4572668307e-01  0.0000000000e+00  0.0000000000e+00  8.1234109944e-01
21.35  1  5.0000000000e+00  0.0000000000e+00  -1.6949764723e+01  0.0000000000e+00  0.0000000000e+00  2.8625489405e-01  0.0000000000e+00  0.0000000000e+00  8.0869474692e-01
21.40  1  5.0000000000e+00  0.0000000000e+00  -1.6934442802e+01  0.0000000000e+00  0.0000000000e+00  3.2658692023e-01  0.0000000000e+00  0.0000000000e+00  8.0449415543e-01
21.45  1  5.0000000000e+00  0.0000000000e+00  -1.6917109761e+01  0.0000000000e+00  0.0000000000e+00  3.6669512005e-01  0.0000000000e+00  0.0000000000e+00  7.9974220382e-01
21.50  1  5.0000000000e+00  0.0000000000e+00  -1.6897777479e+01  0.0000000000e+00  0.0000000000e+00  4.0655200535e-01  0.0000000000e+00  0.0000000000e+00  7.9444214886e-01
21.55  1  5.0000000000e+00  0.0000000000e+00  -1.6876459205e+01  0.0000000000e+00  0.0000000000e+00  4.4613026021e-01  0.0000000000e+00  0.0000000000e+00  7.8859762293e-01
21.60  1  5.0000000000e+00  0.0000000000e+00  -1.6853169549e+01  0.0000000000e+00  0.0000000000e+00  4.8540275968e-01  0.0000000000e+00  0.0000000000e+00  7.8221263158e-01
21.65  1  5.0000000000e+00  0.0000000000e+00  -1.6827924473e+01  0.0000000000e+00  0.0000000000e+00  5.2434258834e-01  0.0000000000e+00  0.0000000000e+00  7.7529155076e-01
21.70  1  5.0000000000e+00  0.0000000000e+00  -1.6800741279e+01  0.0000000000e+00  0.0000000000e+00  5.6292305879e-01  0.0000000000e+00  0.0000000000e+00  7.6783912384e-01
21.75  1  5.0000000000e+00  0.0000000000e+00  -1.6771638598e+01  0.0000000000e+00  0.0000000000e+00  6.0111772988e-01  0.0000000000e+00  0.0000000000e+00  7.5986045835e-01
21.80  1  5.0000000000e+00  0.0000000000e+00  -1.6740636373e+01  0.0000000000e+00  0.0000000000e+00  6.3890042492e-01  0.0000000000e+00  0.0000000000e+00  7.5136102245e-01
21.85  1  5.0000000000e+00  0.0000000000e+00  -1.6707755853e+01  0.0000000000e+00  0.0000000000e+00  6.7624524951e-01  0.0000000000e+00  0.0000000000e+00  7.4234664123e-01
21.90  1  5.0000000000e+00  0.0000000000e+00  -1.6673019573e+01  0.0000000000e+00  0.0000000000e+00  7.1312660939e-01  0.0000000000e+00  0.0000000000e+00  7.3282349271e-01
21.95  1  5.0000000000e+00  0.0000000000e+00  -1.6636451338e+01  0.0000000000e+00  0.0000000000e+00  7.4951922791e-01  0.0000000000e+00  0.0000000000e+00  7.2279810357e-01
22.00  1  5.0000000000e+00  0.0000000000e+00  -1.6598076211e+01  0.0000000000e+00  0.0000000000e+00  7.8539816340e-01  0.0000000000e+00  0.0000000000e+00  7.1227734472e-01
22.05  1  5.0000000000e+00  0.0000000000e+00  -1.6557920493e+01  0.0000000000e+00  0.0000000000e+00  8.2073882621e-01  0.0000000000e+00  0.0000000000e+00  7.0126842655e-01
22.10  1  5.0000000000e+00  0.0000000000e+00  -1.6516011704e+01  0.0000000000e+00  0.0000000000e+00  8.5551699563e-01  0.0000000000e+00  0.0000000000e+00  6.8977889404e-01
22.15  1  5.0000000000e+00  0.0000000000e+00  -1.6472378566e+01  0.0000000000e+00  0.0000000000e+00  8.8970883644e-01  0.0000000000e+00  0.0000000000e+00  6.7781662152e-01
22.20  1  5.0000000000e+00  0.0000000000e+00  -1.6427050983e+01  0.0000000000e+00  0.0000000000e+00  9.2329091525e-01  0.0000000000e+00  0.0000000000e+00  6.6538980735e-01
22.25  1  5.0000000000e+00  0.0000000000e+00  -1.6380060021e+01  0.0000000000e+00  0.0000000000e+00  9.5624021658e-01  0.0000000000e+00  0.0000000000e+00  6.5250696825e-01
22.30  1  5.0000000000e+00  0.0000000000e+00  -1.6331437884e+01  0.0000000000e+00  0.0000000000e+00  9.8853415864e-01  0.0000000000e+00  0.0000000000e+00  6.3917693346e-01
22.35  1  5.0000000000e+00  0.0000000000e+00  -1.6281217897e+01  0.0000000000e+00  0.0000000000e+00  1.0201506088e+00  0.0000000000e+00  0.0000000000e+00  6.2540883873e-01
22.40  1  5.0000000000e+00  0.0000000000e+00  -1.6229434476e+01  0.0000000000e+00  0.0000000000e+00  1.0510678986e+00  0.0000000000e+00  0.0000000000e+00  6.1121212001e-01
22.45  1  5.0000000000e+00  0.0000000000e+00  -1.6176123113e+01  0.0000000000e+00  0.0000000000e+00  1.0812648390e+00  0.0000000000e+00  0.0000000000e+00  5.9659650705e-01
22.50  1  5.0000000000e+00  0.0000000000e+00  -1.6121320344e+01  0.0000000000e+00  0.0000000000e+00  1.1107207345e+00  0.0000000000e+00  0.0000000000e+00  5.8157201664e-01
22.55  1  5.0000000000e+00  0.0000000000e+00  -1.6065063727e+01  0.0000000000e+00  0.0000000000e+00  1.1394153975e+00  0.0000000000e+00  0.0000000000e+00  5.6614894581e-01
22.60  1  5.0000000000e+00  0.0000000000e+00  -1.6007391819e+01  0.0000000000e+00  0.0000000000e+00  1.1673291621e+00  0.0000000000e+00  0.0000000000e+00  5.5033786479e-01
22.65  1  5.0000000000e+00  0.0000000000e+00  -1.5948344145e+01  0.0000000000e+00  0.0000000000e+00  1.1944428976e+00  0.0000000000e+00  0.0000000000e+00  5.3414960967e-01
22.70  1  5.0000000000e+00  0.0000000000e+00  -1.5887961173e+01  0.0000000000e+00  0.0000000000e+00  1.2207380216e+00  0.0000000000e+00  0.0000000000e+00  5.1759527510e-01
22.75  1  5.0000000000e+00  0.0000000000e+00  -1.5826284287e+01  0.0000000000e+00  0.0000000000e+00  1.2461965128e+00  0.0000000000e+00  0.0000000000e+00  5.0068620658e-01
22.80  1  5.0000000000e+00  0.0000000000e+00  -1.5763355757e+01  0.0000000000e+00  0.0000000000e+00  1.2708009231e+00  0.0000000000e+00  0.0000000000e+00  4.8343399274e-01
22.85  1  5.0000000000e+00  0.0000000000e+00  -1.5699218711e+01  0.0000000000e+00  0.0000000000e+00  1.2945343899e+00  0.0000000000e+00  0.0000000000e+00  4.6585045740e-01
22.90  1  5.0000000000e+00  0.0000000000e+00  -1.5633917105e+01  0.0000000000e+00  0.0000000000e+00  1.3173806475e+00  0.0000000000e+00  0.0000000000e+00  4.4794765142e-01
22.95  1  5.0000000000e+00  0.0000000000e+00  -1.5567495694e+01  0.0000000000e+00  0.0000000000e+00  1.3393240382e+00  0.0000000000e+00  0.0000000000e+00  4.2973784449e-01
23.00  1  5.0000000000e+00  0.0000000000e+00  -1.5500000000e+01  0.0000000000e+00  0.0000000000e+00  1.3603495232e+00  0.0000000000e+00  0.0000000000e+00  4.1123351671e-01
23.05  1  5.0000000000e+00  0.0000000000e+00  -1.5431476281e+01  0.0000000000e+00  0.0000000000e+00  1.3804426925e+00  0.0000000000e+00  0.0000000000e+00  3.9244735002e-01
23.10  1  5.0000000000e+00  0.0000000000e+00  -1.5361971499e+01  0.0000000000e+00  0.0000000000e+00  1.3995897753e+00  0.0000000000e+00  0.0000000000e+00  3.7339221952e-01
23.15  1  5.0000000000e+00  0.0000000000e+00  -1.5291533290e+01  0.0000000000e+00  0.0000000000e+00  1.4177776493e+00  0.0000000000e+00  0.0000000000e+00  3.5408118465e-01
23.20  1  5.0000000000e+00  0.0000000000e+00  -1.5220209929e+01  0.0000000000e+00  0.0000000000e+00  1.4349938492e+00  0.0000000000e+00  0.0000000000e+00  3.3452748022e-01
23.25  1  5.0000000000e+00  0.0000000000e+00  -1.5148050297e+01  0.0000000000e+00  0.0000000000e+00  1.4512265761e+00  0.0000000000e+00  0.0000000000e+00  3.1474450736e-01
23.30  1  5.0000000000e+00  0.0000000000e+00  -1.5075103849e+01  0.0000000000e+00  0.0000000000e+00  1.4664647047e+00  0.0000000000e+00  0.0000000000e+00  2.9474582434e-01
23.35  1  5.0000000000e+00  0.0000000000e+00  -1.5001420578e+01  0.0000000000e+00  0.0000000000e+00  1.4806977917e+00  0.0000000000e+00  0.0000000000e+00  2.7454513725e-01
23.40  1  5.0000000000e+00  0.0000000000e+00  -1.4927050983e+01  0.0000000000e+00  0.0000000000e+00  1.4939160824e+00  0.0000000000e+00  0.0000000000e+00  2.5415629064e-01
23.45  1  5.0000000000e+00  0.0000000000e+00  -1.4852046034e+01  0.0000000000e+00  0.0000000000e+00  1.5061105176e+00  0.0000000000e+00  0.0000000000e+00  2.3359325801e-01
23.50  1  5.0000000000e+00  0.0000000000e+00  -1.4776457135e+01  0.0000000000e+00  0.0000000000e+00  1.5172727399e+00  0.0000000000e+00  0.0000000000e+00  2.1287013222e-01
23.55  1  5.0000000000e+00  0.0000000000e+00  -1.4700336092e+01  0.0000000000e+00  0.0000000000e+00  1.5273950992e+00  0.0000000000e+00  0.0000000000e+00  1.9200111588e-01
23.60  1  5.0000000000e+00  0.0000000000e+00  -1.4623735072e+01  0.0000000000e+00  0.0000000000e+00  1.5364706583e+00  0.0000000000e+00  0.0000000000e+00  1.7100051156e-01
23.65  1  5.0000000000e+00  0.0000000000e+00  -1.4546706576e+01  0.0000000000e+00  0.0000000000e+00  1.5444931971e+00  0.0000000000e+00  0.0000000000e+00  1.4988271204e-01
23.70  1  5.0000000000e+00  0.0000000000e+00  -1.4469303395e+01  0.0000000000e+00  0.0000000000e+00  1.5514572174e+00  0.0000000000e+00  0.0000000000e+00  1.2866219039e-01
23.75  1  5.0000000000e+00  0.0000000000e+00  -1.4391578577e+01  0.0000000000e+00  0.0000000000e+00  1.5573579465e+00  0.0000000000e+00  0.0000000000e+00  1.0735349010e-01
23.80  1  5.0000000000e+00  0.0000000000e+00  -1.4313585390e+01  0.0000000000e+00  0.0000000000e+00  1.5621913402e+00  0.0000000000e+00  0.0000000000e+00  8.5971215092e-02
23.85  1  5.0000000000e+00  0.0000000000e+00  -1.4235377287e+01  0.0000000000e+00  0.0000000000e+00  1.5659540859e+00  0.0000000000e+00  0.0000000000e+00  6.4530019708e-02
23.90  1  5.0000000000e+00  0.0000000000e+00  -1.4157007869e+01  0.0000000000e+00  0.0000000000e+00  1.5686436050e+00  0.0000000000e+00  0.0000000000e+00  4.3044598673e-02
23.95  1  5.0000000000e+00  0.0000000000e+00  -1.4078530845e+01  0.0000000000e+00  0.0000000000e+00  1.5702580541e+00  0.0000000000e+00  0.0000000000e+00  2.1529677019e-02
24.00  1  5.0000000000e+00  0.0000000000e+00  -1.4000000000e+01  0.0000000000e+00  0.0000000000e+00  1.5707963268e+00  0.0000000000e+00  0.0000000000e+00  4.0289264795e-16
24.05  1  5.0000000000e+00  0.0000000000e+00  -1.3921469155e+01  0.0000000000e+00  0.0000000000e+00  1.5702580541e+00  0.0000000000e+00  0.0000000000e+00  -2.1529677019e-02
24.10  1  5.0000000000e+00  0.0000000000e+00  -1.3842992131e+01  0.0000000000e+00  0.0000000000e+00  1.5686436050e+00  0.0000000000e+00  0.0000000000e+00  -4.3044598673e-02
24.15  1  5.0000000000e+00  0.0000000000e+00  -1.3764622713e+01  0.0000000000e+00  0.0000000000e+00  1.5659540859e+00  0.0000000000e+00  0.0000000000e+00  -6.4530019708e-02
24.20  1  5.0000000000e+00  0.0000000000e+00  -1.3686414610e+01  0.0000000000e+00  0.0000000000e+00  1.5621913402e+00  0.0000000000e+00  0.0000000000e+00  -8.5971215092e-02
24.25  1  5.0000000000e+00  0.0000000000e+00  -1.3608421423e+01  0.0000000000e+00  0.0000000000e+00  1.5573579465e+00  0.0000000000e+00  0.0000000000e+00  -1.0735349010e-01
24.30  1  5.0000000000e+00  0.0000000000e+00  -1.3530696605e+01  0.0000000000e+00  0.0000000000e+00  1.5514572174e+00  0.0000000000e+00  0.0000000000e+00  -1.2866219039e-01
24.35  1  5.0000000000e+00  0.0000000000e+00  -1.3453293424e+01  0.0000000000e+00  0.0000000000e+00  1.5444931971e+00  0.0000000000e+00  0.0000000000e+00  -1.4988271204e-01
24.40  1  5.0000000000e+00  0.0000000000e+00  -1.3376264928e+01  0.0000000000e+00  0.0000000000e+00  1.5364706583e+00  0.0000000000e+00  0.0000000000e+00  -1.7100051156e-01
24.45  1  5.0000000000e+00  0.0000000000e+00  -1.3299663908e+01  0.0000000000e+00  0.0000000000e+00  1.5273950992e+00  0.0000000000e+00  0.0000000000e+00  -1.9200111588e-01
24.50  1  5.0000000000e+00  0.0000000000e+00  -1.3223542865e+01  0.0000000000e+00  0.0000000000e+00  1.5172727399e+00  0.0000000000e+00  0.0000000000e+00  -2.1287013222e-01
24.55  1  5.0000000000e+00  0.0000000000e+00  -1.3147953966e+01  0.0000000000e+00  0.0000000000e+00  1.5061105176e+00  0.0000000000e+00  0.0000000000e+00  -2.3359325801e-01
24.60  1  5.0000000000e+00  0.0000000000e+00  -1.3072949017e+01  0.0000000000e+00  0.0000000000e+00  1.4939160824e+00  0.0000000000e+00  0.0000000000e+00  -2.5415629064e-01
24.65  1  5.0000000000e+00  0.0000000000e+00  -1.2998579422e+01  0.0000000000e+00  0.0000000000e+00  1.4806977917e+00  0.0000000000e+00  0.0000000000e+00  -2.7454513725e-01
24.70  1  5.0000000000e+00  0.0000000000e+00  -1.2924896151e+01  0.0000000000e+00  0.0000000000e+00  1.4664647047e+00  0.0000000000e+00  0.0000000000e+00  -2.9474582434e-01
24.75  1  5.0000000000e+00  0.0000000000e+00  -1.2851949703e+01  0.0000000000e+00  0.0000000000e+00  1.4512265761e+00  0.0000000000e+00  0.0000000000e+00  -3.1474450736e-01
24.80  1  5.0000000000e+00  0.0000000000e+00  -1.2779790071e+01  0.0000000000e+00  0.0000000000e+00  1.4349938492e+00  0.0000000000e+00  0.0000000000e+00  -3.3452748022e-01
24.85  1  5.0000000000e+00  0.0000000000e+00  -1.2708466710e+01  0.0000000000e+00  0.0000000000e+00  1.4177776493e+00  0.0000000000e+00  0.0000000000e+00  -3.5408118465e-01
24.90  1  5.0000000000e+00  0.0000000000e+00  -1.2638028501e+01  0.0000000000e+00  0.0000000000e+00  1.3995897753e+00  0.0000000000e+00  0.0000000000e+00  -3.7339221952e-01
24.95  1  5.0000000000e+00  0.0000000000e+00  -1.2568523719e+01  0.0000000000e+00  0.0000000000e+00  1.3804426925e+00  0.0000000000e+00  0.0000000000e+00  -3.9244735002e-01
25.00  1  5.0000000000e+00  0.0000000000e+00  -1.2500000000e+01  0.0000000000e+00  0.0000000000e+00  1.3603495232e+00  0.0000000000e+00  0.0000000000e+00  -4.1123351671e-01
25.05  1  5.0000000000e+00  0.0000000000e+00  -1.2432504306e+01  0.0000000000e+00  0.0000000000e+00  1.3393240382e+00  0.0000000000e+00  0.0000000000e+00  -4.2973784449e-01
25.10  1  5.0000000000e+00  0.0000000000e+00  -1.2366082895e+01  0.0000000000e+00  0.0000000000e+00  1.3173806475e+00  0.0000000000e+00  0.0000000000e+00  -4.4794765142e-01
25.15  1  5.0000000000e+00  0.0000000000e+00  -1.2300781289e+01  0.0000000000e+00  0.0000000000e+00  1.2945343899e+00  0.0000000000e+00  0.0000000000e+00  -4.6585045740e-01
25.20  1  5.0000000000e+00  0.0000000000e+00  -1.2236644243e+01  0.0000000000e+00  0.0000000000e+00  1.2708009231e+00  0.0000000000e+00  0.0000000000e+00  -4.8343399274e-01
25.25  1  5.0000000000e+00  0.0000000000e+00  -1.2173715713e+01  0.0000000000e+00  0.0000000000e+00  1.2461965128e+00  0.0000000000e+00  0.0000000000e+00  -5.0068620658e-01
25.30  1  5.0000000000e+00  0.0000000000e+00  -1.2112038827e+01  0.0000000000e+00  0.0000000000e+00  1.2207380216e+00  0.0000000000e+00  0.0000000000e+00  -5.1759527510e-01
25.35  1  5.0000000000e+00  0.0000000000e+00  -1.2051655855e+01  0.0000000000e+00  0.0000000000e+00  1.1944428976e+00  0.0000000000e+00  0.0000000000e+00  -5.3414960967e-01
25.40  1  5.0000000000e+00  0.0000000000e+00  -1.1992608181e+01  0.0000000000e+00  0.0000000000e+00  1.1673291621e+00  0.0000000000e+00  0.0000000000e+00  -5.5033786479e-01
25.45  1  5.0000000000e+00  0.0000000000e+00  -1.1934936273e+01  0.0000000000e+00  0.0000000000e+00  1.1394153975e+00  0.0000000000e+00  0.0000000000e+00  -5.6614894581e-01
25.50  1  5.0000000000e+00  0.0000000000e+00  -1.1878679656e+01  0.0000000000e+00  0.0000000000e+00  1.1107207345e+00  0.0000000000e+00  0.0000000000e+00  -5.8157201664e-01
25.55  1  5.0000000000e+00  0.0000000000e+00  -1.1823876887e+01  0.0000000000e+00  0.0000000000e+00  1.0812648390e+00  0.0000000000e+00  0.0000000000e+00  -5.9659650705e-01
25.60  1  5.0000000000e+00  0.0000000000e+00  -1.1770565524e+01  0.0000000000e+00  0.0000000000e+00  1.0510678986e+00  0.0000000000e+00  0.0000000000e+00  -6.1121212001e-01
25.65  1  5.0000000000e+00  0.0000000000e+00  -1.1718782103e+01  0.0000000000e+00  0.0000000000e+00  1.0201506088e+00  0.0000000000e+00  0.0000000000e+00  -6.2540883873e-01
25.70  1  5.0000000000e+00  0.0000000000e+00  -1.1668562116e+01  0.0000000000e+00  0.0000000000e+00  9.8853415864e-01  0.0000000000e+00  0.0000000000e+00  -6.3917693346e-01
25.75  1  5.0000000000e+00  0.0000000000e+00  -1.1619939979e+01  0.0000000000e+00  0.0000000000e+00  9.5624021658e-01  0.0000000000e+00  0.0000000000e+00  -6.5250696825e-01
25.80  1  5.0000000000e+00  0.0000000000e+00  -1.1572949017e+01  0.0000000000e+00  0.0000000000e+00  9.2329091525e-01  0.0000000000e+00  0.0000000000e+00  -6.6538980735e-01
25.85  1  5.0000000000e+00  0.0000000000e+00  -1.1527621434e+01  0.0000000000e+00  0.0000000000e+00  8.8970883644e-01  0.0000000000e+00  0.0000000000e+00  -6.7781662152e-01
25.90  1  5.0000000000e+00  0.0000000000e+00  -1.1483988296e+01  0.0000000000e+00  0.0000000000e+00  8.5551699563e-01  0.0000000000e+00  0.0000000000e+00  -6.8977889404e-01
25.95  1  5.0000000000e+00  0.0000000000e+00  -1.1442079507e+01  0.0000000000e+00  0.0000000000e+00  8.2073882621e-01  0.0000000000e+00  0.0000000000e+00  -7.0126842655e-01
26.00  1  5.0000000000e+00  0.0000000000e+00  -1.1401923789e+01  0.0000000000e+00  0.0000000000e+00  7.8539816340e-01  0.0000000000e+00  0.0000000000e+00  -7.1227734472e-01
26.05  1  5.0000000000e+00  0.0000000000e+00  -1.1363548662e+01  0.0000000000e+00  0.0000000000e+00  7.4951922791e-01  0.0000000000e+00  0.0000000000e+00  -7.2279810357e-01
26.10  1  5.0000000000e+00  0.0000000000e+00  -1.1326980427e+01  0.0000000000e+00  0.0000000000e+00  7.1312660939e-01  0.0000000000e+00  0.0000000000e+00  -7.3282349271e-01
26.15  1  5.0000000000e+00  0.0000000000e+00  -1.1292244147e+01  0.0000000000e+00  0.0000000000e+00  6.7624524951e-01  0.0000000000e+00  0.0000000000e+00  -7.4234664123e-01
26.20  1  5.0000000000e+00  0.0000000000e+00  -1.1259363627e+01  0.0000000000e+00  0.0000000000e+00  6.3890042492e-01  0.0000000000e+00  0.0000000000e+00  -7.5136102245e-01
26.25  1  5.0000000000e+00  0.0000000000e+00  -1.1228361402e+01  0.0000000000e+00  0.0000000000e+00  6.0111772988e-01  0.0000000000e+00  0.0000000000e+00  -7.5986045835e-01
26.30  1  5.0000000000e+00  0.0000000000e+00  -1.1199258721e+01  0.0000000000e+00  0.0000000000e+00  5.6292305879e-01  0.0000000000e+00  0.0000000000e+00  -7.6783912384e-01
26.35  1  5.0000000000e+00  0.0000000000e+00  -1.1172075527e+01  0.0000000000e+00  0.0000000000e+00  5.2434258834e-01  0.0000000000e+00  0.0000000000e+00  -7.7529155076e-01
26.40  1  5.0000000000e+00  0.0000000000e+00  -1.1146830451e+01  0.0000000000e+00  0.0000000000e+00  4.8540275968e-01  0.0000000000e+00  0.0000000000e+00  -7.8221263158e-01
26.45  1  5.0000000000e+00  0.0000000000e+00  -1.1123540795e+01  0.0000000000e+00  0.0000000000e+00  4.4613026021e-01  0.0000000000e+00  0.0000000000e+00  -7.8859762293e-01
26.50  1  5.0000000000e+00  0.0000000000e+00  -1.1102222521e+01  0.0000000000e+00  0.0000000000e+00  4.0655200535e-01  0.0000000000e+00  0.0000000000e+00  -7.9444214886e-01
26.55  1  5.0000000000e+00  0.0000000000e+00  -1.1082890239e+01  0.0000000000e+00  0.0000000000e+00  3.6669512005e-01  0.0000000000e+00  0.0000000000e+00  -7.9974220382e-01
26.60  1  5.0000000000e+00  0.0000000000e+00  -1.1065557198e+01  0.0000000000e+00  0.0000000000e+00  3.2658692023e-01  0.0000000000e+00  0.0000000000e+00  -8.0449415543e-01
26.65  1  5.0000000000e+00  0.0000000000e+00  -1.1050235277e+01  0.0000000000e+00  0.0000000000e+00  2.8625489405e-01  0.0000000000e+00  0.0000000000e+00  -8.0869474692e-01
26.70  1  5.0000000000e+00  0.0000000000e+00  -1.1036934978e+01  0.0000000000e+00  0.0000000000e+00  2.4572668307e-01  0.0000000000e+00  0.0000000000e+00  -8.1234109944e-01
26.75  1  5.0000000000e+00  0.0000000000e+00  -1.1025665416e+01  0.0000000000e+00  0.0000000000e+00  2.0503006329e-01  0.0000000000e+00  0.0000000000e+00  -8.1543071394e-01
26.80  1  5.0000000000e+00  0.0000000000e+00  -1.1016434314e+01  0.0000000000e+00  0.0000000000e+00  1.6419292615e-01  0.0000000000e+00  0.0000000000e+00  -8.1796147296e-01
26.85  1  5.0000000000e+00  0.0000000000e+00  -1.1009247999e+01  0.0000000000e+00  0.0000000000e+00  1.2324325937e-01  0.0000000000e+00  0.0000000000e+00  -8.1993164204e-01
26.90  1  5.0000000000e+00  0.0000000000e+00  -1.1004111396e+01  0.0000000000e+00  0.0000000000e+00  8.2209127826e-02  0.0000000000e+00  0.0000000000e+00  -8.2133987094e-01
26.95  1  5.0000000000e+00  0.0000000000e+00  -1.1001028025e+01  0.0000000000e+00  0.0000000000e+00  4.1118654249e-02  0.0000000000e+00  0.0000000000e+00  -8.2218519451e-01
27.00  1  5.0000000000e+00  0.0000000000e+00  -1.1000000000e+01  0.0000000000e+00  0.0000000000e+00  3.6559466106e-15  0.0000000000e+00  0.0000000000e+00  -8.2246703342e-01
27.05  1  5.0000000000e+00  0.0000000000e+00  -1.1001028025e+01  0.0000000000e+00  0.0000000000e+00  -4.1118654249e-02  0.0000000000e+00  0.0000000000e+00  -8.2218519451e-01
27.10  1  5.0000000000e+00  0.0000000000e+00  -1.1004111396e+01  0.0000000000e+00  0.0000000000e+00  -8.2209127826e-02  0.0000000000e+00  0.0000000000e+00  -8.2133987094e-01
27.15  1  5.0000000000e+00  0.0000000000e+00  -1.1009247999e+01  0.0000000000e+00  0.0000000000e+00  -1.2324325937e-01  0.0000000000e+00  0.0000000000e+00  -8.1993164204e-01
27.20  1  5.0000000000e+00  0.0000000000e+00  -1.1016434314e+01  0.0000000000e+00  0.0000000000e+00  -1.6419292615e-01  0.0000000000e+00  0.0000000000e+00  -8.1796147296e-01
27.25  1  5.0000000000e+00  0.0000000000e+00  -1.1025665416e+01  0.0000000000e+00  0.0000000000e+00  -2.0503006329e-01  0.0000000000e+00  0.0000000000e+00  -8.1543071394e-01
27.30  1  5.0000000000e+00  0.0000000000e+00  -1.1036934978e+01  0.0000000000e+00  0.0000000000e+00  -2.4572668307e-01  0.0000000000e+00  0.0000000000e+00  -8.1234109944e-01
27.35  1  5.0000000000e+00  0.0000000000e+00  -1.1050235277e+01  0.0000000000e+00  0.0000000000e+00  -2.8625489405e-01  0.0000000000e+00  0.0000000000e+00  -8.0869474692e-01
27.40  1  5.0000000000e+00  0.0000000000e+00  -1.1065557198e+01  0.0000000000e+00  0.0000000000e+00  -3.2658692023e-01  0.0000000000e+00  0.0000000000e+00  -8.0449415543e-01
27.45  1  5.0000000000e+00  0.0000000000e+00  -1.1082890239e+01  0.0000000000e+00  0.0000000000e+00  -3.6669512005e-01  0.0000000000e+00  0.0000000000e+00  -7.9974220382e-01
27.50  1  5.0000000000e+00  0.0000000000e+00  -1.1102222521e+01  0.0000000000e+00  0.0000000000e+00  -4.0655200535e-01  0.0000000000e+00  0.0000000000e+00  -7.9444214886e-01
27.55  1  5.0000000000e+00  0.0000000000e+00  -1.1123540795e+01  0.0000000000e+00  0.0000000000e+00  -4.4613026021e-01  0.0000000000e+00  0.0000000000e+00  -7.8859762293e-01
27.60  1  5.0000000000e+00  0.0000000000e+00  -1.1146830451e+01  0.0000000000e+00  0.0000000000e+00  -4.8540275968e-01  0.0000000000e+00  0.0000000000e+00  -7.8221263158e-01
27.65  1  5.0000000000e+00  0.0000000000e+00  -1.1172075527e+01  0.0000000000e+00  0.0000000000e+00  -5.2434258834e-01  0.0000000000e+00  0.0000000000e+00  -7.7529155076e-01
27.70  1  5.0000000000e+00  0.0000000000e+00  -1.1199258721e+01  0.0000000000e+00  0.0000000000e+00  -5.6292305879e-01  0.0000000000e+00  0.0000000000e+00  -7.6783912384e-01
27.75  1  5.0000000000e+00  0.0000000000e+00  -1.1228361402e+01  0.0000000000e+00  0.0000000000e+00  -6.0111772988e-01  0.0000000000e+00  0.0000000000e+00  -7.5986045835e-01
27.80  1  5.0000000000e+00  0.0000000000e+00  -1.1259363627e+01  0.0000000000e+00  0.0000000000e+00  -6.3890042492e-01  0.0000000000e+00  0.0000000000e+00  -7.5136102245e-01
27.85  1  5.0000000000e+00  0.0000000000e+00  -1.1292244147e+01  0.0000000000e+00  0.0000000000e+00  -6.7624524951e-01  0.0000000000e+00  0.0000000000e+00  -7.4234664123e-01
27.90  1  5.0000000000e+00  0.0000000000e+00  -1.1326980427e+01  0.0000000000e+00  0.0000000000e+00  -7.1312660939e-01  0.0000000000e+00  0.0000000000e+00  -7.3282349271e-01
27.95  1  5.0000000000e+00  0.0000000000e+00  -1.1363548662e+01  0.0000000000e+00  0.0000000000e+00  -7.4951922791e-01  0.0000000000e+00  0.0000000000e+00  -7.2279810357e-01
28.00  1  5.0000000000e+00  0.0000000000e+00  -1.1401923789e+01  0.0000000000e+00  0.0000000000e+00  -7.8539816340e-01  0.0000000000e+00  0.0000000000e+00  -7.1227734472e-01
28.05  1  5.0000000000e+00  0.0000000000e+00  -1.1442079507e+01  0.0000000000e+00  0.0000000000e+00  -8.2073882621e-01  0.0000000000e+00  0.0000000000e+00  -7.0126842655e-01
28.10  1  5.0000000000e+00  0.0000000000e+00  -1.1483988296e+01  0.0000000000e+00  0.0000000000e+00  -8.5551699563e-01  0.0000000000e+00  0.0000000000e+00  -6.8977889404e-01
28.15  1  5.0000000000e+00  0.0000000000e+00  -1.1527621434e+01  0.0000000000e+00  0.0000000000e+00  -8.8970883644e-01  0.0000000000e+00  0.0000000000e+00  -6.7781662152e-01
28.20  1  5.0000000000e+00  0.0000000000e+00  -1.1572949017e+01  0.0000000000e+00  0.0000000000e+00  -9.2329091525e-01  0.0000000000e+00  0.0000000000e+00  -6.6538980735e-01
28.25  1  5.0000000000e+00  0.0000000000e+00  -1.1619939979e+01  0.0000000000e+00  0.0000000000e+00  -9.5624021658e-01  0.0000000000e+00  0.0000000000e+00  -6.5250696825e-01
28.30  1  5.0000000000e+00  0.0000000000e+00  -1.1668562116e+01  0.0000000000e+00  0.0000000000e+00  -9.8853415864e-01  0.0000000000e+00  0.0000000000e+00  -6.3917693346e-01
28.35  1  5.0000000000e+00  0.0000000000e+00  -1.1718782103e+01  0.0000000000e+00  0.0000000000e+00  -1.0201506088e+00  0.0000000000e+00  0.0000000000e+00  -6.2540883873e-01
28.40  1  5.0000000000e+00  0.0000000000e+00  -1.1770565524e+01  0.0000000000e+00  0.0000000000e+00  -1.0510678986e+00  0.0000000000e+00  0.0000000000e+00  -6.1121212001e-01
28.45  1  5.0000000000e+00  0.0000000000e+00  -1.1823876887e+01  0.0000000000e+00  0.0000000000e+00  -1.0812648390e+00  0.0000000000e+00  0.0000000000e+00  -5.9659650705e-01
28.50  1  5.0000000000e+00  0.0000000000e+00  -1.1878679656e+01  0.0000000000e+00  0.0000000000e+00  -1.1107207345e+00  0.0000000000e+00  0.0000000000e+00  -5.8157201664e-01
28.55  1  5.0000000000e+00  0.0000000000e+00  -1.1934936273e+01  0.0000000000e+00  0.0000000000e+00  -1.1394153975e+00  0.0000000000e+00  0.0000000000e+00  -5.6614894581e-01
28.60  1  5.0000000000e+00  0.0000000000e+00  -1.1992608181e+01  0.0000000000e+00  0.0000000000e+00  -1.1673291621e+00  0.0000000000e+00  0.0000000000e+00  -5.5033786479e-01
28.65  1  5.0000000000e+00  0.0000000000e+00  -1.2051655855e+01  0.0000000000e+00  0.0000000000e+00  -1.1944428976e+00  0.0000000000e+00  0.0000000000e+00  -5.3414960967e-01
28.70  1  5.0000000000e+00  0.0000000000e+00  -1.2112038827e+01  0.0000000000e+00  0.0000000000e+00  -1.2207380216e+00  0.0000000000e+00  0.0000000000e+00  -5.1759527510e-01
28.75  1  5.0000000000e+00  0.0000000000e+00  -1.2173715713e+01  0.0000000000e+00  0.0000000000e+00  -1.2461965128e+00  0.0000000000e+00  0.0000000000e+00  -5.0068620658e-01
28.80  1  5.0000000000e+00  0.0000000000e+00  -1.2236644243e+01  0.0000000000e+00  0.0000000000e+00  -1.2708009231e+00  0.0000000000e+00  0.0000000000e+00  -4.8343399274e-01
28.85  1  5.0000000000e+00  0.0000000000e+00  -1.2300781289e+01  0.0000000000e+00  0.0000000000e+00  -1.2945343899e+00  0.0000000000e+00  0.0000000000e+00  -4.6585045740e-01
28.90  1  5.0000000000e+00  0.0000000000e+00  -1.2366082895e+01  0.0000000000e+00  0.0000000000e+00  -1.3173806475e+00  0.0000000000e+00  0.0000000000e+00  -4.4794765142e-01
28.95  1  5.0000000000e+00  0.0000000000e+00  -1.2432504306e+01  0.0000000000e+00  0.0000000000e+00  -1.3393240382e+00  0.0000000000e+00  0.0000000000e+00  -4.2973784449e-01
29.00  1  5.0000000000e+00  0.0000000000e+00  -1.2500000000e+01  0.0000000000e+00  0.0000000000e+00  -1.3603495232e+00  0.0000000000e+00  0.0000000000e+00  -4.1123351671e-01
29.05  1  5.0000000000e+00  0.0000000000e+00  -1.2568523719e+01  0.0000000000e+00  0.0000000000e+00  -1.3804426925e+00  0.0000000000e+00  0.0000000000e+00  -3.9244735002e-01
29.10  1  5.0000000000e+00  0.0000000000e+00  -1.2638028501e+01  0.0000000000e+00  0.0000000000e+00  -1.3995897753e+00  0.0000000000e+00  0.0000000000e+00  -3.7339221952e-01
29.15  1  5.0000000000e+00  0.0000000000e+00  -1.2708466710e+01  0.0000000000e+00  0.0000000000e+00  -1.4177776493e+00  0.0000000000e+00  0.0000000000e+00  -3.5408118465e-01
29.20  1  5.0000000000e+00  0.0000000000e+00  -1.2779790071e+01  0.0000000000e+00  0.0000000000e+00  -1.4349938492e+00  0.0000000000e+00  0.0000000000e+00  -3.3452748022e-01
29.25  1  5.0000000000e+00  0.0000000000e+00  -1.2851949703e+01  0.0000000000e+00  0.0000000000e+00  -1.4512265761e+00  0.0000000000e+00  0.0000000000e+00  -3.1474450736e-01
29.30  1  5.0000000000e+00  0.0000000000e+00  -1.2924896151e+01  0.0000000000e+00  0.0000000000e+00  -1.4664647047e+00  0.0000000000e+00  0.0000000000e+00  -2.9474582434e-01
29.35  1  5.0000000000e+00  0.0000000000e+00  -1.2998579422e+01  0.0000000000e+00  0.0000000000e+00  -1.4806977917e+00  0.0000000000e+00  0.0000000000e+00  -2.7454513725e-01
29.40  1  5.0000000000e+00  0.0000000000e+00  -1.3072949017e+01  0.0000000000e+00  0.0000000000e+00  -1.4939160824e+00  0.0000000000e+00  0.0000000000e+00  -2.5415629064e-01
29.45  1  5.0000000000e+00  0.0000000000e+00  -1.3147953966e+01  0.0000000000e+00  0.0000000000e+00  -1.5061105176e+00  0.0000000000e+00  0.0000000000e+00  -2.3359325801e-01
29.50  1  5.0000000000e+00  0.0000000000e+00  -1.3223542865e+01  0.0000000000e+00  0.0000000000e+00  -1.5172727399e+00  0.0000000000e+00  0.0000000000e+00  -2.1287013222e-01
29.55  1  5.0000000000e+00  0.0000000000e+00  -1.3299663908e+01  0.0000000000e+00  0.0000000000e+00  -1.5273950992e+00  0.0000000000e+00  0.0000000000e+00  -1.9200111588e-01
29.60  1  5.0000000000e+00  0.0000000000e+00  -1.3376264928e+01  0.0000000000e+00  0.0000000000e+00  -1.5364706583e+00  0.0000000000e+00  0.0000000000e+00  -1.7100051156e-01
29.65  1  5.0000000000e+00  0.0000000000e+00  -1.3453293424e+01  0.0000000000e+00  0.0000000000e+00  -1.5444931971e+00  0.0000000000e+00  0.0000000000e+00  -1.4988271204e-01
29.70  1  5.0000000000e+00  0.0000000000e+00  -1.3530696605e+01  0.0000000000e+00  0.0000000000e+00  -1.5514572174e+00  0.0000000000e+00  0.0000000000e+00  -1.2866219039e-01
29.75  1  5.0000000000e+00  0.0000000000e+00  -1.3608421423e+01  0.0000000000e+00  0.0000000000e+00  -1.5573579465e+00  0.0000000000e+00  0.0000000000e+00  -1.0735349010e-01
29.80  1  5.0000000000e+00  0.0000000000e+00  -1.3686414610e+01  0.0000000000e+00  0.0000000000e+00  -1.5621913402e+00  0.0000000000e+00  0.0000000000e+00  -8.5971215092e-02
29.85  1  5.0000000000e+00  0.0000000000e+00  -1.3764622713e+01  0.0000000000e+00  0.0000000000e+00  -1.5659540859e+00  0.0000000000e+00  0.0000000000e+00  -6.4530019708e-02
29.90  1  5.0000000000e+00  0.0000000000e+00  -1.3842992131e+01  0.0000000000e+00  0.0000000000e+00  -1.5686436050e+00  0.0000000000e+00  0.0000000000e+00  -4.3044598673e-02
29.95  1  5.0000000000e+00  0.0000000000e+00  -1.3921469155e+01  0.0000000000e+00  0.0000000000e+00  -1.5702580541e+00  0.0000000000e+00  0.0000000000e+00  -2.1529677019e-02
30.00  1  5.0000000000e+00  0.0000000000e+00  -1.4000000000e+01  0.0000000000e+00  0.0000000000e+00  -1.5707963268e+00  0.0000000000e+00  0.0000000000e+00  -1.9646107499e-15
30.05  1  5.0000000000e+00  0.0000000000e+00  -1.4078530845e+01  0.0000000000e+00  0.0000000000e+00  -1.5702580541e+00  0.0000000000e+00  0.0000000000e+00  2.1529677019e-02
30.10  1  5.0000000000e+00  0.0000000000e+00  -1.4157007869e+01  0.0000000000e+00  0.0000000000e+00  -1.5686436050e+00  0.0000000000e+00  0.0000000000e+00  4.3044598673e-02
30.15  1  5.0000000000e+00  0.0000000000e+00  -1.4235377287e+01  0.0000000000e+00  0.0000000000e+00  -1.5659540859e+00  0.0000000000e+00  0.0000000000e+00  6.4530019708e-02
30.20  1  5.0000000000e+00  0.0000000000e+00  -1.4313585390e+01  0.0000000000e+00  0.0000000000e+00  -1.5621913402e+00  0.0000000000e+00  0.0000000000e+00  8.5971215092e-02
30.25  1  5.0000000000e+00  0.0000000000e+00  -1.4391578577e+01  0.0000000000e+00  0.0000000000e+00  -1.5573579465e+00  0.0000000000e+00  0.0000000000e+00  1.0735349010e-01
30.30  1  5.0000000000e+00  0.0000000000e+00  -1.4469303395e+01  0.0000000000e+00  0.0000000000e+00  -1.5514572174e+00  0.0000000000e+00  0.0000000000e+00  1.2866219039e-01
30.35  1  5.0000000000e+00  0.0000000000e+00  -1.4546706576e+01  0.0000000000e+00  0.0000000000e+00  -1.5444931971e+00  0.0000000000e+00  0.0000000000e+00  1.4988271204e-01
30.40  1  5.0000000000e+00  0.0000000000e+00  -1.4623735072e+01  0.0000000000e+00  0.0000000000e+00  -1.5364706583e+00  0.0000000000e+00  0.0000000000e+00  1.7100051156e-01
30.45  1  5.0000000000e+00  0.0000000000e+00  -1.4700336092e+01  0.0000000000e+00  0.0000000000e+00  -1.5273950992e+00  0.0000000000e+00  0.0000000000e+00  1.9200111588e-01
30.50  1  5.0000000000e+00  0.0000000000e+00  -1.4776457135e+01  0.0000000000e+00  0.0000000000e+00  -1.5172727399e+00  0.0000000000e+00  0.0000000000e+00  2.1287013222e-01
30.55  1  5.0000000000e+00  0.0000000000e+00  -1.4852046034e+01  0.0000000000e+00  0.0000000000e+00  -1.5061105176e+00  0.0000000000e+00  0.0000000000e+00  2.3359325801e-01
30.60  1  5.0000000000e+00  0.0000000000e+00  -1.4927050983e+01  0.0000000000e+00  0.0000000000e+00  -1.4939160824e+00  0.0000000000e+00  0.0000000000e+00  2.5415629064e-01
30.65  1  5.0000000000e+00  0.0000000000e+00  -1.5001420578e+01  0.0000000000e+00  0.0000000000e+00  -1.4806977917e+00  0.0000000000e+00  0.0000000000e+00  2.7454513725e-01
30.70  1  5.0000000000e+00  0.0000000000e+00  -1.5075103849e+01  0.0000000000e+00  0.0000000000e+00  -1.4664647047e+00  0.0000000000e+00  0.0000000000e+00  2.9474582434e-01
30.75  1  5.0000000000e+00  0.0000000000e+00  -1.5148050297e+01  0.0000000000e+00  0.0000000000e+00  -1.4512265761e+00  0.0000000000e+00  0.0000000000e+00  3.1474450736e-01
30.80  1  5.0000000000e+00  0.0000000000e+00  -1.5220209929e+01  0.0000000000e+00  0.0000000000e+00  -1.4349938492e+00  0.0000000000e+00  0.0000000000e+00  3.3452748022e-01
30.85  1  5.0000000000e+00  0.0000000000e+00  -1.5291533290e+01  0.0000000000e+00  0.0000000000e+00  -1.4177776493e+00  0.0000000000e+00  0.0000000000e+00  3.5408118465e-01
30.90  1  5.0000000000e+00  0.0000000000e+00  -1.5361971499e+01  0.0000000000e+00  0.0000000000e+00  -1.3995897753e+00  0.0000000000e+00  0.0000000000e+00  3.7339221952e-01
30.95  1  5.0000000000e+00  0.0000000000e+00  -1.5431476281e+01  0.0000000000e+00  0.0000000000e+00  -1.3804426925e+00  0.0000000000e+00  0.0000000000e+00  3.9244735002e-01
31.00  1  5.0000000000e+00  0.0000000000e+00  -1.5500000000e+01  0.0000000000e+00  0.0000000000e+00  -1.3603495232e+00  0.0000000000e+00  0.0000000000e+00  4.1123351671e-01
31.05  1  5.0000000000e+00  0.0000000000e+00  -1.5567495694e+01  0.0000000000e+00  0.0000000000e+00  -1.3393240382e+00  0.0000000000e+00  0.0000000000e+00  4.2973784449e-01
31.10  1  5.0000000000e+00  0.0000000000e+00  -1.5633917105e+01  0.0000000000e+00  0.0000000000e+00  -1.3173806475e+00  0.0000000000e+00  0.0000000000e+00  4.4794765142e-01
31.15  1  5.0000000000e+00  0.0000000000e+00  -1.5699218711e+01  0.0000000000e+00  0.0000000000e+00  -1.2945343899e+00  0.0000000000e+00  0.0000000000e+00  4.6585045740e-01
31.20  1  5.0000000000e+00  0.0000000000e+00  -1.5763355757e+01  0.0000000000e+00  0.0000000000e+00  -1.2708009231e+00  0.0000000000e+00  0.0000000000e+00  4.8343399274e-01
31.25  1  5.0000000000e+00  0.0000000000e+00  -1.5826284287e+01  0.0000000000e+00  0.0000000000e+00  -1.2461965128e+00  0.0000000000e+00  0.0000000000e+00  5.0068620658e-01
31.30  1  5.0000000000e+00  0.0000000000e+00  -1.5887961173e+01  0.0000000000e+00  0.0000000000e+00  -1.2207380216e+00  0.0000000000e+00  0.0000000000e+00  5.1759527510e-01
31.35  1  5.0000000000e+00  0.0000000000e+00  -1.5948344145e+01  0.0000000000e+00  0.0000000000e+00  -1.1944428976e+00  0.0000000000e+00  0.0000000000e+00  5.3414960967e-01
31.40  1  5.0000000000e+00  0.0000000000e+00  -1.6007391819e+01  0.0000000000e+00  0.0000000000e+00  -1.1673291621e+00  0.0000000000e+00  0.0000000000e+00  5.5033786479e-01
31.45  1  5.0000000000e+00  0.0000000000e+00  -1.6065063727e+01  0.0000000000e+00  0.0000000000e+00  -1.1394153975e+00  0.0000000000e+00  0.0000000000e+00  5.6614894581e-01
31.50  1  5.0000000000e+00  0.0000000000e+00  -1.6121320344e+01  0.0000000000e+00  0.0000000000e+00  -1.1107207345e+00  0.0000000000e+00  0.0000000000e+00  5.8157201664e-01
31.55  1  5.0000000000e+00  0.0000000000e+00  -1.6176123113e+01  0.0000000000e+00  0.0000000000e+00  -1.0812648390e+00  0.0000000000e+00  0.0000000000e+00  5.9659650705e-01
31.60  1  5.0000000000e+00  0.0000000000e+00  -1.6229434476e+01  0.0000000000e+00  0.0000000000e+00  -1.0510678986e+00  0.0000000000e+00  0.0000000000e+00  6.1121212001e-01
31.65  1  5.0000000000e+00  0.0000000000e+00  -1.6281217897e+01  0.0000000000e+00  0.0000000000e+00  -1.0201506088e+00  0.0000000000e+00  0.0000000000e+00  6.2540883873e-01
31.70  1  5.0000000000e+00  0.0000000000e+00  -1.6331437884e+01  0.0000000000e+00  0.0000000000e+00  -9.8853415864e-01  0.0000000000e+00  0.0000000000e+00  6.3917693346e-01
31.75  1  5.0000000000e+00  0.0000000000e+00  -1.6380060021e+01  0.0000000000e+00  0.0000000000e+00  -9.5624021658e-01  0.0000000000e+00  0.0000000000e+00  6.5250696825e-01
31.80  1  5.0000000000e+00  0.0000000000e+00  -1.6427050983e+01  0.0000000000e+00  0.0000000000e+00  -9.2329091525e-01  0.0000000000e+00  0.0000000000e+00  6.6538980735e-01
31.85  1  5.0000000000e+00  0.0000000000e+00  -1.6472378566e+01  0.0000000000e+00  0.0000000000e+00  -8.8970883644e-01  0.0000000000e+00  0.0000000000e+00  6.7781662152e-01
31.90  1  5.0000000000e+00  0.0000000000e+00  -1.6516011704e+01  0.0000000000e+00  0.0000000000e+00  -8.5551699563e-01  0.0000000000e+00  0.0000000000e+00  6.8977889404e-01
31.95  1  5.0000000000e+00  0.0000000000e+00  -1.6557920493e+01  0.0000000000e+00  0.0000000000e+00  -8.2073882621e-01  0.0000000000e+00  0.0000000000e+00  7.0126842655e-01
32.00  1  5.0000000000e+00  0.0000000000e+00  -1.6598076211e+01  0.0000000000e+00  0.0000000000e+00  -7.8539816340e-01  0.0000000000e+00  0.0000000000e+00  7.1227734472e-01
32.05  1  5.0000000000e+00  0.0000000000e+00  -1.6636451338e+01  0.0000000000e+00  0.0000000000e+00  -7.4951922791e-01  0.0000000000e+00  0.0000000000e+00  7.2279810357e-01
32.10  1  5.0000000000e+00  0.0000000000e+00  -1.6673019573e+01  0.0000000000e+00  0.0000000000e+00  -7.1312660939e-01  0.0000000000e+00  0.0000000000e+00  7.3282349271e-01
32.15  1  5.0000000000e+00  0.0000000000e+00  -1.6707755853e+01  0.0000000000e+00  0.0000000000e+00  -6.7624524951e-01  0.0000000000e+00  0.0000000000e+00  7.4234664123e-01
32.20  1  5.0000000000e+00  0.0000000000e+00  -1.6740636373e+01  0.0000000000e+00  0.0000000000e+00  -6.3890042492e-01  0.0000000000e+00  0.0000000000e+00  7.5136102245e-01
32.25  1  5.0000000000e+00  0.0000000000e+00  -1.6771638598e+01  0.0000000000e+00  0.0000000000e+00  -6.0111772988e-01  0.0000000000e+00  0.0000000000e+00  7.5986045835e-01
32.30  1  5.0000000000e+00  0.0000000000e+00  -1.6800741279e+01  0.0000000000e+00  0.0000000000e+00  -5.6292305879e-01  0.0000000000e+00  0.0000000000e+00  7.6783912384e-01
32.35  1  5.0000000000e+00  0.0000000000e+00  -1.6827924473e+01  0.0000000000e+00  0.0000000000e+00  -5.2434258834e-01  0.0000000000e+00  0.0000000000e+00  7.7529155076e-01
32.40  1  5.0000000000e+00  0.0000000000e+00  -1.6853169549e+01  0.0000000000e+00  0.0000000000e+00  -4.8540275968e-01  0.0000000000e+00  0.0000000000e+00  7.8221263158e-01
32.45  1  5.0000000000e+00  0.0000000000e+00  -1.6876459205e+01  0.0000000000e+00  0.0000000000e+00  -4.4613026021e-01  0.0000000000e+00  0.0000000000e+00  7.8859762293e-01
32.50  1  5.0000000000e+00  0.0000000000e+00  -1.6897777479e+01  0.0000000000e+00  0.0000000000e+00  -4.0655200535e-01  0.0000000000e+00  0.0000000000e+00  7.9444214886e-01
32.55  1  5.0000000000e+00  0.0000000000e+00  -1.6917109761e+01  0.0000000000e+00  0.0000000000e+00  -3.6669512005e-01  0.0000000000e+00  0.0000000000e+00  7.9974220382e-01
32.60  1  5.0000000000e+00  0.0000000000e+00  -1.6934442802e+01  0.0000000000e+00  0.0000000000e+00  -3.2658692023e-01  0.0000000000e+00  0.0000000000e+00  8.0449415543e-01
32.65  1  5.0000000000e+00  0.0000000000e+00  -1.6949764723e+01  0.0000000000e+00  0.0000000000e+00  -2.8625489405e-01  0.0000000000e+00  0.0000000000e+00  8.0869474692e-01
32.70  1  5.0000000000e+00  0.0000000000e+00  -1.6963065022e+01  0.0000000000e+00  0.0000000000e+00  -2.4572668307e-01  0.0000000000e+00  0.0000000000e+00  8.1234109944e-01
32.75  1  5.0000000000e+00  0.0000000000e+00  -1.6974334584e+01  0.0000000000e+00  0.0000000000e+00  -2.0503006329e-01  0.0000000000e+00  0.0000000000e+00  8.1543071394e-01
32.80  1  5.0000000000e+00  0.0000000000e+00  -1.6983565686e+01  0.0000000000e+00  0.0000000000e+00  -1.6419292615e-01  0.0000000000e+00  0.0000000000e+00  8.1796147296e-01
32.85  1  5.0000000000e+00  0.0000000000e+00  -1.6990752001e+01  0.0000000000e+00  0.0000000000e+00  -1.2324325937e-01  0.0000000000e+00  0.0000000000e+00  8.1993164204e-01
32.90  1  5.0000000000e+00  0.0000000000e+00  -1.6995888604e+01  0.0000000000e+00  0.0000000000e+00  -8.2209127826e-02  0.0000000000e+00  0.0000000000e+00  8.2133987094e-01
32.95  1  5.0000000000e+00  0.0000000000e+00  -1.6998971975e+01  0.0000000000e+00  0.0000000000e+00  -4.1118654249e-02  0.0000000000e+00  0.0000000000e+00  8.2218519451e-01
33.00  1  5.0000000000e+00  0.0000000000e+00  -1.7000000000e+01  0.0000000000e+00  0.0000000000e+00  -3.8483136800e-15  0.0000000000e+00  0.0000000000e+00  8.2246703342e-01
33.05  1  5.0000000000e+00  0.0000000000e+00  -1.6998971975e+01  0.0000000000e+00  0.0000000000e+00  4.1118654249e-02  0.0000000000e+00  0.0000000000e+00  8.2218519451e-01
33.10  1  5.0000000000e+00  0.0000000000e+00  -1.6995888604e+01  0.0000000000e+00  0.0000000000e+00  8.2209127826e-02  0.0000000000e+00  0.0000000000e+00  8.2133987094e-01
33.15  1  5.0000000000e+00  0.0000000000e+00  -1.6990752001e+01  0.0000000000e+00  0.0000000000e+00  1.2324325937e-01  0.0000000000e+00  0.0000000000e+00  8.1993164204e-01
33.20  1  5.0000000000e+00  0.0000000000e+00  -1.6983565686e+01  0.0000000000e+00  0.0000000000e+00  1.6419292615e-01  0.0000000000e+00  0.0000000000e+00  8.1796147296e-01
33.25  1  5.0000000000e+00  0.0000000000e+00  -1.6974334584e+01  0.0000000000e+00  0.0000000000e+00  2.0503006329e-01  0.0000000000e+00  0.0000000000e+00  8.1543071394e-01
33.30  1  5.0000000000e+00  0.0000000000e+00  -1.6963065022e+01  0.0000000000e+00  0.0000000000e+00  2.4572668307e-01  0.0000000000e+00  0.0000000000e+00  8.1234109944e-01
33.35  1  5.0000000000e+00  0.0000000000e+00  -1.6949764723e+01  0.0000000000e+00  0.0000000000e+00  2.8625489405e-01  0.0000000000e+00  0.0000000000e+00  8.0869474692e-01
33.40  1  5.0000000000e+00  0.0000000000e+00  -1.6934442802e+01  0.0000000000e+00  0.0000000000e+00  3.2658692023e-01  0.0000000000e+00  0.0000000000e+00  8.0449415543e-01
33.45  1  5.0000000000e+00  0.0000000000e+00  -1.6917109761e+01  0.0000000000e+00  0.0000000000e+00  3.6669512005e-01  0.0000000000e+00  0.0000000000e+00  7.9974220382e-01
33.50  1  5.0000000000e+00  0.0000000000e+00  -1.6897777479e+01  0.0000000000e+00  0.0000000000e+00  4.0655200535e-01  0.0000000000e+00  0.0000000000e+00  7.9444214886e-01
33.55  1  5.0000000000e+00  0.0000000000e+00  -1.6876459205e+01  0.0000000000e+00  0.0000000000e+00  4.4613026021e-01  0.0000000000e+00  0.0000000000e+00  7.8859762293e-01
33.60  1  5.0000000000e+00  0.0000000000e+00  -1.6853169549e+01  0.0000000000e+00  0.0000000000e+00  4.8540275968e-01  0.0000000000e+00  0.0000000000e+00  7.8221263158e-01
33.65  1  5.0000000000e+00  0.0000000000e+00  -1.6827924473e+01  0.0000000000e+00  0.0000000000e+00  5.2434258834e-01  0.0000000000e+00  0.0000000000e+00  7.7529155076e-01
33.70  1  5.0000000000e+00  0.0000000000e+00  -1.6800741279e+01  0.0000000000e+00  0.0000000000e+00  5.6292305879e-01  0.0000000000e+00  0.0000000000e+00  7.6783912384e-01
33.75  1  5.0000000000e+00  0.0000000000e+00  -1.6771638598e+01  0.0000000000e+00  0.0000000000e+00  6.0111772988e-01  0.0000000000e+00  0.0000000000e+00  7.5986045835e-01
33.80  1  5.0000000000e+00  0.0000000000e+00  -1.6740636373e+01  0.0000000000e+00  0.0000000000e+00  6.3890042492e-01  0.0000000000e+00  0.0000000000e+00  7.5136102245e-01
33.85  1  5.0000000000e+00  0.0000000000e+00  -1.6707755853e+01  0.0000000000e+00  0.0000000000e+00  6.7624524951e-01  0.0000000000e+00  0.0000000000e+00  7.4234664123e-01
33.90  1  5.0000000000e+00  0.0000000000e+00  -1.6673019573e+01  0.0000000000e+00  0.0000000000e+00  7.1312660939e-01  0.0000000000e+00  0.0000000000e+00  7.3282349271e-01
33.95  1  5.0000000000e+00  0.0000000000e+00  -1.6636451338e+01  0.0000000000e+00  0.0000000000e+00  7.4951922791e-01  0.0000000000e+00  0.0000000000e+00  7.2279810357e-01
34.00  1  5.0000000000e+00  0.0000000000e+00  -1.6598076211e+01  0.0000000000e+00  0.0000000000e+00  7.8539816340e-01  0.0000000000e+00  0.0000000000e+00  7.1227734472e-01
34.05  1  5.0000000000e+00  0.0000000000e+00  -1.6557920493e+01  0.0000000000e+00  0.0000000000e+00  8.2073882621e-01  0.0000000000e+00  0.0000000000e+00  7.0126842655e-01
34.10  1  5.0000000000e+00  0.0000000000e+00  -1.6516011704e+01  0.0000000000e+00  0.0000000000e+00  8.5551699563e-01  0.0000000000e+00  0.0000000000e+00  6.8977889404e-01
34.15  1  5.0000000000e+00  0.0000000000e+00  -1.6472378566e+01  0.0000000000e+00  0.0000000000e+00  8.8970883644e-01  0.0000000000e+00  0.0000000000e+00  6.7781662152e-01
34.20  1  5.0000000000e+00  0.0000000000e+00  -1.6427050983e+01  0.0000000000e+00  0.0000000000e+00  9.2329091525e-01  0.0000000000e+00  0.0000000000e+00  6.6538980735e-01
34.25  1  5.0000000000e+00  0.0000000000e+00  -1.6380060021e+01  0.0000000000e+00  0.0000000000e+00  9.5624021658e-01  0.0000000000e+00  0.0000000000e+00  6.5250696825e-01
34.30  1  5.0000000000e+00  0.0000000000e+00  -1.6331437884e+01  0.0000000000e+00  0.0000000000e+00  9.8853415864e-01  0.0000000000e+00  0.0000000000e+00  6.3917693346e-01
34.35  1  5.0000000000e+00  0.0000000000e+00  -1.6281217897e+01  0.0000000000e+00  0.0000000000e+00  1.0201506088e+00  0.0000000000e+00  0.0000000000e+00  6.2540883873e-01
34.40  1  5.0000000000e+00  0.0000000000e+00  -1.6229434476e+01  0.0000000000e+00  0.0000000000e+00  1.0510678986e+00  0.0000000000e+00  0.0000000000e+00  6.1121212001e-01
34.45  1  5.0000000000e+00  0.0000000000e+00  -1.6176123113e+01  0.0000000000e+00  0.0000000000e+00  1.0812648390e+00  0.0000000000e+00  0.0000000000e+00  5.9659650705e-01
34.50  1  5.0000000000e+00  0.0000000000e+00  -1.6121320344e+01  0.0000000000e+00  0.0000000000e+00  1.1107207345e+00  0.0000000000e+00  0.0000000000e+00  5.8157201664e-01
34.55  1  5.0000000000e+00  0.0000000000e+00  -1.6065063727e+01  0.0000000000e+00  0.0000000000e+00  1.1394153975e+00  0.0000000000e+00  0.0000000000e+00  5.6614894581e-01
34.60  1  5.0000000000e+00  0.0000000000e+00  -1.6007391819e+01  0.0000000000e+00  0.0000000000e+00  1.1673291621e+00  0.0000000000e+00  0.0000000000e+00  5.5033786479e-01
34.65  1  5.0000000000e+00  0.0000000000e+00  -1.5948344145e+01  0.0000000000e+00  0.0000000000e+00  1.1944428976e+00  0.0000000000e+00  0.0000000000e+00  5.3414960967e-01
34.70  1  5.0000000000e+00  0.0000000000e+00  -1.5887961173e+01  0.0000000000e+00  0.0000000000e+00  1.2207380216e+00  0.0000000000e+00  0.0000000000e+00  5.1759527510e-01
34.75  1  5.0000000000e+00  0.0000000000e+00  -1.5826284287e+01  0.0000000000e+00  0.0000000000e+00  1.2461965128e+00  0.0000000000e+00  0.0000000000e+00  5.0068620658e-01
34.80  1  5.0000000000e+00  0.0000000000e+00  -1.5763355757e+01  0.0000000000e+00  0.0000000000e+00  1.2708009231e+00  0.0000000000e+00  0.0000000000e+00  4.8343399274e-01
34.85  1  5.0000000000e+00  0.0000000000e+00  -1.5699218711e+01  0.0000000000e+00  0.0000000000e+00  1.2945343899e+00  0.0000000000e+00  0.0000000000e+00  4.6585045740e-01
34.90  1  5.0000000000e+00  0.0000000000e+00  -1.5633917105e+01  0.0000000000e+00  0.0000000000e+00  1.3173806475e+00  0.0000000000e+00  0.0000000000e+00  4.4794765142e-01
34.95  1  5.0000000000e+00  0.0000000000e+00  -1.5567495694e+01  0.0000000000e+00  0.0000000000e+00  1.3393240382e+00  0.0000000000e+00  0.0000000000e+00  4.2973784449e-01
35.00  1  5.0000000000e+00  0.0000000000e+00  -1.5500000000e+01  0.0000000000e+00  0.0000000000e+00  1.3603495232e+00  0.0000000000e+00  0.0000000000e+00  4.1123351671e-01
35.05  1  5.0000000000e+00  0.0000000000e+00  -1.5431476281e+01  0.0000000000e+00  0.0000000000e+00  1.3804426925e+00  0.0000000000e+00  0.0000000000e+00  3.9244735002e-01
35.10  1  5.0000000000e+00  0.0000000000e+00  -1.5361971499e+01  0.0000000000e+00  0.0000000000e+00  1.3995897753e+00  0.0000000000e+00  0.0000000000e+00  3.7339221952e-01
35.15  1  5.0000000000e+00  0.0000000000e+00  -1.5291533290e+01  0.0000000000e+00  0.0000000000e+00  1.4177776493e+00  0.0000000000e+00  0.0000000000e+00  3.5408118465e-01
35.20  1  5.0000000000e+00  0.0000000000e+00  -1.5220209929e+01  0.0000000000e+00  0.0000000000e+00  1.4349938492e+00  0.0000000000e+00  0.0000000000e+00  3.3452748022e-01
35.25  1  5.0000000000e+00  0.0000000000e+00  -1.5148050297e+01  0.0000000000e+00  0.0000000000e+00  1.4512265761e+00  0.0000000000e+00  0.0000000000e+00  3.1474450736e-01
35.30  1  5.0000000000e+00  0.0000000000e+00  -1.5075103849e+01  0.0000000000e+00  0.0000000000e+00  1.4664647047e+00  0.0000000000e+00  0.0000000000e+00  2.9474582434e-01
35.35  1  5.0000000000e+00  0.0000000000e+00  -1.5001420578e+01  0.0000000000e+00  0.0000000000e+00  1.4806977917e+00  0.0000000000e+00  0.0000000000e+00  2.7454513725e-01
35.40  1  5.0000000000e+00  0.0000000000e+00  -1.4927050983e+01  0.0000000000e+00  0.0000000000e+00  1.4939160824e+00  0.0000000000e+00  0.0000000000e+00  2.5415629064e-01
35.45  1  5.0000000000e+00  0.0000000000e+00  -1.4852046034e+01  0.0000000000e+00  0.0000000000e+00  1.5061105176e+00  0.0000000000e+00  0.0000000000e+00  2.3359325801e-01
35.50  1  5.0000000000e+00  0.0000000000e+00  -1.4776457135e+01  0.0000000000e+00  0.0000000000e+00  1.5172727399e+00  0.0000000000e+00  0.0000000000e+00  2.1287013222e-01
35.55  1  5.0000000000e+00  0.0000000000e+00  -1.4700336092e+01  0.0000000000e+00  0.0000000000e+00  1.5273950992e+00  0.0000000000e+00  0.0000000000e+00  1.9200111588e-01
35.60  1  5.0000000000e+00  0.0000000000e+00  -1.4623735072e+01  0.0000000000e+00  0.0000000000e+00  1.5364706583e+00  0.0000000000e+00  0.0000000000e+00  1.7100051156e-01
35.65  1  5.0000000000e+00  0.0000000000e+00  -1.4546706576e+01  0.0000000000e+00  0.0000000000e+00  1.5444931971e+00  0.0000000000e+00  0.0000000000e+00  1.4988271204e-01
35.70  1  5.0000000000e+00  0.0000000000e+00  -1.4469303395e+01  0.0000000000e+00  0.0000000000e+00  1.5514572174e+00  0.0000000000e+00  0.0000000000e+00  1.2866219039e-01
35.75  1  5.0000000000e+00  0.0000000000e+00  -1.4391578577e+01  0.0000000000e+00  0.0000000000e+00  1.5573579465e+00  0.0000000000e+00  0.0000000000e+00  1.0735349010e-01
35.80  1  5.0000000000e+00  0.0000000000e+00  -1.4313585390e+01  0.0000000000e+00  0.0000000000e+00  1.5621913402e+00  0.0000000000e+00  0.0000000000e+00  8.5971215092e-02
35.85  1  5.0000000000e+00  0.0000000000e+00  -1.4235377287e+01  0.0000000000e+00  0.0000000000e+00  1.5659540859e+00  0.0000000000e+00  0.0000000000e+00  6.4530019708e-02
35.90  1  5.0000000000e+00  0.0000000000e+00  -1.4157007869e+01  0.0000000000e+00  0.0000000000e+00  1.5686436050e+00  0.0000000000e+00  0.0000000000e+00  4.3044598673e-02
35.95  1  5.0000000000e+00  0.0000000000e+00  -1.4078530845e+01  0.0000000000e+00  0.0000000000e+00  1.5702580541e+00  0.0000000000e+00  0.0000000000e+00  2.1529677019e-02
36.00  1  5.0000000000e+00  0.0000000000e+00  -1.4000000000e+01  0.0000000000e+00  0.0000000000e+00  1.5707963268e+00  0.0000000000e+00  0.0000000000e+00  6.0433897193e-16
